0.0000000000
456821.0106666666
782341.6933333334
819388.9609544468
850747.9741267788
897212.4864165589
1765604.2017353580
2467391.3829236738
2467305.7331887200
2474251.4339019191
2478853.4902386116
2470579.8351409980
2479162.0780911064
2441196.9156626505
2443216.7668393780
2860245.4507772019
3021922.1540130153
3049432.9674267103
3124707.8208469055
3171400.4834905663
3804831.7852494577
3643322.4121475052
3024727.1995661603
3170070.2147505423
3096247.0086767897
3098452.2733188719
3436180.6863207547
4012185.7765726680
4533737.5070754718
4543921.3183962265
4588533.3820754718
4190876.1735357917
4348748.2234273320
4338225.7852494577
4731703.5212264154
4203844.8655097615
4213194.9652928412
4283981.4811320752
4275780.1933962265
4276063.1549053360
4408623.2547332188
4469337.1015490536
4696700.9500860581
4695205.0774526680
4764435.7211703956
5252031.7114967462
5383744.2668112796
5388488.6787564764
5544455.1502590673
5734761.8393782387
5940877.6793893129
6307367.2176165804
6326566.2072538864
6321399.8893709332
6505692.6290672449
6459023.1691973973
6499907.2650602413
6741081.2040133784
6747905.6172638433
6835772.4503816795
7183676.1824104236
6802786.6449511405
6602993.3282442745
7173933.2931596087
7734703.4592833873
6976620.2976588625
7107321.9464882948
7128406.9163879603
7298751.3545150505
7307527.5748373102
6838039.8275488066
6827772.6420824295
6835167.9619631898
6423018.1041214755
6144835.8687116569
6187345.1987730060
6194996.0412147501
6240974.1355748372
6352599.8470715834
6780970.1984815616
6809017.2939262474
7178323.4370932756
7456648.7190889372
7449046.6702819960
8187895.1052060742
8275888.1361963190
8921744.8552147243
9347115.8279569894
9427459.2580645159
9450579.9359605908
9330183.7496443819
9401413.0725462306
9691918.6330014225
9804670.0809128638
10681142.2176386919
10551371.5433854908
10624937.7994310092
10774269.9075391181
10815805.8776671402
10813138.6827880517
10813317.7569060773
11221888.1307550650
11320662.5488029458
11375836.5348506402
11406993.3513513505
11408558.5263157897
11717539.3897581790
11775988.4466571826
11916929.5138121545
12924116.9729729723
13147746.4907539114
13066131.0697012804
13833372.8895027619
13850407.4987341780
13685452.5012658220
13747192.8860759493
14149151.4253164548
14455690.7384898718
14475996.0949367080
14777185.8360957634
14009168.0284495018
14014036.9829302989
14795512.4193548393
15077027.1607396863
15518932.0000000000
16139477.0597439539
16200629.9046941679
16335358.8790896162
16381330.9032258056
15992123.0327169280
16598626.0000000000
17064819.1613976695
17070776.4825291187
17036938.5457570702
17928495.6009852216
17790392.7341269851
17676277.5411042944
17911329.5656441711
17956464.0134969316
18049033.9202453978
18760517.5595092028
18680541.7693251520
18888170.1533101052
19217507.7491289191
19292151.1080139391
19440705.4024539888
20235670.9828220867
20249405.4674846642
20252399.8723926395
20791538.5092024542
21148217.4285714291
21301175.3253731355
21285673.1014925390
21176853.3044776134
21837990.6020066887
21838349.8483709283
21677887.1541353390
21901299.4348370917
21194468.4348370917
21257964.3946488276
21967346.8160535134
22016546.2943143807
22092447.5183946490
22095055.1739130430
22197263.5358255468
22526437.9626168236
22371326.5264797509
22554515.1900311522
22002898.2866043597
22211784.7483731024
22374985.9345794395
22218289.4815618210
22310474.1822125800
22342330.1757049896
22982212.5596529283
23071814.9197396971
23105573.8438177891
23123237.2321041226
22344176.7788162008
22176174.4672897197
22226444.4953271039
22947889.6853582561
22936724.5202492215
23109032.0934579447
23670988.2242990658
23086453.8753894083
23033741.4641744532
23006871.0685358271
23022241.5638629273
23260199.2087227404
23375783.3275488056
23829916.4707158357
23822009.6377440356
24346584.9096573219
24513874.3582554534
24561590.1401869170
24812070.3271028027
24830477.6230529584
24756415.7190635465
24184635.7102803737
24030995.1744548269
24410519.8130841106
24412465.7445482872
24953021.8503253795
24909870.1149674617
24050184.7383821011
24039814.7297762483
23840959.9776247852
24029890.2736660913
24163967.4819277115
24108876.7297762483
24407894.8709122203
24054972.6290672459
24864257.6760124601
25301935.5770065077
25316324.8785249442
26150343.8221258149
26060741.4620390460
26584170.6760124601
26636461.5109034255
26169225.5638629273
26478113.4579439238
26530004.9875389412
26856771.5420560762
27247926.9439252354
27382020.1152647957
27733979.3779264204
27812812.4648829438
27884192.3511705697
27952801.1003344469
28200251.4983277582
27508965.5576323979
27488879.2647975087
27829846.4949832782
27831508.2541806027
28027826.2461059205
28203736.6573208719
28224608.5420560762
28438496.8695652187
28709734.8458646610
28955755.3709273189
28994437.2355889715
29455561.1553884707
29452691.3471177928
29570005.6127819531
29708854.6491228081
30538560.7625418045
31030772.2117794491
31053719.0050125308
31476832.1353383474
31493056.9398496225
31570596.0689223073
31412347.2280701771
31540127.4699248113
32307546.6441102773
32138557.1516290717
32142275.9373433590
31977739.7581453621
31848941.1441102773
31934870.6741854623
31727861.2167919800
31740966.2092731819
31603037.6117103249
31621726.0488721803
32132104.4915254228
32542773.2326656394
32312543.9075500779
32534776.6533127874
32314381.4197994992
32337092.3233082704
32212739.7042606510
32432405.1817042604
32410010.9553158693
32780083.7334360555
33233205.7473035455
33245793.0169491507
33305469.0651629083
33653464.6979969218
33683474.9090909064
34210432.0100250617
34172242.6015037596
34183026.8333333358
34517423.2631578967
34510031.2794486210
34927496.3295739368
35723017.0914786980
35827810.0463659167
35993179.9360902235
36171079.8859649152
36850115.6220735759
36853746.1371237487
36881504.1237458214
37043006.0735785961
37729753.3245614022
37928323.5000000000
38045492.2781954855
38129498.6954887211
38137738.8696741834
38300063.6090225577
38072798.2773497701
38210594.1804511249
38140441.6428571418
38352310.2656641603
38585397.7631578967
38727918.0776942372
38972999.8922305778
39087653.6220735759
39191971.0367892981
39753841.5321637392
39191971.0367892981
39578017.3107769415
39494953.5551839471
39524318.4782608673
39533977.7953216359
39629742.3143812716
39639191.5754716992
39307172.7924528271
39712433.0409356728
39821154.2830188647
40153377.3679245263
40024337.6132075489
40016995.3773584887
40139530.0000000000
39886053.9528301880
39920044.8113207519
39898728.5188679248
40034065.6622222215
40207792.0755555555
40847184.8018867895
41271487.1320754737
41518624.1415094361
41094080.5422222242
41199897.2400000021
41291595.0311111137
41507641.6698113233
41526150.0566037744
41579480.5188679248
41221454.4933333322
41231989.3113207519
41200210.3113207519
41649757.5471698120
42236073.2675585300
42250608.1872909665
42640931.2169811353
42711604.5351170599
42712606.2680412382
43497380.3918128684
44275140.7814432979
44285159.2577319592
44546014.2508361191
44581406.7023411393
44609104.0100250617
45049492.0225563943
45521658.4536340833
44722903.0909090936
44733185.6060606092
45084497.4486215562
45071392.4561403543
45168427.6453634053
45205793.0334448144
44873513.2443609014
45346285.5563909784
45669401.3939393908
45847944.7878787890
45580941.9761904776
45954106.9649122804
46406708.6060606092
46435358.4260651618
46875806.3066255748
47743972.3651771992
48419943.4716599211
48420462.1801619455
48824744.0121457502
49115232.2914979756
48658745.5654853657
48826599.6379044652
48838267.3502024263
48781032.8659476116
49308278.1212121248
49355990.0909090936
50038993.5350877196
50041216.0551378429
50559029.5125313252
50705637.2568922341
50129484.3696741834
50723496.0426065177
50748732.4373433590
50732507.6328320801
50743206.1290726811
51043682.9561403543
51158845.7067669183
51512527.4122807011
51529735.1453634053
51345015.7290969864
51343019.7558528408
51401111.7491638809
51461597.4695863724
51328384.0158150867
51337141.2165450156
51719490.1496350393
51985687.8381995112
52190028.9318734780
52474892.5819398016
52668970.4306569323
52732891.3600973263
53242656.4882943109
53078257.3578595296
53449656.6321070269
53556680.9732441455
53576520.7926421389
53836823.1872909665
54255589.9172749370
54125819.3503649607
53418460.1036789268
53368625.8127090335
53008417.9598662183
53033884.9264214039
53259097.0133779272
53624994.6000000015
53506692.2508361191
53542065.7000000030
54146281.6491228044
54315169.2727272734
54328587.3939393908
54646737.0261941478
54650174.4637904465
55256343.2268170416
55484230.0701754391
55516182.4774436057
56325997.6616541371
56456677.9035087749
56556207.1102756858
56503774.3999999985
56721657.3884711787
56704449.6553884745
56883711.8609022573
56937450.5864661634
56724046.6132511571
57107953.4191063195
57596584.8181818202
58040195.6471494585
58115561.0739599392
58235879.5747303516
58373607.0303030312
58469172.6992481202
58483717.7468671650
58602655.7456140369
58972222.9974937364
59001210.7556390986
58667242.5200501233
58910574.9035087749
58987888.4611528814
59076657.5986622050
59245017.4774436057
59277235.0764411017
59296981.7268170416
58879976.3712374568
58707001.4782608673
59032286.8771289513
59046292.1472019479
58796458.1678832099
58877889.9230769202
59400145.0802919716
59852440.8479318768
59366113.3587628901
59498117.8412371129
59825110.9056603760
59915180.8301886767
60117837.1132075489
60107538.9245283008
60285031.5849056616
60490135.5660377368
60617691.8975000009
61084662.4257748798
61503681.7449999973
61613739.4029363766
61803885.8776508942
61906024.3784665614
62186305.4678260833
62440860.2920065224
62388522.4665579125
62674993.8743882552
62887334.0929853171
63278507.6035889089
63568010.9513043463
63620339.4504347816
63722733.0817391276
63861455.6156521738
63898309.0799999982
63491828.6729222536
63500779.1662198380
63769817.5399999991
63295504.5415549576
63343114.4798927605
63353748.4530831128
63194078.6648793593
63838440.2313043475
63938057.4600000009
64223505.1547826082
64806082.6504347846
64690088.8191304356
64760401.9234782606
64568483.1300000027
64932347.1113043502
65595897.3491027728
65644032.0750407800
66125761.3026086986
66624609.6099999994
66658016.6208695620
66441741.3443478271
66530008.7739130408
66408158.9773913026
66281015.6973913014
66551691.9982608706
65964726.9947826117
66481471.8433931470
66607539.6427406222
67245284.9151712954
67275373.6099999994
67633999.1675000042
67672469.1239804178
67562821.4925000072
67566538.8375000060
67545418.7999999970
67714566.0652528554
67351765.2000000030
67365606.8207547218
67911884.6698113233
67930971.1981132030
67421248.9622641504
67793389.5059588253
67002893.3301886767
67004000.7830188647
67077449.8396226391
67187434.5094339550
67292776.8873239458
68172031.7681473494
68193756.3867822289
68397167.2665222138
68816038.6489707530
68857918.4431202561
69136993.7432285994
69352098.9718309790
69266561.4528301954
69458880.5005417168
69616220.1310942620
70316442.7358490527
70383157.8602383584
70689905.8797399849
71177973.4528301954
71630420.4994582832
72069539.2730227560
71943339.3185265511
71418761.1960996687
71047916.2134344578
71300664.0325027108
71819191.1267605573
72068171.4062838554
71985166.6728060693
72367954.4929577410
72403552.6143011898
73054661.8654970825
73331858.3932827711
73687095.8017334789
74026714.2318526506
74062481.7984832078
74420609.9891657680
74680423.3391812891
74684278.0292397588
74817772.6842105240
75200967.0996749699
75211467.0162513554
75949682.1461988240
75860338.9113402069
75785890.2000000030
76586444.2810218930
77156043.9340206236
77187360.6021897793
77105033.1459853947
77113882.5109489113
77004957.9270073026
77405023.9136252999
77234750.8722627759
77326572.6557177603
77372007.0391752571
77596831.3257731944
77897377.5395449549
77890192.2268041223
78734893.5698808283
78617749.5525460392
79215056.6240520030
79237978.9766081870
79291582.1083423644
79184404.2659793794
79171690.2474226803
79609555.3722627759
79696045.4671532810
79703772.8783455044
79906651.9440389276
79931407.0802919716
80022093.8061855733
80316271.2597938180
80475003.4927007258
80711431.3783455044
80821619.9670103043
81254920.0279805362
81306842.0158150792
81097555.2408026755
81268456.1438127160
81620936.5985401422
82186573.5819398016
81981297.6153846085
82907884.8272506148
82331128.2976588607
82549126.3311036825
82999053.5986622125
83316258.4219554067
83294022.7581475079
83757388.5263157934
84263366.1578044593
84428932.7581475079
84430580.2075471729
84462893.8096054941
84481619.7615780383
84584777.0735785961
85118572.3678929806
85306891.6459853947
85387728.3284671605
85484024.3990267664
85474797.8783455044
85250599.1508515775
85879304.3856447637
85927348.8978102207
85810403.0644768924
85606667.7859531790
85103908.2274247557
85936354.5471698046
85107181.7644110322
84725716.8799313903
84996762.6174957156
85115210.9708404839
85307111.4253859371
85268811.1423670650
85328798.4236706644
85355498.2441471517
85570126.5919732451
85712130.8833619207
86557239.6672384292
86844482.4373928010
86761384.7495711893
86816734.5350877196
86859385.5426065177
87074870.5538847148
87351879.1015037596
87451909.9937343299
87687359.7080200464
87584439.6027568877
87585800.7058823556
87214258.8128342181
87791401.8737864047
88007406.8505392969
88824333.1556240320
88812212.0200308114
89342741.4946070910
89381184.4563106745
89391930.6149732620
89614950.1262135953
89071670.0374331623
88682674.2621359229
88823125.3009708673
88859834.6486902982
89618722.4283513129
89796263.5254237354
89958917.5285053998
90126739.4314329773
90369689.2681047767
90473516.9198767394
90561139.0231124759
90525370.6310679615
90511043.7281553447
90508686.7184465975
90511600.7864077687
90276340.9198767394
90052354.8690292686
90130369.9260400683
90396326.1538461596
90984513.4838212579
91023498.0462249666
91603733.9815100133
91630370.7333333343
91803346.3127889037
91882923.1230769157
91065639.4621513933
91075400.2071713209
91196725.6653386503
91281710.0182186216
91606594.5161943287
91622275.2368421108
91700434.1882591099
91727172.1235059798
91781036.1801619381
92620384.1713147461
92404620.0796812773
92757186.6294820756
92782984.4661354572
92443020.5458167344
92321695.0876494050
92398729.9641025662
92388074.6769230813
92381585.7641025633
92774170.7519260347
93251776.3975346684
93470098.1494607031
93248160.7519260347
93471361.7349768877
93326395.3435897380
93821068.0770415962
93843351.2717948705
94003783.7282051295
94023846.8205128163
94182591.3641025573
94205324.0666666627
94237928.0597609580
94824926.1076923013
94686969.4205128253
93928765.9876733422
93760944.0847457647
93969041.5639445335
94641234.2358974367
94638410.2666666657
94678218.2410256416
94679325.6461538523
95552646.9953775108
95851448.7519260347
96276219.2650231123
96429224.9938366711
96652461.3282051235
96692714.9076923132
96967357.4530046284
96927750.0939907581
97439590.0893682539
97561907.2650231123
97666179.9333333373
97803519.2461538464
97812173.6461538523
97864096.1155378520
98490294.5976095647
98451482.6294820756
98739081.0202429146
98933967.2908366472
99725415.8380566835
99757243.9514169991
100257513.1115537882
100345202.7165991962
100421901.4716599137
100531307.6194331944
100557834.4149797559
100448295.2589641362
100945889.0546558648
101456883.7348178178
101592920.3016194403
101726041.5000000000
101776976.8886639625
102438368.4462151378
102833447.4741035849
102857547.7051792890
103039153.2908366472
103330988.8286852539
103337358.5139442235
103380544.8366533816
103303500.9322709143
103009604.3864541799
103113333.2788844556
103207748.6615384668
103215893.8923076987
102762107.3528505415
102889073.6156941652
103096547.6332819760
103152023.2773497701
103439269.8256410211
103507265.0564102530
103398303.0438247025
103525122.6613545865
103807861.0364372432
103797114.0445344150
103939323.4103585631
104659343.0318725109
104766733.2430278957
105469500.5019920319
105451264.5577689260
105810799.0398406386
106078368.5378486067
106182766.6095617563
106370698.9089068770
106563872.3187250942
106676307.8087649345
106844159.2509960085
106944594.2948207110
107423031.4820512831
107284691.6256410331
107244883.6512820572
107905640.9760956168
107333385.8286852539
107129572.9794871807
107524485.8964143395
107738158.2111553848
107955807.2974358946
108418383.3543913662
108718242.0154083222
108846710.4607087821
109591595.9282051325
109607403.1948717982
109576165.4205128253
109593783.9553158730
109939409.5384615362
110874843.6070878208
110923010.8358974308
111343944.4564102590
110985038.7370517999
111082864.3107569665
110989763.0931174159
110571637.2749003917
110684939.4736842066
111688510.0239043832
111415291.1437246948
111660699.0278884470
111842736.6494023949
112330756.4980079681
112383603.4103585631
111982195.5809716582
112742350.7024291456
112332180.4878542572
112093223.5976095647
112519818.9681274891
112472161.8446215093
112515008.6454183310
112820046.2820512801
112984672.0512820482
113082986.2280431390
113474135.4666666687
113346323.5408320427
113361188.5346687138
113579442.4329738021
113833591.8153846115
113867196.8410256356
113919080.4262948185
113935352.4780876487
114217632.4621513933
114718547.9442231059
114739067.9322709143
114693734.7051792890
114775041.4307692349
115370917.2788844556
115236839.7649402320
115129740.9128205180
115208711.0847457647
116043330.9589743614
115567910.0677290857
115589974.4541832656
115624891.6852589697
115410696.7591093183
115760519.1513944268
116270403.2935222685
116978977.0850202441
117189125.3866396695
116467534.6052631587
116036723.6417004019
116466068.7914979756
116626315.7591093183
117393529.7449392676
117976943.5323886573
118412424.2358490527
118460469.7502917200
118365274.6592765450
118337176.9078179747
118291940.0636792481
118573248.2617924511
118956724.0971659869
119017232.3279352188
119233442.0951416939
118608845.3825910985
119200576.0364372432
118988830.6032388657
119151060.5283400863
118800282.6933962256
118212436.9514169991
117902465.9493927062
117930089.3461538404
118433471.9635627568
118691816.1457489878
119231338.4433198422
119951761.4149797559
120451455.2064777315
120468259.9757084996
120811707.1578947306
121059616.6497975737
121765739.3319838047
121863540.2591093183
121948605.2995951474
122113652.9757084996
122234463.6680161953
122012797.3603238910
121584703.5688259155
121485443.8018867970
121851087.1012145728
122646678.6801619381
122517056.5263157934
122677527.3218623549
122856439.5856573731
123241769.1578947306
122856035.1912350655
123008272.3117408901
122687356.1700404882
122652106.1983805597
122928361.7388664037
123190768.8056680113
122694517.3107569665
122140800.6693227142
122493024.2629482001
122933389.2908366472
122955946.9601593614
123089811.5019920319
123387421.1155378520
123596543.5896414369
123801069.8481781334
123824397.6963562816
124058976.0971659869
124497882.1113360375
123730543.4302788824
124201131.3266932219
124389487.7450199276
124312495.9561752975
124316239.2589641362
124775715.7609561682
124751615.5298804790
124262415.0512820482
123485665.0523882955
123812019.9384615421
124387843.1124807447
124786844.8520801216
124543435.3487179428
124396746.4900398403
124496551.1195219159
124602301.6215139478
124615232.8326693177
124626782.5976095647
124032341.1274900436
124148576.7689242959
124291858.5258964151
124532741.7410358638
124347596.6892430335
124367132.6693227142
124502311.1593625546
124775140.4769230783
124938893.9641025662
125373226.2311248034
125874915.7641025633
126201563.5130970776
126704713.0616332889
127136653.5038520843
127239014.6625577807
127216727.3559322059
126994494.6101694852
127311703.1327967793
127279081.2655935585
127283847.9839034230
127452600.7669902891
127419314.0523138791
128323695.4368932098
128618947.4828973860
128166152.0873786360
128481436.2941176444
128394605.6417112350
128783720.2887700498
128840998.5561497360
128981738.4498746842
128540038.8288770020
128592863.9360902309
128613838.2894736826
128741697.1152882278
128702087.5087719262
128776122.9185463637
128915643.9461152852
129334430.9974937290
129684755.6417112350
129962352.3262032121
130189735.3786407709
129867719.7326203138
129963918.3057644069
129284052.4987468719
129069744.0225563943
129671949.3270676732
129683101.5187969953
130110760.2887700498
130976020.6504854411
131143396.0679611713
131453880.4812834263
131561185.8252427131
132225232.7303822935
131927864.5401069522
132252755.2406417131
132413870.6844919771
132469306.4122807086
132965750.6754385978
133144781.1741854697
133163621.3496240675
133539472.5080213845
133086488.6303258091
132937526.3609022498
132946847.3358395994
132912323.4924812019
132810714.2769423574
132888266.0213903785
133338813.8446115255
134045508.4837092757
134344262.4072681665
134459041.2332761586
134726497.1571906209
135397688.4048027396
136112186.6679197848
136254667.0952380896
135721407.3413379192
135781948.5557461381
135919789.3224699795
136500854.3433583975
136330300.3383458555
136348005.2092731893
136389736.0909090936
136484692.4436090291
136797675.0855614841
136369664.9035087824
136420493.1441102624
136600870.5538847148
137229869.1604010165
137233479.0588972569
137663205.4133790731
137761515.6478696764
137726599.2658662200
137859465.1505016685
138086120.3645485044
137410446.1294885874
136942453.9498327672
137520406.7692307830
137657398.9130434692
137865716.9639794230
138099188.6466552317
137986207.2140468359
138409694.7725752592
138411768.0066889524
138462546.0802675486
138703496.8650707304
138999507.9297658801
139237219.2207357883
139563810.5540308654
139792036.8816466630
139840662.7118353248
140548624.6954887211
140846401.3979416788
140879225.7358490527
140996826.5608919263
141051760.7409948409
141466808.0334448218
141694812.6878216267
142154607.0068610609
142358864.8902229965
142326268.3550600410
142576789.9674099386
142753638.4596912563
142759894.0428816378
142760048.2675814629
142172919.3478260934
142210911.2073578537
142547258.4408233166
142975247.6716791987
143328998.4511149228
143949002.4882943034
144276686.1772575378
144788955.0468227565
145312207.3177257478
145307654.4280936420
145330667.2013057768
145771107.7736670375
145816342.8803046644
146220780.2339499593
146224267.3754080534
146369082.9205658436
146472702.2067464590
146695453.3242655098
146498731.3558215499
146898269.2252448201
146812604.4214046896
146565154.0234113634
146612540.0568561852
146918574.5712731183
146670478.7627856433
146560652.0228509307
146395717.3579978347
146422220.8868335187
146984998.6898803115
147214826.6964091361
147212111.2541806102
147437656.4983277619
147258303.4972796440
147515739.7692307830
147640273.9899665415
147643416.2274247408
147829257.3110367954
147936325.2198041379
148324274.0435255766
148919330.2633297145
148969067.7619760334
148740090.0059880316
148964494.2799401283
148991403.4406964183
149783372.7140718699
149518659.2979041934
150056592.1730141342
150325352.5516866148
150345369.2698585391
151201834.5404191613
151515954.5773195922
151613086.3443113863
151808014.9661266506
151940965.6841317415
151899245.1886227429
152806666.7540805340
152455587.4766049981
152406754.2241566777
152783938.3579978347
152870502.3862894475
153050148.8204570115
153088861.9118607044
153123310.7388465703
153679456.7410228550
153395534.7421109974
153418316.1131664813
153535628.4206586778
153746735.8248095810
153696390.3231773674
154100468.4319913089
154559217.1088139415
154543998.9085963070
154891517.0141458213
155044875.4581066370
155076072.4189336300
154987111.2809364498
155527240.9227420986
155524940.7301414609
155795441.5551839471
155677180.8561872840
155688867.1137123704
155326161.8507718742
155660312.7725752592
155065212.7993310988
155908394.2418524921
155924968.7787306905
155994075.1166380644
155988046.8799313903
155814822.8595317602
156342923.4339622557
156070184.4322470129
156079294.2401372194
155605054.3945111632
155569925.1070234179
155637570.3511705697
155665531.1070234179
156254891.4381271005
156359846.5083611906
155633196.1414580941
155711428.5886287689
155863725.9765886366
156117008.5685618818
156544269.6086956561
156712954.6688963175
156758262.8862876296
156808234.4515050054
157059648.9416809678
157082927.8970840573
157481084.3979932964
158141544.2796517909
158936611.2796517909
159534490.5583832264
159662954.0609357953
159235431.2335329354
159289260.2799401283
159685812.4700761735
160381793.9131736457
160753782.8857453763
160935971.9820359349
161458081.9131736457
161478396.2949101925
161705150.0631120801
161236532.1122754514
162003610.2807399333
162294672.5516866148
162086508.5194610655
162248459.8955386281
162277520.2752992511
162271000.9820359349
162508430.8737758398
162746528.2994011939
162983897.8248095810
162985250.0826985836
163534581.9292709529
163831456.2850925028
163719882.0805222988
164050735.4842219949
163719546.5418933630
163757888.8955386281
164076927.8592814505
164354704.7470059991
164629639.2335329354
164506957.2724550962
164769047.0382916033
165289144.5299401283
165454073.7724550962
165344752.0194610655
165708355.2959738970
165529032.6909684539
166012679.7584330738
166289850.7421109974
166624801.3286180496
166506785.6746463478
166600870.4309031665
167272674.7312296033
167029693.7540805340
167286683.0089820325
167790813.3907185495
167855160.4521355033
167914663.4653902650
167583326.1340206265
167073319.0751104653
167229347.1620029509
167279139.3092783391
167551157.3225331306
167683120.0014727414
168291704.9272727370
168267873.6305221021
168955603.5743740797
168981627.1691616774
169221264.3902798295
169642226.2400588989
169595856.2088353336
169627775.6706827283
170145234.8762886524
169724273.0265095830
170017737.6524300575
170477716.2035928071
170992772.4760479033
171334770.8652694523
171331623.2979041934
170768097.7440119684
171372546.8967065811
171480377.7878128290
171547256.6648530960
171600089.7268770337
171622884.1631736457
171010325.2341679037
171109912.2945508063
171121855.5139911771
170524965.2470059991
170825183.4388807118
169937755.0040160716
170143799.2385861576
170479517.3534136415
170681884.4545454681
170809967.1178203225
170770724.9437750876
171166733.7151515186
171175152.5999999940
171245953.3212121129
171554223.4897959232
171411810.9463917613
171714965.3469387889
171872146.9958762825
171971243.0536082387
171814087.8362573087
172048866.8020618558
172719053.9878787994
173129038.2848484814
173032802.5510204136
173644287.4859437644
173871158.2812960148
174183311.5783132613
174263817.6553755403
174348033.4550810158
174694657.2449799180
174928895.0559646487
174505278.9317269027
174671716.0963855386
174460575.9757575691
174067351.6626506150
174205118.2680412233
173672088.2650957406
173718035.5272459388
173710192.1016200185
173737235.2268041372
173802126.0471281409
173802260.0324005783
173852388.0736376941
174094739.5670103133
174390380.4940119684
174503708.4801178277
174657999.5184094310
174621522.5508981943
175255256.2080838382
174460363.4885745347
174191602.8248502910
174227450.1762785614
174558055.6702938080
174836493.8963210583
174805298.2415669262
174877054.9270946681
174938267.6768226326
175019060.0535117090
174605124.3344481587
174351588.4147157073
174689710.8695652187
174733397.8041349351
174742267.7491638660
175385842.4724501669
175393374.6002344787
175920894.9636576772
175921952.7863682508
176383228.5818921626
176616236.1017293930
177553300.2533062100
177613907.5289928913
178243302.4720244110
178715797.5216881633
179297319.4608341753
179594582.0254323483
178982646.3845371306
179430594.3021363318
179510536.6846424341
179132431.4935521781
179191993.8300117254
179170025.4185228646
179192285.3423212171
178957886.6072041094
178864143.8662092686
178738955.7547169924
178803188.9661654234
179576660.4030874670
179301175.9050410390
179412724.8628370464
179726628.4630715251
180016107.9917936623
179943388.5509964824
180838085.7598627806
180902187.6878216267
180563008.6415094435
181222205.1680960655
181317602.3516294956
181501956.6248534620
181284496.9554030895
181263243.0891938210
181305835.9502573013
181588442.3996569514
181774828.8233082592
181872905.2487135530
182066632.3825042844
182033990.2555685937
182052991.0715123117
182241706.1019929647
182501671.6846424341
182665830.3493552208
182851041.4699828327
182927920.5471698046
183555521.7819548845
183133101.9828473330
183088819.9348199069
183315885.5385934711
183397879.4243845344
183736484.8358733952
184118824.5134818256
184173364.0360205770
184253919.5685814917
184194357.2321219146
184197796.8241500556
183973460.1805392802
184166913.2778429091
184447605.9706916809
184484205.3610785604
184541414.4021101892
185066165.4032825232
185419027.7444253862
185122666.7350527644
185219938.9812426865
185093254.8902229965
185101470.0686106384
185040094.3071512282
185294255.4794841707
185247677.1663807929
186032104.6846424341
186101892.6916764379
186652208.7821612358
186549382.0428816378
187075454.6704260707
186806351.8044596910
186654091.3107769489
187187780.3259005249
187686184.9486215413
186979490.3095238209
187015727.6140350997
187037729.1766917408
186553593.0914787054
187267666.9887218177
187380618.5601503849
188202081.7265446186
188509176.6002506316
188517193.4624060094
188596356.7368420959
188745491.6190476120
187879826.1624713838
188230634.1167047918
188321522.3901601732
189205886.4652406275
188773676.3089244962
189412286.0217391253
189821642.8358395994
189794616.2042606473
189855267.6065163016
190147896.0664160550
190164357.9887218177
190499027.7443608940
190600642.2380952239
191347720.5889724195
191291600.5846681893
191938737.7494279146
191949402.2002288401
192090013.1578947306
192819426.0183066428
192888571.7951945066
192872368.5000000000
193103533.5881006718
193415418.0909090936
193248279.4530892372
193280520.8867276907
193285890.2677345574
192687929.8074866235
192805620.1122994721
193234985.3718535602
193451038.7597253919
193919715.3689839542
194487950.5882352889
194644349.6417112350
194139298.3743315637
194035383.4748491049
194105190.7344064415
194287212.7433155179
194449162.3943662047
195329407.8921417594
195501219.9183359146
196068109.7226502299
196155916.0046224892
196095088.8320493102
196107046.6718027592
196221608.7257319093
196745506.2148962021
197343486.9583975375
197522088.3235747218
198396663.9560439587
197758348.8290598392
197837985.4621514082
197859812.9760956168
198366594.1619433165
198219024.9878542423
198440042.7955465615
197706666.5668016076
197859350.7935222685
198475394.9960159361
198577103.3825910985
198662378.8846153915
198667838.1619433165
199293531.0060728788
199327263.5060728788
198567962.0542452931
198318211.6674528420
198280637.0141509473
198369061.3702830076
198795469.5607287586
198512932.8325471580
199399436.8571428657
199380446.2857142985
199173754.5714285672
199243517.4669811428
200034335.3542509973
200367805.4929245412
200424437.8117409050
200555520.3825910985
201126164.4103773534
200166216.1428571343
200211076.5714285672
200700770.0000000000
201141379.1780104637
201279192.8571428657
201065254.6439790428
200888158.4659685791
200973316.4285714328
200977270.1428571343
201032606.0000000000
201313018.9410377443
201280824.8136792481
201751088.0850202441
201990744.4316037595
202051529.8018867970
202833407.2857142985
203131584.4285714328
203172238.0000000000
203482240.1506352127
202751253.8571428657
202754836.5714285672
203337831.4285714328
203353988.5714285672
203409777.0000000000
203835502.5714285672
203331623.1016333997
203358908.1705989242
203052731.8571428657
202727458.3992740512
202793099.3756805956
202906522.1465968490
203273355.1428571343
203656607.5714285672
203736623.0000000000
203808444.2857142985
203302234.9319371581
203468230.6497277617
203854639.4240837693
204090714.8571428657
204230694.8571428657
204130148.2857142985
204135256.8571428657
204330047.2857142985
204052581.1428571343
204189841.1428571343
203327627.9528301954
203502607.5714285672
203096126.5714285672
203136967.1428571343
202986651.2857142985
203474548.4386792481
203420967.8301886916
202999908.4764150977
203057365.1933962405
203018278.6297169924
203089437.2834008038
202813181.7429149747
202592021.3765182197
202857330.9716981053
203355259.3117409050
203526009.1768867970
203934075.0306603909
203453001.7142857015
203474069.8571428657
203442976.0000000000
204215874.2193396091
204426886.5344129503
204652199.9740566015
205314938.9453441203
205368053.6179245412
205447342.4285714328
205591284.5566037595
205687090.9174528420
205945976.2732793391
206508006.9858299494
206686618.8805668056
206628180.9453441203
206968523.1297169924
207743424.4285714328
207763696.1428571343
207771233.1428571343
207736246.7142857015
207116567.6125654578
207364897.9856114984
207273645.9568345249
207617063.4532374144
207627555.3121597171
207759017.8874773085
207890236.8330308497
208253981.0297872424
208817190.6568047404
209194162.2608695626
209365145.2826086879
209701686.8933333457
209466044.2248520851
209486582.6666666567
210002916.8520710170
210050692.8994082808
209290602.0893616974
209362944.6188747585
209415016.0653357506
210148714.1726618707
210179845.5899280608
210454013.8633093536
210477265.0366492271
210832932.7142857015
211021908.8417266309
211306683.7194244564
211336346.6043165326
211440603.6834532320
211412595.7277677059
211639180.3284936547
211809602.0468085110
212035313.1744680703
211245531.9691469967
211258578.8983666003
211431849.5035971105
211630754.9981851280
211788466.4316546619
211879768.1428571343
211698838.5863874257
211701413.7410072088
211268781.5139664710
211425324.2513966560
211036379.3910614550
211316817.8435754180
211613578.2905027866
211638090.1117318571
211717730.1117318571
211547473.9217877090
211808019.8705036044
212063217.2774869204
212227887.8571428657
211619387.4869109988
211065721.1428571343
211042810.2857142985
211110994.4285714328
211301509.8010471165
211081858.7142857015
211663675.2857142985
212056936.2547169924
212059809.1438679099
212199188.5047169924
212169497.5330188572
212884223.1428571343
213152381.4410377443
213458850.5714285672
213986926.8571428657
214005438.1428571343
214116593.4221698046
213689462.1556603909
213916415.9514169991
213965734.9352226853
214297751.7914979756
214574321.6485849023
214122326.0809716582
214226313.5789473653
214249021.4433198273
214324672.9028339982
214336003.7591093183
214497134.6720647812
214455644.3724696338
214250617.5688259006
213938558.6680161953
213943966.8542509973
213747830.6862348318
213966812.2975708544
214027330.8906882703
214108894.2651821971
214627095.2348178029
214949312.6680161953
215366099.6923076808
215312210.4311740994
215529143.3967611194
215623528.0829959512
215930289.2358490527
216028587.0424528420
215835997.3089622557
216001052.1113360226
216803201.0060728788
216883615.8785425127
217212346.7853773534
217649228.2948113084
217682194.8571428657
217829228.0000000000
217791450.5714285672
216947159.1428571343
216869072.5714285672
216539092.7142857015
216425164.3664921522
217096038.5714285672
216975161.4285714328
216817974.2857142985
216881442.7958115041
216935692.5035971105
217515925.1294963956
217528295.8201438785
217284330.0719424486
217631898.5251798630
217591851.3669064641
217317621.6759776473
217903925.7821229100
217928317.7988826931
218369603.8603352010
218418388.1508379877
218255065.1675977707
218168382.0391061306
218010532.3631284833
218387021.3309352398
218391093.5139664710
218474868.3240223527
218939934.0359712243
219174941.9050279260
219037403.3381294906
219313937.3072625697
219314397.6592178643
219419517.1151079237
219657006.2517985702
219491526.4136125743
219342502.4285714328
219832354.0000000000
219873587.1428571343
220672344.2857142985
220879974.0000000000
220987695.4504716992
221405411.0323886573
221447046.0400943458
221950729.5714285672
221687366.4285714328
221923536.2857142985
222142892.0000000000
222056428.1832460761
222740208.2857142985
223065601.5467625856
223074297.2517985702
223174242.0157068074
222837522.3669064641
223114401.7709497213
223131745.2737430036
223477349.3021582663
223494855.3165467680
224284121.2857142985
224182513.8129496276
224184492.1294963956
224341382.9496402740
224206786.0503597260
223645067.4028776884
223979288.5392670035
224039800.1780104637
223908076.1428571343
223975593.7382198870
223995923.2198952734
224440557.0000000000
224386605.8167539239
224517111.4285714328
225212140.1428571343
224974860.2857142985
225331040.2857142985
225619852.0000000000
226085024.9476439655
225846632.2446043193
225966542.6043165326
225966594.4460431635
226165985.3669064641
226703767.7142857015
227043737.8776978552
227359507.7591623068
227227422.4285714328
227633659.8571428657
227879898.7801047266
227494128.4285714328
228068622.1428571343
227485579.0919811428
227062297.9551886916
226543357.1428571343
226669447.7142857015
227145203.7142857015
227153162.0000000000
226871979.9790575802
226983131.0000000000
227393309.4604316652
227205426.7142857015
227277056.1428571343
226347472.6115107834
226426944.6834532320
226099794.6230366528
226186983.1428571343
225991740.2408376932
226073231.6906474829
226403173.4748201370
226600846.0431654751
227316095.2857142985
227334735.4285714328
227961707.4285714328
228197252.7712264061
228038845.7547169924
228075546.2783018947
228211878.2735849023
228346901.2240566015
228372204.5714285672
227683551.1886792481
227959872.2857142985
228361283.1428571343
229140012.8571428657
229850568.4285714328
229830103.1428571343
230022400.2570754588
230383757.0400943458
230575919.6957547069
230581496.5546558797
230597569.2348178029
230768868.8466981053
231004627.0966981053
231257084.2857142985
231298365.4285714328
231134601.6415094435
230826692.4285714328
231079588.7142857015
230766020.2857142985
231056389.7338129580
231117923.2857142985
231151442.1428571343
231184869.8571428657
230631478.2857142985
230725134.3655660450
230728770.1428571343
230623327.2857142985
230664352.2857142985
230383221.5714285672
230367269.7142857015
230002616.0188679099
229217273.0485830009
229695903.8117409050
230111245.9696356356
230029682.5951417089
230344957.3036437333
229744581.5849056542
230265937.1428571343
230528207.4363207519
230585384.7641509473
230734814.2388663888
230679717.5425101221
231703067.9696356356
232357746.7449392676
232209988.4048582911
232347826.4109311700
231986388.7408906817
232018676.5956678689
231863035.0910931230
231880428.9554655850
231539355.1034897566
231589090.1985559464
232253633.6281588376
232534372.6028880775
232539392.2623345256
233039195.9410348833
233159723.9797570705
232952019.1913357377
232783767.3360323906
232990312.3441295624
232842606.7327935100
233280073.7530364394
233329620.2085020244
233348157.3886639774
233497683.1275303662
233590415.3663967550
233599241.6740890741
234422471.9976415038
233983444.2857142985
234280784.7142857015
234598175.2857142985
234938855.1428571343
234983028.8571428657
235018644.8018867970
235387436.5714285672
235438442.1428571343
235482570.4285714328
235741415.1428571343
235379869.5714285672
235494246.4285714328
235961098.2924528420
235641163.2793522179
235688042.5589622557
236345280.0000000000
236152913.5714285672
236309744.4285714328
236451081.2857142985
236570093.1428571343
236751603.7382198870
237573789.5772472024
236828154.6690647602
236823173.7985611558
237504062.2247191072
237831191.7851123512
237880256.0837696195
237887757.7591623068
237418772.2857142985
237865243.4386792481
237867763.0000000000
238005052.7142857015
238079349.1428571343
238087344.1428571343
238674195.1428571343
238428270.1428571343
238774958.3089622557
238722434.6720647812
239310236.1558704376
240009930.2388663888
240011625.6700404882
240494255.5242914855
240509480.0141509473
241040488.1821862459
241404993.5188679099
240961713.1428571343
240950488.1428571343
241549454.1428571343
241949085.0000000000
242020092.8571428657
242389122.0000000000
242584293.8571428657
242765329.2857142985
242972040.4285714328
243352255.7172774971
242620235.4285714328
242553864.5714285672
242883668.4285714328
243165845.9371727705
243053119.5124555230
243133115.7935943007
243319787.9528795779
243395935.0035587251
243527207.4733096063
243937407.3843416274
243422355.6548042595
243438643.6690391600
243446969.3772242069
243571609.8683274090
243996849.1278089881
243991733.9297752678
244035317.7651245594
243901913.9110320210
244251275.5836299062
244722724.7651245594
244766188.4946619272
245105933.8185053468
244952020.9537366629
245095611.4733096063
245169706.9790575802
244757131.7142857015
245364073.3523131609
245744412.3843416274
245835353.0747331083
245483381.7117437720
245486258.9430604875
245264968.1850533783
245690302.2028469741
245805119.3985764980
246247726.2775800824
246269543.7615658343
246643455.7402135134
246237781.3985764980
246569756.4341636896
246621558.4377224147
246715149.0035587251
247248317.4438202381
246784726.4129213393
246845360.6797752678
246463601.3230337203
247037850.9536516964
246866755.6615168452
247343253.7194244564
247533979.2517985702
248291337.4301675856
248861436.9608938694
249450757.8656987250
249633869.2290502787
249981523.4794520438
250231220.9165154397
250265698.3375680447
250661039.0789473653
250521835.9789473712
250835597.8421052694
250503273.3375680447
250487996.5027932823
250531568.0614525080
250155869.5027932823
250478554.8630136847
250452234.5068493187
250771504.3974591792
250564415.0368421078
250512968.9403508902
250518955.8042553067
250445112.5519911647
250833018.1999999881
250922347.1842105389
251678743.2807017565
251760155.0087719262
251915003.4438596368
251927758.7964912355
251600858.7513611615
251428898.0181488097
251569726.3756805956
251225530.7549909353
251299218.1306715012
251038821.8100558519
250249330.8603352010
249907576.5827338099
249444905.5586592257
249592628.9888268113
249617918.7877095044
249940470.8100558519
250017992.4245809913
250101063.4469273686
250982962.3237410188
251176326.3453237414
251105167.4241572917
250945725.2008427083
251318222.4316546619
252023876.0168539286
252797406.2775800824
253180939.3721910119
253416134.0249110460
253763808.3258427083
254130567.2949438095
253757296.8160112500
253759366.3019662797
253234484.4483985901
253412187.9110320210
253477965.1957295239
253486519.2135231197
253765188.6797153056
254063668.0575916171
254776914.8571428657
254790443.0000000000
255553611.5471698046
256142632.3820754588
256070090.9929245412
255481415.6391509473
256031454.3655660450
256077651.4285714328
256594515.0000000000
257034966.4285714328
257027934.0613207519
257120514.3018867970
257419340.2857142985
257514444.8514150977
257239547.7641509473
257536893.0870445371
257891343.7971698046
257589880.2044534385
258050939.0748987794
258710811.6518218517
259443456.5931174159
259482150.0546558797
259528918.5910931230
259566368.4230769277
259588676.2449392676
259606494.0101214647
259697168.6902833879
259715598.5789473653
259932196.0000000000
260249604.7948113084
260366101.7240566015
260484124.8218623400
260489566.5323886573
260575726.6821862459
260949868.3198380470
261554379.4247893989
261543990.9711191356
261346982.6113116741
261412090.4753309190
261530866.9747292399
261593919.9651022851
262182779.7206477821
262185908.2388663888
262356936.4554655850
262670273.0647773147
262987065.5303643644
263343152.7874493897
263390813.6740890741
262988082.7099056542
263152350.9127358496
263339895.5235849023
263570730.8571428657
263326689.8571428657
263645983.3490566015
263681223.2857142985
263331316.1428571343
263338803.5165094435
263291185.2857142985
263196426.4285714328
263453649.4622641504
262690824.7142857015
262851007.7142857015
263039513.0000000000
263087468.8571428657
262823275.5714285672
262828843.8571428657
263177549.8362989426
263161261.8220640421
263103637.5916230381
263259018.5658363104
263395902.6725978553
263569922.3451957405
263503450.4234875441
263583667.5338078439
263317239.4901685417
263270345.9608540833
262752579.7584269643
263371485.5800561905
263417756.0000000000
263573664.3021582663
263750479.2446043193
264008344.2661870420
264162610.4804469347
263349042.2737430036
262800510.6787658930
262850819.4692737460
263006462.5865921676
263027385.9217877090
263785507.6648044586
263818262.8547486067
263475772.4078212380
263138930.5754190087
263180777.7266187072
262372391.7318435609
262364201.2513966560
262379923.0726256967
262863676.3519552946
263414883.1151079237
263440088.4028776884
263452715.3453237414
262434300.1508379877
262736982.9352518022
262208299.0744382143
263145715.7120786607
263377941.7092696726
263057596.9831460714
262733023.2704626322
262664406.9269662797
263111180.8005617857
263242073.3398876488
263310399.3741007149
263245080.7482014298
263283184.6978417337
263485501.7808988690
263851640.3707865179
264492032.1886121035
264526412.0818505287
264346941.6460674107
264347426.9803370833
265118163.2233146131
265031584.6896067560
265148242.1151079237
265396313.0614525080
265358459.2458100617
265325382.1917808354
265619134.3611615300
266260351.1620111763
265793080.9292196035
266516074.7932960987
266652956.9589041173
266661951.2290502787
266603417.1787709594
266182156.3966480494
266819580.8100558519
266850394.1564245820
266676877.8435754180
266664997.2346368730
267095797.2011173069
266787871.4357541800
267084730.7150838077
266234402.3407821357
266524479.5107913613
266115232.7913669050
265830831.0935251713
266389261.5395683348
266272765.5642458200
266803751.6648044586
266374566.7821229100
266699569.3093525171
266820613.6762589812
266413817.9496402740
266209194.7625899315
266667210.4532374144
266723925.3381294906
267086017.0111731887
267220354.9640287757
267797026.1452513933
267981769.2569832504
267485012.6696914732
267484613.0435571671
267694604.2141560912
268206484.8307522237
268421211.4103982449
268677658.6471238732
268772713.2212389112
268911144.3321233988
268977191.2976406813
269780023.7985481024
270208455.2122905254
270238562.3631284833
270326538.2458100319
270673715.9273743033
270702018.9001814723
270485748.4246575236
270648891.9872958064
270078937.6312848926
270171373.3854748607
270115793.3240223527
270343068.7094972134
270696728.7985611558
270836797.1079136729
271102803.1264045238
270876718.9136690497
270989192.7122302055
271078769.8345323801
271214289.4964028597
270859555.2598314881
270860087.4270500541
271198626.7092696428
271217623.1671348214
271469910.3450479507
270951468.8477103114
270394228.7337593436
270705537.5431309938
270130816.0617678165
270293048.3205537796
270893450.4313098788
270705941.0095846653
271229408.0181043744
270918874.3792135119
270637433.8210862875
270693151.4845580459
270993092.0276890397
271121814.5516014099
270990358.1623036861
270994936.3985764980
271170108.1565836072
271218008.7068063021
271599891.5088967681
271596562.1565836072
271709082.9145907760
271182634.3865814805
271236259.1387900114
270836564.3280085325
271498081.1174377203
271498805.4590747356
271550246.0854092240
271342139.0747330785
271466248.1341853142
271466287.5804046988
271805298.5495207906
271812325.5995740294
272075156.6964856386
272100778.2587859631
272163050.2784810066
272569184.1699438095
272818730.0379746556
272841748.5822784901
272612793.5443037748
272903025.8860759735
273479835.7625133395
273728095.5314164162
273759213.9361022115
273840010.8607594967
273916702.7974683642
274177720.9488818049
274284030.9552715421
274537787.3037974834
274762831.1502808928
275232873.5189873576
275348099.5696202517
275460505.2449414134
275577318.5378061533
276263028.2531645298
276248617.8481012583
276167653.8338658214
276074230.3972311020
276106179.3194888234
275899183.8935037255
275077431.2658227682
275389951.3797468543
275397897.2044728398
274959410.2736954093
275288750.2523961663
275518973.3791267276
275574673.9620253444
275753119.8700745702
275897305.3706070185
275951404.7145900130
276335414.4504792094
277188473.0000000000
277380852.1348314881
277466923.2784810066
277775046.7275280952
278190823.4050632715
278248296.1128860712
278265305.3312034011
278573182.0886076093
278570475.4856230021
278838544.4810126424
278839861.5822784901
279246873.0830671191
279274719.8924387693
279418814.9148029685
279537318.5878594518
279822451.9254525900
280231118.0745474100
280004985.0117145777
280168879.3748669028
280856850.0862619877
281348868.3314606547
281228625.4466292262
281464489.9817415476
280915221.5941011310
281323269.0533707738
281087404.5182584524
281722494.5696202517
281860981.0688202381
281957777.4050632715
282066944.8562300205
282096403.4936708808
282836954.6070287824
282291728.8690096140
281937803.5693950057
282173807.5282214880
282231477.4036208987
282356946.4451544285
282665702.2989323735
282071632.5015974641
281985224.3077742457
281955630.0053248405
282761155.2911392450
282855872.7848101258
283174171.6460674405
283277751.4936708808
283485936.3988764286
283842971.4859550595
283899404.2457864881
284127984.0098314881
284397666.8426966071
284404508.4058988690
284616334.1065868139
284598858.1916167736
285047620.5308988690
285388833.8526946306
285744421.6474719048
285619456.1671348214
286192535.8455055952
286288103.4620786309
286344117.7331460714
286195920.6853932738
286505316.8481012583
286524746.0828651786
286549518.6123595238
287133588.4083832502
287349444.0814606547
287380624.0014045238
287381121.3525280952
287988489.4430379868
288021543.2911392450
288026154.0506328940
287999092.8481012583
287705307.4781682491
288267354.8354430199
288524937.8581460714
288910502.1727527976
288937660.6769663095
289489249.6558988690
289727346.8946629167
289727431.1404494643
289727713.1755617857
289917678.2893258333
289667811.5983145833
289706390.4430379868
290270048.2992545366
290798566.8093716502
290221773.1608093977
290183888.4132055640
289741356.9746835232
290083897.5955055952
290090488.2626404762
289700267.8707864881
289815268.8750000000
289933438.4171348214
290722826.1839887500
290857338.1446629167
291150261.1516854167
291156392.6601123810
291633919.2247191072
291146104.0506328940
291117820.8101266026
290818024.4311797619
290822567.7808988690
290770086.5224719048
290806832.9803370833
290697232.9255617857
290384568.6601123810
290850055.4936708808
290746677.9746835232
290255492.6656017303
290329107.8839190602
289680154.6890308857
289748923.1459074616
289584435.6014235020
289681813.6975088716
289271784.4712041616
289515918.3914590478
290014587.2857142687
290196940.4921466112
290646861.0000000000
290732546.9575471878
290156995.2550607324
290185259.2429149747
290092511.8160377145
290284400.8584905863
290288658.6084905863
290601546.1202830076
290653312.6133603454
290509084.1174089313
290994307.8915094137
291274700.0000000000
291389831.9481132030
291896722.2834008336
292172052.3076922894
292668985.4939271212
292617131.1273584962
292585287.5495283008
292099956.3744939566
292302534.4410377145
293177394.1428571343
293116816.8571428657
293229123.1886792183
293320175.2651821971
292911286.7142857313
292979872.1428571343
292220996.9292452931
292221019.2995283008
292489358.3481781483
292759689.4150943160
293073154.1862348318
293090838.3603239059
292950183.3097165823
293037160.9129554629
293116950.5910931230
292621255.8519855738
292375706.8170878291
292827289.2611311674
292724926.7649402618
293328032.0916334391
293392342.8366534114
293504079.1633465886
293917449.3157894611
294053777.0700525641
294168989.1553784609
294000261.0079681277
293980445.2948207259
294885747.6725043654
294969907.5219123363
294985866.7888446450
295169857.6414342523
295649226.6567425728
296098670.6479859948
296041873.3852889538
296135023.6129597425
296182782.0858143568
296184869.3520140052
296215685.8466257453
296699616.3214724064
296404459.6208589077
295654125.3663003445
294767589.1679506898
295013961.9953774810
295066837.1725732088
294713242.2967032790
295448763.9523809552
295474177.9377289414
295511543.4269938469
295511818.2969325185
295587945.7386503220
295914094.5494505763
296671268.6483516693
296753068.5274725556
297178534.1135531068
297020636.5362095237
297391073.0842490792
297407087.3479853272
297314677.9055214524
297292930.5484662652
297319287.8871165514
297581023.6564416885
297603693.4308230877
297462764.7057793140
296942104.5558282137
297082596.4441717863
297497314.6849817038
297626540.9633699656
297890487.1098901033
297918661.9304029346
298375121.6671802998
298329233.4714946151
298751896.8058608174
298930139.6440678239
298131586.3759630322
298362328.8752515316
298140119.3528505564
298460145.0416024923
298680132.2896764278
299032248.6178736687
298709201.6456086040
298708943.8967642784
298225269.7847082615
298065427.8792756796
298277826.4010695219
298366681.1521739364
298639233.2459893227
298726618.8449198008
299142730.8289738297
298840618.1925133467
298488350.8235294223
298789824.5000000000
298053576.0588235259
298588758.3478260636
298607920.9416499138
298674148.3501005769
299275495.8478260636
299647268.5110663772
299712695.1122994423
299021842.8048290014
299171771.5240641832
299290941.4607645869
299565827.8021390438
299875338.1750503182
300545357.5130784512
300678763.6096579432
300480080.7062374353
300847389.4587525129
301670650.0091533065
301702269.1739130616
301701797.4607645869
301653179.4788732529
302024887.3903743029
302055685.5240641832
302354312.0000000000
302732380.2193158865
303520028.7165775299
303588264.5454545617
303374268.1336898208
303673439.9358288646
303684291.7647058964
303673439.9358288646
303356621.1521739364
303359436.3043478131
303391739.9037433267
303902898.9130434990
303629222.3762575388
303627821.0925553441
303335304.9782608747
303216727.1971830726
303258148.0623742342
304124792.1355932355
303507968.8169013858
304103379.9506933689
303491205.5824345350
304150846.1282051206
304380851.8754578829
305207208.9352850318
305430342.0200307965
306364643.6271186471
305503330.8169013858
305517907.2132796645
304775320.8048290014
305623424.7002012134
306469121.8772636056
307184891.3859649301
307046684.6917293072
307019301.5130784512
307017574.1046277881
307468968.7323943377
307369335.6521739364
307857892.9537223577
307884636.2736418247
307477130.3157894611
307701881.0651628971
308107591.6354799271
308639189.7253949046
309124275.1178615093
309379622.2694235444
309457936.0764411092
309495082.0375939608
309837033.4908869863
309838220.9173754454
309937415.6913730502
310019735.0676691532
310215406.7756892443
310215575.4636591673
310390991.0614035130
310484652.3295739293
310586160.7568922043
310676148.9761904478
310997165.9398496151
311013730.9373433590
310661349.2187120318
310534922.5419198275
310637274.8675577044
309737929.5111492276
310432007.7205346227
310815143.0000000000
310826412.8274605274
311059689.0668286681
311664746.5694682598
311694086.3670669198
311767641.2915952206
311449797.0175849795
311726302.7152658701
312206567.5697538257
312459083.8833619356
312548496.9348198771
312505963.5265865922
312756738.6111786366
313329235.7557715774
313943779.4252734184
314805849.3049817681
314858732.8821384907
314988961.2150668502
314523858.0984204412
314221520.9040096998
314223517.2721749544
314116963.8967193365
314459062.3475090861
314965048.2648845911
315084464.4204131365
315425729.0729039907
315606231.6925880909
315629616.5309842229
315312085.2235723138
315352717.1239368320
315357280.1215066910
315457708.7108141184
315766739.9270960093
315822136.0551378727
315868119.3511543274
315932392.7509112954
315933530.7047387362
315882794.4398542047
316418139.3730255365
316657068.1999999881
317186654.7358490825
317574128.3423212171
317878550.6084408164
317879456.3610785604
318068859.1711606383
318049581.9847596884
318420151.0111902356
318562271.2115971446
318542114.4091442227
318507221.7711088657
319124649.7304170728
319323920.4537131190
319953300.1312309504
319840147.8100820780
320025320.2262602448
319961161.4994913340
320519091.1969519258
320870349.5052754879
320736413.9624853730
320746696.8686987162
320800224.4854202271
320747700.6834701300
321135312.1735052466
321438206.8644940257
321437531.6500857472
321587348.0874785781
321330209.1801029444
321657555.3282532096
321680586.7772567272
321747883.3728018999
322042667.9917936921
322404156.2649472356
322445148.0492379665
322207251.1582649350
322207122.3059788942
322600082.6758147478
322744953.1465415955
322465972.9399656653
322456589.0994853973
322444921.6987104416
322466636.8053927422
322843503.4618991613
322823529.3104631305
322802609.1372212768
323317316.9879931211
323157547.5322391391
323667902.2543962598
323821020.3528721929
323873205.5099648237
324142532.5404455066
324717980.3915591836
324855532.4009378552
324958242.3493552208
325002769.9144197106
325151396.5506003499
325375881.2344666123
324579091.0304806828
324988330.1875732541
324254338.5808748603
324251345.3672431111
324284304.7212614417
324777830.8963210583
324996523.2472024560
325346599.6826042533
324999252.5076296926
325024641.2360122204
325893264.2883939147
326187587.9636576772
326371714.5674091578
326580568.5269582868
326677735.4496439695
326518310.2604272366
327008635.9379450679
327193302.7889800668
327412116.1758499146
327544869.3188745379
327714982.2731536031
327628093.2590855956
327993015.6603773832
328463665.1641266346
328471247.6400938034
328908929.9828473330
328222053.8918590546
328237168.5236938000
328719756.0960549116
329043497.7399756908
329139004.0704738498
329715804.4957118630
329468007.6037735939
329803812.7162954211
330077633.5728988051
330427220.0789022446
330606499.7169811130
331241343.0691676140
331135393.7198124528
331068071.2368112803
331130448.8113207817
331507713.7596717477
331823756.6729190946
332042429.0651068091
332421194.7344862819
332886630.4089521766
332881275.3255341053
332916068.5798575878
333108122.1139369011
333385822.9495896697
333431599.1586978436
333432111.0376398563
333751138.4821973443
333764069.8474059105
333801535.3418107629
334011566.1230925918
334084939.0033444762
334297766.4180601835
333558500.0167223811
333963613.0769230723
333512874.8077314496
333647459.0376398563
333531532.0284842253
333580651.2040134072
334002697.3110367656
333989414.8060200810
334386382.1861647964
334431469.4150559306
334338629.4883010983
333740279.0162767172
333924777.7711088657
334142125.3509664536
333248259.7904374599
332886720.9431437850
332296756.6215666533
332623388.3407934904
332555769.4455747604
332572984.7019328475
332572891.9918616414
332582711.6592065096
333060359.1820956469
333158582.1872909665
333531001.2107023597
334231238.7410228252
334384510.0250272155
334354098.3525571227
334617596.9673558474
334863686.0859630108
335133645.9553862810
335447504.1403699517
335464921.3547334075
335547980.8498367667
335603117.7606093287
335959482.5714285970
335855411.5821545124
335140304.6376495957
334546993.6278563738
334558241.4134929180
334917387.8038921952
334825172.2410179377
334677993.5583832264
334670637.7095808387
335176140.0014970303
335488447.7857142687
335506567.3057671189
335894170.9912948608
335935592.7236126065
336006237.0000000000
335267034.0739934444
335515722.8792165518
335152215.3536452651
335156219.1360173821
335654128.5714285970
335666142.7954298258
335670110.9640914202
335274947.4069640636
335008928.2002176046
335815692.9598662257
335856972.8929765821
335935416.9357997775
335912089.4013378024
335993382.4435401559
336323737.1963377595
336032637.1271617413
336697209.4343845248
336763538.5900304914
336764871.2553408146
336907360.7426246405
337362980.5920650959
337424598.7293998003
337318746.9318413138
337981231.9163879752
338008319.6822742224
338055268.6153846383
338130477.2809364796
338596207.8097659945
338726100.2173913121
338930950.9880304933
339344354.2350381017
339497560.3993471265
339396946.7986942530
339213852.9129488468
339218426.5016322136
339228975.4406964183
339138779.2665941119
339888481.7157190442
340160427.1186071634
340053359.8628762364
340473677.8661588430
339784230.3946488500
340048817.5518394709
340177742.9654120207
340640045.4720244408
340868639.6826042533
341086203.1444557309
341126180.4618514776
341181502.4496439695
341457928.3123092651
341931838.9796541333
341849010.4476093650
342003967.1204013228
342007010.6956521869
342183541.3779264092
342156145.9799330831
341646733.1240478754
341747723.2905331850
341658782.2840043306
342524057.1305767298
342727551.8748639822
342549935.3449401259
343210443.5788900852
343242799.5843307972
343422369.1270902753
343638319.7625418305
343806921.4214046597
343868360.3277592063
343566880.3509664536
343677641.7558528185
343692775.6555184126
343059585.2774755359
343388143.3344481587
343498843.4448160529
342909262.7985757589
342939214.9379450679
342448332.9725330472
342615854.8561872840
343493174.4669379592
342709348.3913043737
342998706.0061037540
342738295.5493387580
343051370.3692777157
343577226.0602006912
343906983.0640895367
344205657.5418060422
344335806.9297658801
344031063.0554950833
343996169.5963003039
344070668.0642002225
344292053.2198041081
344436810.9238302708
344836837.2909699082
344881870.8650707006
345420808.8182807565
345294487.2575250864
345284137.0903009772
345794286.8541893363
345833482.4657236338
345485119.0000000000
345659453.4147157073
345862262.6856187582
345889098.7845484018
345931833.4178454876
346774351.9270946383
346750330.4285714030
347121309.1947769523
347030828.5560391545
347146154.6428571343
347463900.0883233547
347482922.9985029697
347582326.0209580660
347597564.5778443217
348100958.6916167736
348349382.6360656023
349059934.0172413588
349445273.0803213120
349227211.8363636136
349381386.5333333611
349697645.5636363626
349485423.8666666746
349646180.9558233023
349851081.2690762877
349943307.7868852615
350052316.7573770285
350052824.0688524842
350184500.1672131419
350448344.3847305179
350015775.8850574493
350194443.4983606339
350564894.1494252682
350663760.6721311212
350214410.6317365170
350329313.3532934189
350507318.8547903895
351217691.5714285970
351372413.7142857313
351481259.3892215490
351925238.6833514571
352317676.5714285970
352669787.9296407104
353351272.5389221311
353664962.8443113565
353253590.7901639342
353551608.1954023242
353895819.1999999881
354052754.6852459311
353956040.7639344335
354016160.8053892255
353783058.2098360658
353836730.6317365170
353236875.9508196712
353660834.3398203850
353665981.5763472915
353639810.7200598717
353795513.6242514849
354063268.3458083868
354612531.0729053617
354589912.2785636783
354493738.0658682585
354000422.0457018614
354560538.8443960547
354360983.7138193846
355004248.0658682585
354580647.1407185793
355099902.1114754081
355059254.8491803408
355194055.8353413939
355203166.5060241222
355486734.5459769964
354989830.1409835815
355027058.5977011323
354698201.4096385837
354867811.2121211886
354722149.0861833096
354651075.6632652879
354668399.1575757861
355017343.8448275924
355022518.1445783377
355188730.1767068505
355386362.1004015803
355163574.4597701430
355209487.9137930870
355831916.1807228923
356493401.5172413588
356675709.4377509952
356701425.3012048006
356529745.1540983319
356471662.4041916132
356368176.9639344215
356934251.1726907492
357544035.8295081854
357551278.0029940009
357760138.5404191613
357734672.1332335472
357858304.7739520669
357862179.3068862557
357403838.4326347113
357632174.5883233547
357163761.2142857313
356888355.0413492918
357647517.7142857313
357667843.9910179377
357809398.3278443217
357463004.3772454858
357187883.6826347113
357579083.3672131300
357931128.9760479331
358409829.1377049088
359007482.9161676764
358935473.1362275481
358580706.2859281301
358604335.9116766453
358606745.2440119982
359391179.2395209670
358967174.6616766453
359328821.8023952246
359410553.1811377406
359942563.4131147265
360290862.7991967797
360332372.3939393759
360260295.9236947894
360263174.4979919791
360335815.5582329035
360301616.9770491719
360392207.1212574840
360394798.6541916132
360400435.5733532906
360455945.4625748396
360490867.4940119982
360571582.6871257424
360800991.4285714030
360849652.7142857313
360742213.4951033592
361066446.0457018614
361144487.9445049167
361148583.3307943344
360625998.0892274380
360686090.6670293808
360752294.2752992511
361394604.7257525325
361949995.8026756048
361952333.8829431534
361961439.5250836015
362102503.5483214855
362876010.4547303915
362972836.5116989017
362633496.6856561303
362504769.4954221845
362557238.0701932907
362577690.4771108627
362474571.6042726636
363036710.3681125641
362641540.9674465656
362843576.1758499146
363287201.9284877181
363486305.5128644705
363691008.3282532096
364022380.8662092686
364326859.2795883417
364491474.9884763360
364651051.5518565774
365471706.8860435486
365530565.5556977987
365761743.6248399615
365801448.4097310901
365770050.2151088119
365973062.7941681147
365896722.6586620808
366220863.4361078739
366652814.8233276010
366760076.6758147478
366898600.7907375693
366922700.1097770333
367815801.2649472356
367983260.6740914583
368038564.2868769169
368167909.6927772164
367534958.8464244008
367605215.2520515919
367830676.6096131206
368452036.0187573433
368396028.2085452676
368474860.0011723042
368556896.3021363020
368517744.9694811702
368620301.9267548323
368755525.0956256390
369086857.8016276956
369326185.3540183306
369612541.7631887197
369613992.0597890019
369454308.8804220557
369896236.8909730315
369712195.2133646011
369739924.1969519258
369635723.9824150205
370188723.6347914338
370133618.3153611422
370733722.4669379592
370137154.0769230723
370110066.3110367656
369586412.2976588607
369733354.0446137190
370006835.1471571922
369692365.5005440712
370023514.4319912791
369936361.5843307972
369733754.5669205785
369466378.7159956694
369492146.9717083573
369510661.0359085798
369990703.3079434037
370040849.5690968633
370072117.6245919466
370622668.5092492104
370756961.7424749136
371502400.4874864221
371526308.3025026917
371748265.1044613719
371722355.8988030553
372145709.7801958919
372533789.6421404481
372553601.4581939578
372758106.2608695626
372754706.0000000000
372528252.9966555238
372656060.0000000000
373371852.2274247408
373773164.2472024560
374116801.1057986021
374112315.4547303915
374998319.8341810703
375033041.8093645573
375277297.1196953058
375838509.4907507896
376149686.0293797851
376164283.6953210235
376218398.5714285970
376368080.8052230477
376710529.5000000000
376716055.9285714030
377400035.8139281869
377155840.2927094698
377176155.5223068595
377586980.8929765821
378043791.1471571922
378518344.7843336463
379265228.2742474675
379127795.8901322484
379170854.8829431534
379305022.2787385583
379086571.3745819330
379858687.8695651889
380148795.4481605291
380656091.1327530146
380728605.1371237636
380701764.5618728995
380455553.2775919437
380652167.6113936901
380654644.5503560305
381392061.5045778155
381497097.3123092651
381569805.8555442691
381554627.3367243409
381527894.0142421126
382027130.6408952475
382194210.8270600438
382194389.2492370009
382437579.5086470246
382430300.6337741613
382570334.9755849242
382780984.2809364796
382799061.0000000000
382839747.5351170301
383383514.1077257991
383402745.0936455131
383381728.2796518207
383381602.1196953058
383523830.1915125251
384295532.8294314146
384583157.7456765175
384288302.0100334287
384536920.9230769277
384647291.7792642117
384717616.4448160529
385316346.8661588430
385333504.9281827807
385614345.5157780051
385965825.7997823954
385886553.3645266891
386336555.9531772733
386418074.3444815874
386514474.6488294601
386571432.6220735908
386737254.6144455671
387240301.9698996544
387102096.4581939578
387425895.1471571922
387456233.5183946490
386701895.3712374568
386799324.4581939578
387091391.0193285942
386993791.6612411141
387065632.3519837260
387880800.6398779154
388094763.2341136932
388658613.1403865814
389078541.7721261382
388958776.3855544329
389173122.0132248402
389307011.4872838259
389349644.8646999002
389356323.4354018569
389313297.7039674520
389458232.7395727634
389359658.5216881633
389443691.4069175720
389273917.9976553321
388782230.3622508645
388822406.5158265233
388802825.4679552317
388538702.4056271911
389413869.5181711316
388893058.7821612358
388376829.4528301954
388373620.9090909362
388726075.4701055288
389226821.5128644705
389416192.3910806179
389476185.9155920148
389494282.3945111632
389646940.1395075917
389767947.1875732541
390154628.0679953098
390074731.0082063079
390442843.6518171430
390459910.9519343376
390551693.7502930760
390383741.6647127867
390769832.9507620335
390748727.8206330538
391260430.8473413587
391405651.6415094137
391473564.5883361697
391466661.4044548869
391141921.6861063242
391601823.2344666123
391744079.8675263524
391818515.4466588497
391874320.6822977662
391855909.6623681188
391865742.4220398664
392289008.0515826344
392983256.5127161741
393152537.5029308200
393802390.8514750600
394184228.9097303748
394189235.2649472356
394018894.0122075081
394080114.7110884786
394071292.3704572320
394900537.0574443340
394639007.4408233166
394783030.7713950872
395204946.9708404541
395613785.3516294956
395147563.4250960350
395504776.1907810569
395830208.2957746387
395766055.3431497812
395782995.2189500928
396332398.7541613579
396541255.0550576448
396606165.1805377603
397091713.6312178373
396741793.2795883417
396426965.3141852021
396825702.4802744389
396847336.7195902467
397071819.3687580228
397706244.9180538058
397799906.8847631216
397981298.9987195730
398174067.0639097691
397677622.8007518649
397605535.4298245907
397291950.6478873491
397378520.6171575189
396945368.6766917109
397197160.0877193213
396938930.7119078040
397072434.1037132144
397808078.3034570813
398073726.7221269011
398649021.3533447981
399119502.7667238712
399212446.8113207817
399215228.5986278057
399951389.8783610463
400145745.2765684724
400785578.8336192369
401063981.0883482695
401277438.5108835101
401366556.0819461942
401580549.8886043429
401834145.9948783517
402147414.0755441785
402779710.5198463798
402852955.1972555518
402931551.8610634804
402943097.0600343347
402992658.0085763335
403075826.7749120593
403399407.5660377145
403665256.4686299562
404242830.2246998549
404213582.1063464880
404539374.0343053341
404489422.0823327899
404366331.6929674149
404484949.8216123581
405008473.3516998887
405017385.9777015448
405516237.5427901745
405149621.5509964824
405645306.6612411141
406136381.4679552317
406236597.8880976439
406760776.7060020566
406702141.6073245406
406655768.1810783148
406688857.1304348111
406996510.2976588607
407082543.4414715767
407262845.6354514956
407770651.8929765821
407432894.2642140388
407715930.4896626472
408106888.3438519835
407272087.5000000000
407623565.7664670944
407720742.1511976123
407739780.4131736755
407497378.5714285970
407585958.2142857313
407938282.7035928369
407297684.6032934189
407879656.1311475635
407993945.8458083868
407923881.1206896305
408044744.8083832264
408542411.2229508162
408750189.8152610660
408445989.1122449040
408498236.6938775778
408824600.7934336662
408826260.6634746790
408951432.0642954707
409261213.7393939495
409271480.6484848261
409405517.9116466045
409116905.2424242496
409415713.0861833096
409442159.3000000119
409196557.2065663338
409306394.4993159771
409785954.5515151620
410104035.3293172717
410101666.2650602460
410310601.1939393878
410609107.6666666865
410637408.8908045888
410407452.7901639342
410640019.0598802567
410710606.2857142687
410782700.7080838084
410445168.9836065769
410714897.1302395463
410956470.3143712282
410851935.0979325175
411328333.4265506268
411352653.8454841971
411352796.0348204374
411310819.0326441526
411664476.5908596516
412202417.5712731481
412343490.9281827807
412249562.4722524285
412249647.6180630922
412721199.1262241602
413385824.6409140229
413851361.7619760633
413646400.0000000000
413999835.1302395463
414073739.8443113565
414202333.4625748396
414132261.2874251604
415044161.1167664528
415608258.9836779237
415663442.9804134965
416484477.1511976123
416329922.3571428657
416359424.5473340750
416231376.9749727845
416258590.4548422098
416951372.2121871710
417477525.0380848646
417678877.2040134072
418175682.8762542009
418228037.7759197354
418468004.9303590655
418522338.7892976403
418652099.1947769523
418665087.6365614533
418780573.5852842927
419167229.4147157073
420122247.7529923916
420290491.3177257776
420999448.0326441526
421077196.1784548163
421819680.7926421165
422386619.8130841255
422966924.0762970448
423079876.9130434990
423318356.9665551782
423298551.3745819330
423313081.1605350971
423343912.5351170301
423349781.2508361340
423802267.5217391253
424136675.0369967222
424089558.4766049981
424278717.3188248277
424478320.9455930591
424718101.1055495143
425253058.9205658436
424858345.2295973897
424949875.6428571343
425187476.2013057470
425203195.8944504857
424832195.5714285970
424833799.6779107451
425281359.2619760633
425900448.0643712282
425704096.4760479331
425771907.9180327654
425815921.0950819850
425816974.2196721435
425820738.9940119982
426015303.6751496792
425775490.6302395463
426037960.0032786727
426038515.3803278804
426168543.7213114500
426747890.2183908224
426776539.9397590160
426807812.6706827283
426431996.3999999762
426744755.9183673263
426877322.6303030252
426950058.1405622363
427038298.0923694968
426909970.8606060743
426768159.8242424130
427145473.2088353634
427264998.8955823183
427445608.2489959598
427402505.3815261126
427430427.5030303001
427640519.3172690868
427799001.2356321812
427798484.7241379023
427848023.0804597735
428246073.3606557250
428470354.5074850321
428140231.4491018057
428260608.1961078048
428231422.4446107745
428487028.9940119982
428846299.9285714030
429093598.3712574840
429116006.1452096105
429021928.9865269661
429086039.1691616774
429043956.9011976123
429005092.6511976123
429476954.8473054171
429914972.1926006675
429828305.1860718131
430339080.2142857313
430588691.4385201335
431088183.9625748396
431373541.8520130515
431587981.3571428657
431359279.2752992511
431507286.5353645086
431767139.0714285970
431836677.5000000000
432140503.3562874198
432339765.0714285970
432621608.0903155804
432727299.7192600369
432758505.3906419873
432760346.6789988875
432425799.0401337743
432438523.1170568466
432486434.6104461551
432725102.6757345200
432794557.4831338525
433452263.1939799190
433393131.1337792873
433528833.4882943034
433600592.5771027803
433541640.0050864816
433508680.6510681510
433415069.1037639976
433562801.7609359026
434390004.6929134130
434610764.3200469017
434099740.9062133431
434349297.0480656624
434349931.5039370060
434407134.1889764071
434075398.6905040741
434058089.0070340037
434012106.0762016177
434073266.0762016177
434299357.2262602448
434523544.2281303406
434690721.1698113084
434855431.0085763335
434954479.2941176295
435025140.2352941036
434997870.2941176295
434889659.7058823705
434475034.4117646813
434614570.3529411554
434843381.7058823705
435278546.7238422036
435338790.7647058964
435531248.0588235259
436001296.1492281556
436631408.2710120082
436498663.8353344798
436733415.7948417068
437114236.5248713493
437280091.9108061790
437155236.7647058964
436863452.9176672101
437137159.7058823705
437106161.3529411554
437140849.7058823705
437241577.0000000000
437231752.2941176295
437527142.3802816868
438153033.6056337953
438093371.5390524864
438250898.1677336693
438316479.7647058964
438517553.6504481435
438629088.4122919440
438663314.6747759581
439444385.4117646813
439653186.5294117928
439769519.2941176295
439978210.6072041392
440126636.5882353187
440187572.4202401638
440259482.1764705777
440314285.8027444482
439899299.8799313903
440497233.6295025945
440494451.8421955109
440887942.0246189833
440048513.1063464880
440019886.3856975436
440112834.9965694547
440155677.8250429034
440423868.5334476829
440194637.3259004951
440550353.1560891867
440593092.7066895366
440889804.9571183324
440991391.3529411554
441249840.6706689596
441841802.6277872920
442306046.2352941036
442527596.4705882072
442535008.7647058964
442534869.3529411554
442802627.7873070240
442936612.8627787232
443135224.6072041392
443161969.6037735939
443340742.6397941709
443802649.2352941036
443837632.3053173423
443366276.4665523171
443311328.4922813177
443236434.9812426567
443244478.5866209269
443565277.4888628125
443919098.3329425454
444068015.2283464670
444094857.3962485194
444159242.9777256846
443663505.4330708385
443816806.4645669460
443736627.3622047305
443786976.1086956263
443684048.3913043737
443839353.6956521869
444141643.5217391253
443992311.2644964457
444169460.6388606429
444192265.6826042533
444425011.5218718052
445259210.2960325480
445372365.9084435105
445552011.2044761181
445937051.9389623404
445623856.7173913121
445700328.1739130616
445712706.6086956263
445705340.0652173758
445835217.6521739364
446519404.3143438697
446950519.1304348111
447027171.4782608747
446607245.1932858825
446718589.2391304374
446783389.8626652956
447026547.8708036542
447082521.4211597443
447069544.9064089656
446988612.8321464658
447065351.0010172725
447059564.4710071087
447271872.6653102636
447277736.4689725041
447446569.1521739364
447496721.2173913121
447637117.1417322755
447653858.0078740120
448208922.2173913121
448049016.3228346705
447155382.9130434990
447105460.8695651889
446654294.1968504190
446530738.2173913121
446551424.9782608747
445861613.3043478131
445911076.9782608747
446222871.3913043737
446296992.2204724550
446314911.9842519760
446685578.1956521869
446734899.4314185381
446660783.6692913175
446865997.6062992215
447260032.8956623673
447526813.2913385630
447663121.2626025677
447683694.8780773878
447781404.8991793394
448173382.5826771855
448867564.8827667236
449346434.9882766604
449417307.8628370166
449538961.8944900632
449790502.8874560595
449490409.5298944712
449234351.8765008450
449030713.8353344798
449780594.3529411554
449881682.8987993002
449992812.5231561065
449936047.8576329350
450829006.5294117928
451292725.7058823705
451696272.1882202029
451917660.2829705477
451873308.4263764620
451900167.0230473876
452004751.2304737568
452005518.2681704164
451684688.5263158083
452462930.1679198146
452475207.6215538979
452389444.1992481351
452337252.6350831985
452467802.9298245907
452610506.9035087824
452686049.5576441288
452722838.1478696465
453354190.9180538058
453954934.3367477655
454303090.9462227821
454833256.1176470518
455070069.9475032091
455330703.0947503448
455341602.6081946492
455379296.2355954051
454983443.2522407174
454466783.2941176295
454946275.7183098793
454947013.6274007559
454962398.7058823705
455091571.4117646813
455435627.7058823705
455292898.2189500928
455020640.1574903727
455024971.4737516046
455301693.9692701697
455742040.8045112491
455389240.6779448390
455532418.4335839748
455102553.5776942372
454881128.1416040063
454761012.1613316536
454984364.3571428657
455381898.6274007559
455592404.3734335899
455728478.9949874878
456309229.2368420959
456510307.9091868997
455828241.1393875480
456527525.6019007564
456654142.2133051753
456655440.5153115392
456205966.3400211334
456399724.7740232348
456419307.7961985469
456420518.4350580573
455841088.3790918589
455965615.0084477067
456487249.7645195127
456812541.7909187078
456893254.4741288424
457644035.3305174112
457301842.2268170714
458045952.4223864675
458153486.9102428555
457850112.7296726704
457985724.3516367674
457230041.6114044189
457566150.5923970342
457704910.9429778457
457829683.2946145535
457980232.4372623563
458497056.8669482470
458570890.0802534223
458580796.9788807034
458692177.9873284101
458853236.6779302955
459663295.7414448857
459667079.3992395401
460020214.7034220695
460104889.3726235628
460239778.4562737346
459735138.5513308048
459727749.7404580116
459945666.9923664331
459601255.7169811130
459726785.9811320901
459823288.0377358198
459849783.0188679099
459301742.4591194987
459655224.3962264061
460109086.7295597196
460152339.6855345964
460383888.2704402804
460729022.0125786066
460729785.3962264061
460731167.1635220051
461059224.6729559898
461209653.8930817842
461933413.3442623019
461574737.5081967115
461838399.1086956263
461872581.1089552045
461873988.3492537141
461823491.0000000000
461478616.9245283008
461483392.2327044010
461559738.5000000000
461590633.0409836173
461124281.1641790867
461085269.1402984858
460488131.0737704635
460710678.1475409865
461117817.1069182158
461120565.9685534835
461463699.2704917789
462107091.5723270178
462588187.9371069074
462937971.1320754886
463401074.4716981053
463322038.3584905863
463957300.8000000119
464218781.7113401890
464199682.7358490825
464258213.6030927896
464330822.4222221971
464313135.9777777791
464639460.3762886524
464930906.0992366672
464995895.8015267253
465360702.8098859191
466225848.4427480698
466826373.3511450291
466923992.5343511701
467311804.8091602921
468146962.8859315515
469030940.2509505749
469043341.2133051753
469155615.8060836792
469350559.4448668957
469552932.0342205167
469772008.3674762249
469088792.4920802712
469138012.9757127762
468982435.5701754093
468988193.5614035130
469279823.1119323969
469117021.5649419427
469189774.5755015612
469469447.8838437200
470282377.0651628971
470294493.8521303535
469739233.4849624038
470124681.9014084339
470796067.3496240377
470952871.7682458162
470979761.4647887349
470288869.1604009867
470198044.6629072428
470462739.5670538545
469892793.4065470099
469911724.5110876560
470177088.7845829129
470059908.7898627520
470061558.4973601103
469827497.6198521852
469990563.9440338016
470078183.5893536210
469843596.9197465777
470007505.7756654024
469997995.0458015203
470627714.2595419884
470736809.9160305262
469935337.3298969269
469627508.5555555820
469042208.8113207817
468914815.7798742056
469381317.1311475635
469552321.0000000000
468986347.0791044831
469549853.8305084705
469781200.3867488503
469247171.9768875241
469113976.2535211444
468651189.2912172675
468774075.0092449784
469449208.8358209133
469457053.9388059974
469918503.2776119113
470233095.8597015142
470073625.2194029689
469797972.6805970073
469635835.4447761178
469304071.1940298676
469464661.2522388101
469823760.5298507214
469829408.4820895791
469841787.1328358054
469944600.4029850960
469949285.9865671396
470585183.0061632991
470945023.0358209014
470185696.4373134375
470077932.3492537141
469725472.4262295365
469481764.8032786846
469743341.9119496942
470363504.5283018947
470253444.2138364911
470499618.4888888597
471037481.4020618796
471155122.0152671933
471245098.4427480698
471250748.6288659573
471411671.1132075191
471723387.0251572132
472506300.0444444418
472565671.9559748173
472722723.1649484634
472019606.8616352081
472211701.9308176041
472232416.9119496942
472237366.6477987170
472707376.6958763003
472723977.1555555463
472482727.0000000000
472344008.9555555582
472358589.7484276891
472603490.7421383858
472610851.7232704163
473140182.5103092790
473397501.3144329786
473919136.5111111403
474193654.9245283008
474338037.1383647919
474328891.9559748173
474383347.5094339848
474466146.5786163807
475014960.7106918097
474718830.8852459192
474870853.6540880799
475280475.2201257944
475826439.1639344096
475834730.1967213154
476008243.5471698046
476606672.7169811130
477205891.4465408921
477242944.3899371028
477323702.9622641802
477723748.9182389975
478199661.2075471878
478524693.9433962107
478538873.8666666746
478543115.3777777553
478653731.1391752362
478889214.2888888717
478507029.6649484634
478610195.6082473993
478602296.4274809361
478671146.9236640930
478437722.6488549709
478210622.2977099419
478263903.8167939186
478490654.6197718382
478609720.4198473096
477945386.8702290058
478191971.2835051417
478203501.2371134162
478287986.8490566015
478596742.9432989955
478824924.0824742317
479470435.0534350872
479613605.8091602921
480305726.1030927896
480617176.3773584962
480784657.0888888836
480718698.8666666746
480409337.4402515888
480661203.1006289124
480925597.1069182158
480922318.7777777910
480938930.7232704163
480764417.8444444537
481340864.2628865838
481137714.7555555701
481395738.0773195624
481516419.0103092790
481524217.1597937942
481674298.0222222209
481702696.6701030731
481963644.0773195624
481878723.4742268324
481481995.5618556738
481129171.9847328067
481606160.7328244448
482325710.1984732747
482751888.6335877776
483395067.9467680454
483508856.3269962072
483500630.1526717544
483683556.3435114622
482813986.1330798268
482860901.0211192966
482595436.1482889652
482912201.3738120198
483313191.3189017773
483093538.9017951488
483635203.0887011886
483222240.3057644367
483288317.2907268405
483167795.8014783263
482889296.5300751925
482897213.1854636669
483194932.6967418790
483548833.4260651469
484021690.8574445844
484392966.7539598942
484420612.1003167629
484524761.6937698126
484540847.2851108909
484541606.1787072420
484657912.8060836792
485088406.0266159773
485364543.3435114622
485729817.5171102881
486162754.5285171270
486261166.2699619532
486274780.1026616096
486732723.8944033980
486875535.8236536384
487484641.9883843660
487573359.5828933716
487590308.8326995969
487720864.7560718060
488142641.3041825294
488503772.5285171270
487951576.5725190639
487971057.1145038009
488007595.5419847369
488237526.4068440795
488346147.7938931584
488361139.3358778358
488257481.4198473096
488548881.5114504099
488790586.4562737346
488736555.3003802299
488717993.4904943109
488747243.7262357473
488938777.0418251157
488613460.2366412282
488800532.2623574138
489265707.1145038009
490055950.3460075855
490616236.7938931584
491449487.0152671933
491426344.9923664331
491496958.3506289124
491672678.7938931584
491187290.7704402804
491208768.0314465165
491348269.6682389975
491417045.3820754886
491475614.0833333135
491385631.3097484112
491410622.7248427868
491498199.1320754886
491725805.3647798896
492155146.8865979314
492603638.9103773832
492542488.4874213934
492566828.2783505321
492745347.1777777672
493297266.9245283008
493305310.8364779949
493619731.3270440102
494100373.5491803288
493998405.0737704635
494028028.3524590135
493985495.0869565010
493985868.9565217495
494121691.7950819731
494294316.6477987170
494372272.8238993883
494390400.5094339848
494629967.5031446815
494698947.3278688788
494236559.0955224037
494848712.8278688788
494925066.0983606577
495538293.2830188870
495165051.6226415038
495245017.9937106967
495859272.0125786066
495936773.0737704635
495464780.5345911980
495867204.5786163807
496467458.3777777553
496676876.2268041372
496288725.9111111164
496840201.0670102835
497170318.0377358198
497395125.0330188870
498246280.9329897165
498156810.5412371159
497875336.5220125914
497951637.5503144860
498455401.5670102835
498499752.9123711586
498409638.9381443262
498815405.3993710876
499237524.7319587469
499298863.8444444537
499408102.0377358198
499525377.0817610025
499936438.4339622855
500660772.1194968820
500623466.9874213934
500640534.7044025064
500559376.5723270178
500628623.4666666389
501238954.0360824466
501187048.1546391845
501626537.2578616142
501649928.1237113476
501647698.0051546097
501846256.8349056840
501977898.3195876479
501974213.1333333254
502846590.2389937043
503059033.6918238997
503406847.4754098654
503897239.5869565010
503489736.7940298319
504209471.7343283296
504293094.1805970073
504603025.9014925361
504893574.9134328365
505490535.3641790748
505530249.2973805666
505539136.1556240320
505509385.1186440587
505394823.0647149682
505731445.2758089304
506176582.5340313911
506364253.9842932224
506514393.3717277646
507000760.9057591558
507223394.5423312783
507451141.7865030766
507480554.8834356070
507507078.1104294658
507661648.1803681254
507846387.1926380396
507950236.1717791557
508328475.2110429406
508436916.3607361913
508851979.6125654578
508901584.4921466112
509740686.9267015457
510134404.7426810265
510133391.2403697968
510112431.8459168077
510097334.7395994067
510189681.2388289571
510391936.6363636255
510403614.4791987538
510709791.3852080107
510478016.1694915295
510622344.9162303805
510778761.7950693369
510639166.1124807596
510651678.1448382139
510758214.4252696633
510543481.0059701204
510696194.4611940384
510987244.5377503633
511119264.0369799733
511165466.4637904763
511210261.9060092568
511317342.8985074759
511570830.6533128023
511213563.0015408397
511254953.3497688770
511478910.0231124759
511914042.2535211444
511881180.5916230083
512103605.4406779408
512091018.1710323691
512297401.0493066311
512355513.8089368343
512764804.0138674974
512852832.9447761178
512854940.7716417909
512833364.1567164063
512863073.6348227859
513591990.3661971688
513946949.1727748513
513727423.4240837693
513500338.4607329965
513563145.0837696195
513565113.3926701546
513606019.1465968490
513859493.4871165752
514658314.8319018483
514754955.7583187222
515298747.9772329330
515655723.2760736346
515743541.1243432760
515789136.1079754829
516060580.1374233365
515592239.8588957191
515857358.4240837693
515812166.2251309156
516155679.1879814863
516326016.5211267471
516432462.9685863853
516529831.2403697968
516806988.1432973742
516792123.1494607329
516716757.7226502299
516843678.1494607329
516888994.7164869308
516055659.9476439953
515633458.0539291501
514932165.6409861445
514935880.8551617861
514976781.7820895314
514962143.7565485239
514933130.8690292835
515011479.0184899569
515068502.8166409731
515245754.1355932355
516012669.6776119471
516014304.8671641946
516244825.4130434990
516118328.8029850721
516526758.9836512208
516422192.3695651889
516501958.1416893601
516576200.8828337789
516593843.5722070932
516717939.3044776320
516814421.9388059974
516860979.0014925599
516179219.3990755081
516738744.1656716466
516797402.0149253607
517183713.9089552164
517200694.0791044831
517367669.0119403005
517494927.4567164183
517767205.4761193991
517584188.4014925361
517598149.0179104209
517762222.8913043737
517765941.3478260636
517874250.9074627161
518015387.9447761178
518044892.6507462859
518102839.9014925361
518516282.0462686419
518568848.6956521869
518580984.2826086879
518597085.5000000000
518970367.3522388339
519591936.7173913121
519701387.4782608747
520516147.4141689539
520657167.9754098654
520774565.1525885463
520937627.3442623019
520143717.2173913121
520496352.9346048832
520694383.9016393423
520859925.9811320901
520808047.9811320901
521100445.0377358198
521154545.5491803288
521424560.4088050127
521658979.5327869058
521698710.2377049327
521857132.1307901740
521963529.8524590135
521690642.4426229596
521193395.4180327654
521618237.4213836193
522026386.6885246038
522322213.2704402804
522996298.6540880799
523288653.3647798896
523765039.7333333492
524449491.4329897165
524521859.2525773048
524526551.4896907210
524417891.4587628841
523681697.0550314188
523369453.8647798896
523502436.6666666865
523578980.3350515366
523821532.7169811130
523552523.6855345964
524245061.4123711586
524537779.4226804376
524798543.0666666627
524666587.0251572132
524136256.6352201104
524960354.6000000238
525250373.7893081903
525971048.8144654036
525968670.9371069074
525991495.9639175534
525800117.4088050127
525916820.1237113476
526148685.9333333373
526171440.4020618796
526219629.8444444537
526342788.9433962107
527051302.8969072104
527769485.0440251827
527852612.3999999762
527826958.3333333135
527335988.3899371028
527864355.8427672982
527865689.9308176041
528162808.6546391845
528551328.9874213934
528559816.4150943160
528570615.7924528122
528589468.4654088020
528626892.5283018947
528737022.1761006117
528848615.3899371028
528904955.1886792183
528906400.2327044010
529638148.9937106967
530000831.9226804376
530043635.1237113476
530248300.6886792183
530520448.0471698046
530581151.9948453903
530795212.7295597196
531306520.0707547069
530993454.9009433985
531274730.4858490825
531600029.2216981053
531730723.9559748173
532219498.9889937043
532391939.0078616142
532789148.2525773048
532995402.2578616142
532239605.9921383858
531680275.6194968820
531637546.3081761003
531686789.2783505321
531546767.4103773832
531557092.8820754886
532082664.2264150977
532170346.9083969593
531536794.6446540952
531637083.3664122224
531169154.0839694738
531365864.8778625727
531113698.4427480698
531286829.3435114622
531664945.9389312863
532068653.7452471256
532083309.7110266089
532132977.6653992534
532128109.4045801759
532299511.0836501718
532342156.2808870077
532443380.7338402867
532449124.4828897119
532673215.9505703449
532860817.3307985067
532948428.9087452292
532570863.2927756906
532419837.6577946544
532436936.6235741377
533255714.5322069526
533368089.0612460375
533633637.6463878155
533803400.6121672988
533899917.7908745408
534287230.2671755552
534326613.7328244448
534709654.0763359070
534737352.0381679535
535019078.3435114622
535096106.0660377145
535238764.8270440102
535447928.3836477995
535388886.0916030407
536313951.3836477995
536117488.9418238997
536604163.9770992398
536630110.5496183038
536593572.1221374273
536953236.4323899746
537735150.5309277773
537047794.2888889313
537263500.2955974340
536892273.8679245710
537042216.4672131538
537185795.4276729822
536911950.6603773832
537032597.7610062361
536822841.1383647919
537289715.7610062361
537485608.0125786066
537676969.9811320305
537699506.4088050127
537791320.2767295837
537827366.2201257944
537476340.3647798300
537471167.6792452335
537825764.6729559898
538132738.7232704163
538916952.3999999762
538897636.3459119797
539164250.2666666508
539155864.0444444418
539278032.2389937639
539681807.8301886320
540197771.6888889074
540417398.7924528122
540722244.8402061462
540856859.9639174938
540586983.6237113476
539805219.3286163807
540340922.7113401890
541013303.9811320305
541441960.5412371159
541524060.2886598110
542130705.6996855736
542184459.8443396091
542194630.7138364315
542926330.8762886524
543732369.2657232285
543908575.4544025660
544238718.2577319145
544455541.6288659573
544590600.2216495275
544832477.5283018351
544935783.5660377741
544810253.3018867970
544840647.6981132030
545123740.5333333015
545312654.7798742056
545420749.7987421751
545535691.4123711586
545619939.6888889074
545734956.2222222090
545909004.1752576828
545680638.2138364315
545830303.5974842310
545866961.5534591675
546035821.6918238401
546020566.9754098654
546100187.8278688192
545926212.2377048731
545925830.2049180269
545999929.2578616142
546245189.5983606577
547207780.8474113941
547230627.7683923244
547534320.2833787203
547754244.0491802692
547924136.8283379078
548090924.8776119947
548257961.3043478727
548332745.9565217495
548577796.5803815126
548809988.3478261232
548558040.2223880291
549130517.0432835817
548553120.4514638186
548373019.5762711763
548455498.0805970430
548471852.1731343269
549134620.4946070910
549157534.3374421597
549360790.8459167480
549203663.2742681503
549219836.8985074759
549540612.0677965879
549819716.8089368343
549993873.0179104805
550780839.7391303778
550899023.6185286045
550675347.3970149755
550878221.4795640707
551076127.8065395355
551546008.2835820913
551848892.2000000477
551854096.8044775724
551779726.7089551687
551797301.7014925480
551821678.1641790867
551997667.5701078176
551997969.9707242250
552152367.2557780743
551985506.7457627058
552214998.6805970669
552385026.1134328842
552278134.1492537260
553072827.3373134136
553217647.1248073578
553246152.0000000000
553426021.3359013796
553529924.9845917225
553041374.8597842455
553202519.6979969740
553543169.1361256838
553688419.4838212729
553602302.1832460165
553474127.5654450655
554175193.5926380157
553509123.2094241381
553505467.2513089180
553490621.2094241381
553607278.8586387634
553751588.8376963139
553031062.6085889339
553059146.8674846888
553222022.5006134510
553236150.6552146673
553630661.3435583115
553788725.4736195803
553565352.6895705462
553874192.8368098736
554255198.5914109945
554205144.5815950632
554357874.9790575504
554282246.1619632244
554912362.4136126041
555071253.4345549345
555090848.9291217327
555164910.7318952084
555722127.9895287752
556094186.3913713694
556197355.9861325026
556703130.0895522833
557323994.3447761536
556933615.3695652485
557140240.8038147688
557451916.4168937206
557229578.8038147688
557180161.7441860437
557305763.3260869980
556922159.3552238941
557290421.9298506975
557855761.2611939907
557982933.8716417551
558091775.8604651690
558118360.4883720875
558128058.7391303778
557420442.5402984619
557509812.3865671158
557157597.7104477882
557469310.3975347281
557515183.7134052515
557544365.8582434654
557833032.1725732088
557830116.0986132622
557992331.3882896900
558107582.4391371012
558547854.2634823322
558584690.6271185875
558850691.9969183207
558792518.3389830589
558602016.4483821392
558768169.4314329624
559444249.1716418266
559918852.8397535086
560136986.8690292835
560154394.4822803736
560462096.8967642784
560412487.0261780024
560634030.5811518431
560940544.0446841717
560948066.5238828659
561282057.1204189062
561289787.8586387634
561796025.1361256838
562661238.7141103745
562784406.9558281898
562786819.0490797758
563081374.5026178360
562737970.8613497019
563115773.6753926277
563390166.8219895363
563633280.3507853746
563678907.8795810938
563939330.1901839972
564898230.5497381687
564250975.5374233723
564631200.5026178360
564847918.7643978596
565181889.1727749109
565569168.9852761030
565605944.9668711424
565559231.1030675173
565935273.8723926544
565954900.6987740993
565157157.0630472898
565725446.5448613167
566589393.7005254030
566881164.9719790220
566550474.0588957071
566911580.5067484379
567492551.6439790726
567564597.8638743162
567568787.7748690844
567824242.6760563850
568071594.9599384069
568322041.5026178360
568434258.1525423527
568270284.2827224731
568794724.1099476814
568803471.2041884661
569013144.9214659929
569068698.0314135551
569143309.5654450655
569198932.6125653982
569293653.4807395935
569275871.2018489838
569975590.7225130796
570134467.6009244919
570207990.7746478319
570209951.8169014454
570261864.2984293699
570516627.8797545433
570508628.9528795481
570615394.7582821846
570830381.9361963272
570180758.5815950632
570192739.4395797253
570147932.3800350428
570164047.6952714920
570215117.2521891594
570572858.9264448881
570494323.8423818350
570831048.2430669069
570909846.1027731895
571444217.1076672077
572110733.1435562372
571697195.5008156300
571685874.6315789223
572050128.2218596935
572627512.0000000000
572892616.4223827124
573372205.5791190863
573611346.7063621283
573835076.0815660954
574506575.7600700855
574524574.8678629398
574354241.4323002100
574997769.4910277128
575401605.3274955750
575021739.4736195803
575459177.0723925829
574767894.6858638525
575338905.9202454090
575332678.5411043167
575696890.0994764566
575902517.5361963511
575944563.4871165752
576566087.9717791080
576198289.2981594801
576309073.7754601240
576131187.1509202719
576279954.3187390566
576756543.9030674696
575887155.7533742189
576534274.4331288338
577361504.4781085253
577605324.2110430002
577734001.8493870497
578507693.8895705938
577680869.0601227283
577249498.0418847799
577537471.6335078478
577645177.5078533888
577663714.4869109392
577530141.3089004755
577580351.2220858335
577517614.3325153589
577530910.6711655855
577406622.1263803244
577478172.9116564989
577940582.0595446825
578296387.9030674696
578311076.5202454329
578552168.1644171476
578757271.6601227522
579006440.9386502504
578876915.5811518431
578901008.3874346018
578904633.9057592154
579198666.7165644169
579853322.6613496542
580200695.7197898626
580259060.8966724873
579877290.2381786108
579771207.4290717840
579848193.6112084389
579854529.3450087309
580143372.3190183640
580319235.9533742666
580466132.0963222980
581025677.4049079418
581292935.3435583115
581328878.8674846888
581369498.1288343668
581248220.1374232769
580920924.5914109945
580817552.3190183640
581369324.8184049129
581658455.3950920105
581279690.9128834009
581286352.3226994276
581333008.9006135464
581595165.5484662056
581596040.4147238731
581470604.3116564751
581548488.7484662533
582015890.2319018841
582375924.7987730503
582380742.4625766277
582778400.9159369469
583290601.0650306940
583675724.7302976847
583478945.6742557287
583794172.0897226334
583701254.6672104597
583930067.4185639620
583770635.1260945797
583893276.6024518013
584055596.8546409607
584273964.9807355404
584302976.0052539110
584432636.6234675646
584464165.5113835335
584564667.0770578384
585218832.7705779076
585587812.1941272020
585662095.9053833485
585970989.5150420666
585995155.2671480179
586662085.4029363394
586891152.3605220318
587835986.7092819214
587824466.4553414583
587649596.4500875473
587896628.0674846172
587898526.3555166721
588664184.6970227957
588446610.1208406687
589072197.6871166229
588473275.3791410923
588421687.3612565994
588902082.9963190556
589551218.4712041616
589611795.8691099882
589918263.8890601397
590042425.5352113247
590536408.2326656580
590511257.4684129953
590570742.8089368343
590701466.0862865448
590717621.5254237652
591038430.8791044950
591098272.0477658510
591288393.3251155615
591848838.6779661179
592144707.3089551926
592153780.3970149755
592350341.6178736687
592097686.9761193991
592297510.2059701681
592384235.0611940622
592452039.0077041388
591620432.5805970430
591259183.2999999523
591639877.2773497105
592366874.7919876575
592459879.1540832520
592482295.8952879906
592769604.6282722950
592537139.7591623068
592558755.8638743162
592586334.5963189602
592058536.4368097782
592059359.8306748867
592163457.3889570236
592021455.8429447412
592080066.3337423801
592331740.7958115339
592324194.7068063021
592666243.6625766754
593027364.9693251848
593042528.5141104460
592709777.1865030527
592811173.9319372177
592840103.3874346018
592970985.1126760244
593159507.1308900118
593464910.4788732529
593727250.5759161711
593918782.4331288338
593929766.7938650846
593749560.5398772955
594148853.0871165991
594294768.4613497257
594863137.3036649227
594976671.6760563850
594743412.6753926277
594474304.1518324614
595109920.5968586206
595418179.1047120094
595570349.9644172192
595890489.8368098736
596267939.3472392559
595985898.0220859051
596024614.9914110899
595989029.3612565994
596430806.4245399237
596567727.8490797281
596289673.4293193817
596744267.8795810938
596495066.7748690844
596935827.8453987837
596936934.5521472692
596998978.3386503458
597387192.4293193817
597446963.1889570951
597234036.7901840210
596940221.3874346018
597042665.1725732088
597175999.8027734756
597741079.0539290905
597397843.0157067776
597897040.3386503458
597779174.1656441689
597941183.8115183115
598110802.8184049129
597671877.6073298454
597775742.8219895363
597770925.9162303209
598134913.3300613165
598466570.6125653982
598595130.9790575504
598600442.3612565994
598113555.1975460052
598121932.7411042452
598608062.0012270212
598984115.7165644169
599064075.5484662056
599132975.6871166229
598968003.8993865252
598878742.6785275936
599036204.7068063021
599045389.5026178360
598240482.7591623068
597929080.2295839787
598634834.8674883842
598248722.6149253845
598440251.1987673044
598954858.0537313223
599436443.0869565010
599477882.4196184874
599902530.5819672346
599922388.2452830076
600347083.2915531397
600357456.9727520943
600952427.7826087475
600964708.0217391253
600335811.7865672112
601106433.6511627436
601973039.8032786846
602018633.4196184874
602078964.8934426308
601355921.6046512127
601450832.6086956263
601669162.8014925718
601537759.5164178610
601592041.7358208895
600619684.2773497105
601002312.3910447359
601521705.8999999762
601978136.3732969761
602248462.7441860437
602058134.7493188381
602069511.4250681400
602617749.8032786846
603161542.9308176041
603302345.6477987766
603729950.4716981649
603754027.7547169924
604057300.2377048731
604313571.7002724409
604181983.4651162624
604186179.0163487196
604349590.6885246038
604453522.1886792183
604459796.6477987766
605234841.8050314188
605325415.5408805609
604740998.6540880203
604800047.5819672346
604701952.8113207817
604973598.4213836193
605063258.5031446218
605079502.4842767715
604630674.3207547665
604640922.8867924213
604244285.8553459644
604657718.9918032885
604744774.6311475039
604809147.1069182158
604732431.0754716396
605286852.6393442154
605299306.1885246038
605544212.8038147688
606054221.3841961622
606126909.3242506981
606647983.6721311808
606685454.2377048731
607081241.9836512804
607400150.7391303778
607257653.7388060093
606601753.7701492310
607006884.1283582449
607240299.9223880768
607645729.8906009197
608146553.0570107698
608037302.6805970669
608185916.4791045189
607547085.6521738768
607783309.1739130020
607965329.2043596506
608343991.0434782505
608476386.5671641827
608485657.4883720875
608346326.9182561636
608585724.5116279125
608508142.5850746632
609272338.7929155827
609254725.1627906561
609831106.4059945345
610313022.1086956263
610826082.3447761536
611100212.3260869980
611817495.9182561636
612018327.7493188381
612227287.7049180269
612492641.8364779949
612877667.5157232285
613546935.6603773832
612948063.2830188274
613508122.3018867970
613530681.7798742056
613689869.5974842310
614143532.8196721077
614376566.5573771000
614930072.3079018593
615073875.1689373255
615532280.6557377577
615256990.7247956991
615330863.2534060478
615592029.1860464811
615310492.3913043737
615464577.7209302187
615662226.8147139549
615182592.1956521273
615135348.8223880529
615386435.5694823265
615282964.9209809303
615424734.5640326738
615224328.5327868462
615126718.6229507923
615081592.0737705231
615292971.0819672346
615800102.8616352081
616024457.6100628376
616168889.7459015846
615938682.7220708132
616097933.3278688192
616200816.5122616291
616325983.1739130020
616294080.5000000000
615744698.8038147688
615686352.5422343016
615754253.8770492077
615779991.2213114500
615181644.0790190697
615200181.4836065769
615729210.6046512127
615731765.9069766998
616073639.1739130020
616650310.2477612495
617435936.6521738768
617512915.1716620922
617818861.8442622423
618152170.5471698046
617956117.8360655308
618556636.1444141865
618460653.1852860451
618893070.0232558250
618617126.4305176735
618183500.9302325249
618563688.2868852615
618931129.2459015846
618948629.3196721077
619024644.5573771000
619086336.2622951269
