10000
10 5
4 18
18 9
7 11
20 16
14 2
5 7
5 2
11 11
16 12
7 18
1 7
85 84
3 5
5 9
16 8
4 12
6 9
12 36
17 45
23 103
41 49
25 49
57 41
4 3
17 2
11 17
18 1
17 3
7 9
6 45
30 84
31 12
8 3
35 64
18 13
13 44
8 5
16 2
19 8
13 15
18 18
17 1
19 7
15 7
3 18
4 5
80 145
73 125
59 110
8 6
3 5
15 7
9 1
9 14
5 10
9 85
29 71
18 10
7 46
16 51
6 5
4 9
20 10
20 13
8 4
12 11
17 10
5 4
8 24
24 80
13 40
9 20
40 32
2 4
10 15
5 19
5 2
21 116
57 3
59 5
38 48
61 69
8 3
15 2
7 17
10 2
17 1
9 13
19 8
4 19
15 9
6 9
20 96
47 84
45 39
3 60
20 9
30 69
2 1
8 2
3 17
2 8
18 67
32 32
5 5
11 8
18 17
13 19
14 15
14 8
3 4
47 7
30 22
25 37
6 2
2 10
17 5
3 13
11 11
6 13
13 4
10 4
45 62
18 36
11 87
28 11
38 32
6 50
41 16
41 41
11 14
24 58
6 2
19 19
16 12
9 1
16 1
9 9
11 8
3 5
57 143
5 116
77 1
8 1
20 19
11 17
15 19
12 20
5 15
12 11
16 19
17 6
1 4
10 10
7 3
19 18
3 2
20 11
18 18
4 17
15 17
16 14
2 7
27 85
73 99
6 2
8 3
10 14
15 4
15 14
2 8
17 7
6 3
47 34
21 36
29 45
7 73
64 33
21 141
5 3
20 18
16 19
12 3
19 12
11 15
8 3
9 110
13 153
68 58
10 150
44 70
15 148
48 154
23 95
3 4
13 12
9 19
6 1
2 10
53 80
47 55
4 5
2 17
6 3
1 9
14 3
7 3
26 75
24 49
4 52
26 42
19 34
39 44
37 54
1 5
14 15
9 3
45 18
51 24
32 100
15 5
15 3
36 73
28 50
12 91
13 61
4 3
9 13
18 16
12 1
14 16
10 6
33 4
34 88
34 89
8 20
9 60
17 19
46 93
18 61
16 96
30 47
8 5
9 5
3 4
5 9
11 3
6 12
11 12
7 4
14 3
6 6
66 45
28 92
46 75
35 81
42 40
51 59
8 5
2 13
2 5
7 17
7 6
3 19
2 15
2 4
20 9
7 4
23 4
59 91
7 22
24 15
48 108
5 114
10 38
7 4
16 14
4 1
5 10
12 18
4 9
19 6
3 4
6 2
43 89
19 58
28 59
20 82
3 110
55 7
1 2
1 15
6 1
34 29
40 82
2 2
47 57
46 40
38 2
6 3
13 5
2 4
13 12
1 12
4 19
8 19
4 3
42 66
12 42
28 91
22 72
7 3
5 16
11 17
14 16
11 2
14 13
7 9
20 9
10 3
58 43
22 113
26 73
38 75
30 31
49 65
45 88
58 39
29 34
25 30
6 1
6 8
15 7
1 16
11 5
15 5
1 18
1 4
64 110
3 4
3 12
19 19
3 17
7 10
73 84
30 80
79 145
18 44
33 52
3 115
40 51
5 2
7 16
11 3
17 16
17 10
17 12
8 2
9 72
26 3
8 20
8 4
19 58
20 44
35 42
3 77
4 2
16 9
15 12
7 6
6 6
7 6
54 60
37 47
45 105
31 85
1 95
38 34
58 27
10 3
5 18
2 11
2 20
9 7
5 3
18 9
20 3
7 11
1 9
19 11
5 1
70 43
52 47
30 163
34 166
51 143
6 5
8 17
17 17
6 20
14 11
1 19
7 16
8 2
30 59
29 35
20 80
39 2
3 82
27 10
28 84
33 36
6 4
11 7
15 19
13 12
10 13
2 10
5 1
10 7
32 68
11 14
32 10
33 48
22 43
3 62
16 23
13 68
17 42
7 8
1 1
6 4
2 3
1 101
22 111
7 2
11 11
9 13
1 3
16 5
5 17
8 5
15 15
4 7
43 103
10 29
26 28
52 27
6 2
4 19
16 6
11 12
15 13
15 19
1 16
8 10
31 60
12 34
65 99
59 132
30 109
34 23
75 81
14 74
8 5
5 3
5 6
15 5
2 1
17 8
20 17
5 19
8 12
3 2
25 26
45 130
12 78
3 4
4 8
18 17
8 2
1 6
29 35
8 4
7 14
6 5
2 2
12 18
12 5
16 16
20 7
2 5
10 10
34 26
45 108
23 53
9 58
5 81
40 43
23 82
44 68
6 35
60 59
6 3
12 15
13 13
8 18
6 18
16 12
17 18
3 5
10 122
72 51
10 67
8 2
18 13
10 5
17 13
15 2
12 20
1 1
9 12
6 7
2 10
3 118
11 72
2 4
12 12
19 4
3 2
31 25
31 40
48 72
3 4
3 7
16 14
11 7
4 4
83 160
10 66
54 35
39 127
10 4
14 17
7 18
7 18
7 15
10 19
19 2
6 18
12 9
19 7
4 2
5 9
29 99
68 30
5 58
11 127
44 124
9 4
2 13
7 16
6 15
9 2
6 9
1 5
13 16
14 12
12 8
2 9
9 85
28 34
3 5
19 5
5 20
10 2
4 1
30 102
36 47
34 34
20 75
10 1
2 5
16 16
4 2
6 18
20 16
5 18
13 7
20 14
11 10
3 13
4 5
71 177
84 170
60 57
32 142
6 3
10 13
16 9
14 6
20 12
8 5
20 12
5 1
60 106
66 129
43 52
58 116
4 78
6 4
7 14
9 13
9 9
4 18
7 2
9 1
8 6
31 16
9 51
2 69
46 86
8 55
7 17
28 11
8 22
2 1
18 18
14 1
6 6
47 83
29 25
8 106
30 53
38 68
68 95
5 1
12 19
6 10
12 4
12 20
8 11
1 5
35 162
8 5
17 17
17 2
14 17
16 19
3 15
16 20
13 8
5 16
9 2
21 82
13 37
67 135
34 54
52 90
73 91
26 51
5 27
5 9
5 3
14 5
18 3
19 10
6 9
2 2
10 1
37 90
32 37
29 89
5 82
28 24
8 15
6 89
47 71
4 52
50 50
8 3
15 18
19 12
10 2
16 1
7 11
8 14
7 4
2 14
2 8
77 133
19 61
7 2
6 17
7 9
15 11
20 2
5 8
20 18
15 10
2 4
31 44
8 97
8 2
14 8
17 6
10 1
13 7
19 18
13 16
19 5
14 1
8 6
6 68
20 20
9 71
5 12
4 50
27 71
16 43
19 82
2 2
15 14
1 19
6 3
9 42
38 57
37 93
19 44
28 90
22 94
10 1
13 12
19 11
6 9
16 5
7 14
9 17
8 18
8 11
16 6
12 4
1 5
41 60
1 4
11 9
5 3
51 30
9 3
16 64
6 11
37 45
5 5
4 1
15 12
16 1
16 5
5 11
5 8
43 98
26 43
59 131
45 70
67 108
4 2
5 3
6 16
9 2
10 9
6 10
75 86
19 132
5 136
76 103
9 16
54 102
2 4
1 16
16 7
10 3
49 78
5 84
4 81
15 7
16 49
44 79
14 66
17 75
9 33
27 3
8 3
7 12
12 4
20 16
5 2
14 4
17 17
7 13
10 2
10 6
38 147
7 19
74 90
57 107
57 53
33 129
38 33
40 118
12 101
37 9
2 2
15 15
13 16
8 4
42 159
79 16
79 147
44 7
54 65
2 153
25 164
2 89
10 1
1 13
19 7
5 12
14 15
20 7
4 6
16 9
11 7
6 10
18 11
8 7
11 10
6 67
40 68
21 77
33 53
1 20
14 40
24 11
10 2
3 3
14 12
2 2
5 13
4 7
9 7
2 3
7 3
5 18
7 19
9 1
13 18
81 58
34 119
46 1
43 92
5 41
57 156
43 130
85 66
1 2
14 16
4 9
23 78
57 79
31 100
16 51
9 2
6 12
7 12
15 8
5 14
18 14
2 20
5 19
3 12
7 5
5 2
38 57
4 50
41 79
6 80
29 94
2 4
11 8
4 19
4 9
16 29
28 28
53 77
20 2
4 4
20 14
2 15
15 7
12 14
8 10
16 74
1 15
58 56
31 63
30 68
36 9
62 60
54 20
9 3
19 16
13 3
19 6
1 10
4 15
4 3
19 17
7 18
1 9
2 7
34 62
42 5
6 1
5 10
1 12
4 7
6 14
13 19
17 7
2 8
8 39
41 52
5 5
11 10
14 17
3 12
13 1
11 13
6 10
63 52
17 125
46 70
35 95
19 22
17 51
5 3
11 11
6 10
17 18
13 14
7 11
3 6
21 62
29 125
14 37
5 4
6 3
18 18
10 10
18 1
6 16
9 2
9 17
20 51
4 66
13 82
32 1
5 17
35 31
24 15
39 8
1 3
7 6
3 8
13 41
53 14
52 100
7 5
12 12
6 11
14 2
19 14
7 3
20 8
5 9
2 10
24 118
3 40
6 5
1 14
4 4
14 5
12 10
2 7
16 10
4 9
42 42
8 62
43 96
52 59
8 1
12 14
14 17
18 3
15 20
10 12
9 16
10 19
20 18
9 8
35 90
7 71
55 78
28 86
50 65
57 90
15 127
42 22
55 83
9 3
2 20
2 15
14 5
12 16
16 11
8 17
9 3
18 6
2 10
3 10
23 22
48 127
27 46
4 4
10 11
17 14
4 8
19 16
3 5
23 56
20 9
28 105
5 4
19 13
14 6
4 15
3 6
16 9
3 3
48 7
17 16
23 115
5 3
3 6
9 5
7 15
5 1
9 19
4 10
24 101
14 140
8 118
47 36
2 2
3 11
18 8
10 7
4 81
3 100
33 86
86 35
79 112
15 76
18 68
36 127
85 174
27 103
3 3
2 17
15 2
20 7
10 7
42 3
20 61
1 1
9 2
5 87
8 31
6 68
28 74
29 11
14 22
7 5
16 9
8 20
1 18
19 13
18 7
12 4
20 11
4 8
2 21
36 57
33 81
46 79
5 1
8 13
9 5
16 19
7 18
1 20
4 4
70 171
22 81
15 125
68 161
7 4
1 8
12 8
14 3
9 15
8 15
16 14
14 1
5 2
20 59
50 103
35 157
59 58
17 42
3 4
14 20
13 9
18 17
6 10
75 154
17 73
12 74
80 85
62 83
55 89
8 4
6 2
16 3
5 11
16 10
9 17
2 7
7 3
18 7
3 8
7 53
41 12
5 84
10 5
9 1
3 1
3 19
7 10
11 3
15 18
1 8
10 12
1 17
17 3
10 10
79 158
2 136
83 76
28 109
73 4
66 32
79 57
37 158
48 80
14 100
6 2
8 11
19 15
13 5
15 11
12 15
15 20
3 1
56 160
17 145
36 7
6 3
15 9
5 16
16 16
19 10
17 12
13 15
9 1
67 37
27 43
25 1
59 39
53 26
14 57
49 122
15 67
7 88
9 2
17 9
7 5
9 17
7 20
16 20
16 14
12 4
5 9
10 1
9 10
39 93
41 131
71 33
78 32
16 108
68 50
21 159
7 115
2 71
10 5
5 6
19 16
6 6
1 20
13 15
11 5
4 3
1 11
14 19
4 12
5 8
11 50
26 72
7 31
8 39
18 49
2 3
13 6
15 16
3 10
43 99
11 15
30 28
3 3
13 1
8 4
7 6
2 6
61 13
37 38
7 2
18 3
14 19
6 16
7 5
17 8
18 2
5 1
10 9
47 5
37 1
57 129
11 45
27 17
49 98
37 118
18 72
24 105
2 18
2 4
18 3
8 7
10 3
5 3
47 61
47 96
53 7
7 94
12 97
11 63
6 87
23 75
21 35
5 5
10 12
19 17
2 19
2 19
7 13
8 9
46 47
35 105
53 119
7 101
41 57
7 56
5 4
22 29
6 1
18 1
4 5
8 15
20 5
17 13
13 2
7 6
41 93
33 65
33 107
44 55
70 73
37 116
49 49
7 3
12 2
20 13
7 2
10 13
10 13
4 5
1 11
9 9
21 72
22 59
50 91
9 29
47 101
28 37
51 89
35 44
3 12
3 5
10 6
3 14
8 12
5 1
32 87
55 125
72 144
78 111
41 23
7 2
6 1
5 12
10 1
18 9
10 1
18 4
8 5
5 3
3 44
61 62
83 100
49 109
78 104
10 1
20 3
6 1
17 13
10 8
7 10
4 10
12 7
18 18
4 18
2 11
6 3
20 84
48 94
62 50
4 92
77 131
18 108
6 3
7 3
20 10
8 20
8 20
8 8
9 11
8 4
27 1
70 139
69 101
54 34
2 131
63 90
45 22
36 155
7 4
7 9
14 2
19 13
4 14
20 10
7 1
19 17
1 10
17 61
1 4
9 6
9 1
40 159
85 123
80 172
74 62
29 65
82 127
51 11
61 109
17 147
1 2
19 17
9 10
45 9
46 25
18 22
38 11
23 6
33 41
21 59
33 60
30 52
2 5
17 17
16 2
7 8
20 103
44 54
60 63
41 11
51 61
24 85
56 33
9 4
17 20
11 1
2 18
2 9
1 16
19 3
5 11
16 4
2 6
5 5
21 2
16 117
66 118
25 68
42 99
9 5
1 5
20 8
6 3
11 17
13 13
6 12
7 15
6 6
15 11
6 8
27 158
68 117
26 15
24 57
55 88
75 109
8 3
3 14
14 4
11 14
18 16
7 2
3 11
8 2
11 14
2 1
36 77
33 88
5 5
6 4
18 14
12 8
7 17
11 4
10 5
56 70
39 82
42 1
4 3
53 94
30 59
5 113
62 103
37 23
40 116
5 3
9 4
17 18
9 3
5 14
11 7
1 7
19 30
10 2
20 19
8 3
14 17
16 18
20 20
16 5
20 9
10 1
1 8
8 18
7 9
10 83
42 83
35 1
34 60
3 93
36 79
29 26
6 2
17 5
9 20
10 20
18 2
15 4
13 2
3 4
10 152
49 13
51 84
8 2
7 13
12 9
3 7
8 20
3 13
4 1
14 6
17 6
4 9
55 119
45 128
80 104
39 19
8 3
2 20
20 3
5 3
16 12
6 17
7 7
8 1
12 3
7 8
53 66
19 109
26 31
40 100
5 47
19 87
46 35
9 4
7 7
1 3
8 12
2 8
19 18
18 15
11 7
3 19
10 2
7 10
31 54
31 60
42 102
7 51
26 89
38 100
11 15
6 2
16 17
1 5
1 17
2 16
1 12
11 15
7 7
7 126
26 83
44 77
18 127
5 77
35 116
50 116
6 4
18 10
9 16
3 9
5 2
4 10
13 15
4 5
22 65
9 51
2 11
17 16
6 3
1 14
4 9
7 10
13 8
12 3
9 5
3 1
20 4
68 49
7 20
1 1
15 4
7 8
3 88
27 55
63 63
6 88
28 7
33 70
1 86
4 4
7 10
12 13
10 2
17 14
7 1
11 61
38 128
60 92
56 146
13 133
50 50
7 10
8 4
8 13
9 12
8 15
1 4
1 3
5 2
10 18
18 5
7 6
47 5
2 74
42 58
5 81
42 73
24 31
33 35
7 1
13 9
5 13
12 1
1 1
12 6
16 12
3 12
7 9
84 112
37 123
46 141
80 9
14 151
37 49
54 77
9 3
7 9
5 1
2 7
2 9
3 18
9 11
15 9
10 16
9 15
2 8
37 63
55 60
5 2
2 3
16 4
13 17
13 11
13 14
1 1
9 8
4 4
14 3
13 17
1 5
3 2
9 8
34 23
33 18
29 25
66 112
52 80
65 74
46 36
53 74
6 48
3 1
20 11
1 10
7 10
2 5
27 65
50 144
4 4
3 17
17 20
8 19
12 2
4 5
21 6
19 28
45 84
44 28
10 4
6 5
6 7
9 7
14 18
17 15
10 12
14 10
1 3
10 15
18 6
6 6
15 79
28 82
8 6
61 84
31 19
21 107
3 5
7 1
6 4
2 15
7 5
6 27
28 29
1 17
15 81
10 96
26 14
5 120
10 2
15 19
14 2
4 11
17 4
14 14
10 6
5 1
17 12
20 8
10 11
10 9
18 4
71 14
23 38
55 40
73 39
55 72
23 25
25 89
53 19
32 40
6 5
12 6
8 4
14 2
16 18
4 5
2 17
3 1
23 48
11 136
1 63
4 4
1 2
12 17
6 10
6 2
6 7
80 124
77 150
30 24
72 24
41 145
54 79
7 4
2 10
8 12
11 2
1 12
18 7
9 3
16 7
1 10
55 80
4 4
8 6
16 1
10 11
19 3
3 10
9 14
58 106
6 144
5 4
8 13
4 19
19 3
17 16
7 6
9 4
57 83
4 19
23 102
19 18
33 61
2 119
23 8
32 45
11 68
10 4
1 17
1 20
12 5
20 11
1 18
3 6
6 16
11 5
11 15
17 2
8 7
70 131
77 43
51 161
31 87
50 76
54 132
4 85
41 154
6 4
16 10
10 15
15 17
13 9
5 14
10 8
10 3
19 111
50 76
18 93
36 85
28 119
29 40
33 94
22 57
44 26
36 7
5 4
3 17
19 2
10 15
15 9
1 9
1 7
55 94
8 1
3 11
13 16
17 18
13 3
3 19
15 18
6 2
7 12
3 7
9 102
35 114
33 90
3 4
14 8
12 4
20 6
1 1
58 53
4 4
12 18
2 20
10 12
18 15
2 5
82 97
80 126
5 5
10 13
12 9
16 2
12 18
19 6
3 2
33 54
30 23
27 36
4 2
6 18
16 10
16 19
18 17
3 4
8 12
23 17
58 3
9 4
20 2
1 2
19 7
8 18
2 1
12 5
4 4
9 5
17 19
7 10
10 108
48 44
18 66
43 93
19 129
72 35
50 34
4 3
2 14
20 1
3 5
17 16
10 2
47 22
62 91
9 70
34 119
29 129
29 84
62 22
65 101
24 39
19 4
8 3
5 11
10 11
12 14
11 16
1 2
14 18
11 11
19 14
3 7
23 108
60 12
51 124
1 1
1 16
2 7
31 5
1 59
8 3
8 16
2 2
9 1
1 20
10 19
19 8
10 10
4 17
6 4
51 9
37 70
31 88
2 63
5 92
14 31
2 2
12 12
2 7
10 10
4 109
7 104
65 117
5 28
49 148
40 4
31 94
62 124
53 37
18 134
9 3
9 17
7 6
8 20
9 11
14 4
3 9
16 20
6 6
4 6
5 4
33 109
76 60
61 100
37 68
5 146
10 2
10 6
9 2
4 18
8 18
19 5
13 9
15 11
18 7
14 4
20 10
8 6
58 97
69 111
25 15
55 135
29 81
26 134
8 49
67 23
10 4
9 16
7 1
16 11
16 18
3 6
15 9
7 16
10 14
3 2
3 19
5 6
22 38
66 72
65 118
11 83
7 123
3 2
20 7
5 8
10 16
2 9
52 116
19 1
7 4
20 4
6 11
14 9
2 7
8 16
9 9
9 11
6 9
45 7
3 2
14 12
8 21
48 55
26 61
2 5
17 13
12 17
4 1
37 76
62 37
45 26
35 110
2 3
9 1
3 8
8 9
53 70
19 49
37 68
49 100
12 53
48 99
11 100
14 21
9 3
18 16
20 5
8 20
20 14
17 5
1 8
8 1
8 20
14 16
1 3
10 61
9 3
12 1
12 6
3 7
11 18
1 3
8 4
4 2
4 9
20 16
4 9
5 37
26 57
31 102
65 93
4 1
2 7
13 7
12 17
18 17
9 1
52 13
18 19
18 96
29 84
30 111
59 25
48 116
10 68
59 11
9 4
8 15
14 17
15 15
17 16
9 18
16 8
13 15
11 19
18 1
5 1
36 46
8 11
70 29
49 71
49 2
7 4
3 14
12 8
18 1
2 20
20 11
17 13
12 12
1 3
9 168
10 2
14 9
19 8
15 7
7 6
17 8
1 6
7 14
16 10
13 15
5 8
2 9
23 68
32 115
1 2
7 5
7 7
30 29
34 72
31 19
2 66
1 62
6 69
1 30
6 3
7 6
20 7
5 11
1 17
5 4
12 16
10 2
21 14
58 72
64 4
15 136
58 47
56 77
20 11
70 103
39 132
64 116
3 5
18 4
11 15
11 12
3 8
4 7
3 120
56 3
7 2
14 19
9 16
17 7
5 7
12 14
8 20
13 10
5 7
7 95
14 88
43 102
52 113
29 55
9 2
2 11
18 10
14 18
6 16
10 7
5 14
19 6
4 8
18 5
6 2
10 68
16 26
35 24
25 57
32 29
6 34
10 4
7 12
12 20
3 13
3 3
2 20
1 14
18 17
11 14
12 20
20 11
4 3
25 91
6 4
2 80
43 45
2 2
11 10
12 14
6 4
15 107
57 118
16 101
4 76
42 61
20 104
9 1
17 7
2 15
19 6
16 17
17 4
7 20
11 2
13 12
4 8
1 1
63 116
1 1
17 17
9 8
44 96
11 58
53 79
30 2
40 24
5 100
5 18
15 57
50 8
1 4
11 8
6 2
48 57
79 15
27 105
18 36
11 77
7 121
1 5
3 3
2 9
22 107
71 116
5 3
8 2
5 14
10 10
3 6
18 16
3 7
70 9
31 22
83 179
6 2
11 2
10 2
6 20
12 11
17 5
13 3
8 2
78 42
35 27
20 15
55 22
76 54
6 105
12 32
44 120
3 1
7 11
13 8
19 3
1 3
30 30
8 3
7 20
4 18
20 18
19 6
2 15
17 15
17 6
11 4
10 1
34 79
17 15
56 101
25 18
67 119
12 101
18 99
38 121
12 97
66 109
2 3
11 14
1 1
6 6
35 74
28 90
48 25
9 44
28 50
29 62
4 3
4 18
19 15
8 18
16 9
1 3
10 60
5 5
16 14
4 14
11 20
20 2
19 6
4 10
9 39
23 101
49 54
5 22
8 1
9 4
17 7
7 4
7 13
16 12
10 17
7 1
13 18
8 5
14 94
40 43
22 81
18 80
42 50
34 84
46 80
40 54
6 3
19 12
7 3
4 15
3 2
6 11
10 5
5 8
4 24
27 42
45 63
16 52
10 55
2 2
3 4
14 3
4 7
39 85
35 40
32 5
44 4
2 2
17 17
6 14
3 9
62 61
35 152
27 103
1 2
11 19
4 10
51 113
35 51
61 11
23 88
10 1
13 14
17 1
5 14
13 15
8 13
13 10
16 6
20 16
6 5
13 4
5 8
16 42
43 37
33 16
42 55
40 32
2 3
4 14
20 16
3 7
35 50
5 92
26 30
9 3
16 20
18 2
3 9
9 2
2 3
1 15
19 1
1 18
3 18
5 8
44 155
59 113
34 4
52 86
44 73
1 5
20 9
9 10
54 34
38 25
28 108
12 23
33 43
35 97
34 51
18 27
19 74
5 5
15 9
10 18
10 20
13 19
20 9
2 5
67 70
73 43
6 4
15 9
13 16
2 3
9 12
8 7
20 13
2 4
54 72
33 121
3 2
17 19
13 14
3 15
6 3
43 109
43 134
80 62
8 49
34 142
24 56
3 4
10 7
20 14
3 8
4 4
29 82
32 43
18 73
43 98
8 5
7 10
7 2
14 3
9 12
8 5
5 17
9 16
3 11
5 1
57 85
19 5
14 14
11 50
19 31
6 2
5 17
15 18
19 2
9 11
19 20
9 20
4 4
53 81
50 40
39 4
27 58
10 3
5 8
1 2
15 16
3 2
16 14
11 2
10 20
19 9
17 3
1 14
4 8
77 44
7 118
85 78
81 21
10 3
14 10
2 8
10 20
10 1
11 8
4 16
5 10
17 11
11 14
10 2
7 4
32 57
33 21
21 73
7 27
8 63
20 26
11 73
9 5
15 13
3 10
9 17
2 18
15 18
17 11
19 4
20 12
18 11
5 6
43 92
24 149
58 43
11 110
19 65
4 5
4 7
5 14
14 10
3 17
1 7
5 2
9 4
10 8
20 4
4 14
3 5
13 4
20 10
9 18
16 11
1 14
8 2
1 157
28 11
54 17
48 45
84 114
47 127
72 24
74 9
6 3
1 7
17 14
9 3
12 6
12 10
11 6
7 9
29 65
3 69
38 29
12 67
16 76
30 2
40 9
3 2
20 19
11 20
9 16
3 6
1 93
42 91
11 141
4 3
10 4
14 15
1 7
8 11
9 10
16 128
27 41
2 28
73 144
5 64
74 110
44 3
63 157
27 176
5 3
16 1
20 18
15 1
3 2
4 7
3 3
15 71
72 5
57 18
8 5
6 11
5 8
1 4
8 1
2 16
20 15
1 8
19 4
1 3
5 38
7 5
4 4
14 16
17 5
6 12
9 4
3 19
14 3
5 9
88 29
4 10
52 154
18 135
4 80
10 5
4 19
3 7
3 12
5 11
5 3
13 19
6 11
12 2
19 7
17 6
3 10
26 93
46 9
52 36
8 2
8 14
7 18
7 16
9 8
1 13
10 12
15 2
16 1
8 5
13 72
49 80
50 79
39 68
11 61
12 39
41 86
24 88
7 3
4 2
13 8
10 11
6 16
15 18
11 15
10 12
3 7
26 4
26 46
10 10
9 4
3 20
16 17
20 1
4 1
12 9
6 13
17 20
15 17
8 11
7 9
56 72
65 24
10 14
15 44
56 2
39 26
14 68
4 2
19 11
18 1
6 12
12 3
10 5
79 88
80 6
16 135
54 148
26 161
48 37
34 85
33 166
85 26
20 165
4 5
5 7
10 5
18 3
17 5
2 4
7 34
3 66
6 5
18 10
2 16
6 9
19 17
11 20
20 13
3 4
71 61
71 75
14 110
7 4
2 19
15 18
10 6
6 11
13 11
8 2
19 2
5 5
5 28
13 39
41 64
19 93
6 71
6 3
16 8
14 9
20 16
15 1
17 13
16 15
4 7
19 23
20 66
33 71
33 22
7 5
4 5
8 17
1 2
16 14
3 11
17 8
19 4
5 6
3 35
5 37
15 38
15 59
33 26
9 2
14 2
5 8
11 20
12 9
11 15
7 11
17 9
20 10
5 16
4 2
22 76
32 47
75 120
27 36
5 3
1 18
10 18
18 5
1 7
6 6
9 8
63 19
14 10
6 31
29 143
48 62
39 36
41 16
29 67
36 84
4 3
2 17
13 16
20 4
4 15
6 6
7 106
52 92
31 98
6 95
32 108
28 18
2 5
18 6
2 6
6 7
36 69
5 30
13 44
24 62
16 37
7 16
5 1
7 12
7 6
18 17
10 12
6 11
6 9
66 93
12 34
12 71
24 39
56 134
18 134
4 4
14 5
1 5
6 9
19 11
6 5
45 117
41 37
28 18
13 48
48 79
41 49
10 5
4 17
7 3
15 12
9 8
4 7
20 1
5 11
10 18
6 2
1 4
1 5
3 42
1 5
10 7
5 5
59 143
18 74
40 92
26 8
43 101
1 4
7 6
3 10
66 119
52 83
48 126
10 1
11 19
13 5
13 13
10 7
2 15
19 10
20 6
4 14
12 15
13 17
1 4
29 101
5 4
11 16
2 13
6 14
14 18
18 19
4 2
81 139
29 45
56 125
37 46
10 1
9 16
14 17
9 4
18 7
13 17
4 17
6 6
11 12
12 1
14 2
4 6
59 105
61 4
37 113
52 52
9 1
20 1
12 6
20 10
10 12
2 1
4 17
4 15
10 19
16 17
7 3
54 8
1 15
37 84
54 74
26 83
44 95
40 62
3 1
7 4
19 2
18 3
3 3
34 15
13 39
19 65
8 2
14 15
14 20
4 16
17 2
12 12
6 9
3 13
2 16
3 7
20 84
50 35
8 103
4 5
3 20
4 15
10 1
18 18
2 2
32 98
12 103
4 2
17 18
2 13
4 6
1 11
10 4
72 124
87 89
25 60
6 17
11 39
55 13
13 153
16 78
79 34
14 135
4 4
10 12
19 16
14 6
3 7
4 2
73 166
71 22
75 106
35 95
5 3
4 8
11 18
8 15
1 20
10 3
4 10
5 54
35 56
30 62
29 32
5 2
14 12
9 20
4 8
10 18
16 11
10 4
38 30
9 147
24 56
52 150
17 7
29 31
20 150
37 54
56 4
14 74
6 4
11 2
14 15
11 20
17 4
19 8
5 16
4 10
23 43
11 59
17 96
34 117
10 3
18 12
16 6
20 12
16 2
6 19
2 16
13 4
14 14
9 7
15 1
2 4
40 121
66 32
5 3
13 15
12 13
11 1
2 1
8 15
6 4
1 81
12 75
6 83
16 35
15 4
4 67
9 5
18 7
17 16
18 16
15 20
16 6
7 8
8 6
18 6
17 9
1 7
53 46
8 1
10 5
15 1
19 17
4 15
1 15
20 1
14 20
4 5
7 8
5 15
2 56
29 75
28 31
9 37
32 89
8 27
4 2
15 12
15 13
9 20
1 9
9 6
78 8
77 52
41 88
11 49
9 53
47 142
51 24
70 75
10 63
9 1
20 19
4 14
11 12
20 11
3 6
8 13
18 7
12 15
20 1
4 1
68 4
49 129
43 130
36 56
1 2
19 7
8 7
12 86
30 73
34 76
33 17
45 71
27 30
18 29
9 121
1 3
1 7
1 3
14 80
7 1
12 5
20 20
10 16
15 13
3 14
4 4
3 4
4 3
67 124
16 89
9 18
34 31
1 5
5 18
7 7
59 39
42 132
49 31
47 125
54 57
33 93
49 20
9 5
17 2
18 6
14 16
12 14
5 11
20 14
13 3
20 15
14 10
8 6
44 38
46 60
51 116
43 108
5 29
39 28
12 3
44 119
5 4
18 11
12 15
13 20
8 17
5 6
4 5
39 17
40 138
42 123
39 174
7 5
16 5
4 15
10 19
10 8
2 18
20 17
20 3
1 4
21 126
6 5
16 13
14 4
9 6
16 15
4 14
6 9
8 6
2 38
19 57
23 68
15 44
29 51
25 73
39 71
9 34
2 3
17 6
1 20
2 2
12 40
44 103
9 4
15 12
14 10
5 1
20 13
10 1
20 4
8 20
7 16
6 12
6 4
13 50
30 146
36 128
89 52
58 85
30 108
9 4
8 5
8 6
4 19
10 15
10 7
6 6
3 14
8 1
12 3
7 2
47 43
54 8
41 39
34 79
55 100
13 53
56 39
5 3
15 3
8 6
12 10
15 19
5 15
7 7
88 170
56 93
73 6
86 11
25 40
57 109
57 75
8 4
5 12
4 14
4 10
13 4
2 17
10 1
15 20
17 6
7 5
26 74
8 63
27 124
76 144
10 142
41 72
37 96
5 3
15 13
2 10
18 18
17 19
16 16
8 5
11 62
11 101
13 63
37 94
5 72
13 79
28 16
10 30
1 2
11 15
9 2
11 143
73 89
53 42
70 69
15 56
52 6
66 20
33 111
75 132
10 4
13 20
7 16
6 19
20 18
20 9
13 2
14 9
20 8
17 5
3 11
3 5
20 94
55 25
33 100
10 3
9 12
5 11
19 2
2 5
5 1
6 12
1 10
14 18
3 2
14 4
8 5
6 51
9 51
31 36
17 94
19 60
35 54
49 50
50 90
5 2
12 18
17 6
8 18
13 17
10 3
2 7
9 34
40 88
7 1
13 13
3 6
13 16
2 12
5 1
11 8
2 4
6 5
58 7
63 89
76 26
38 49
10 161
67 171
3 2
18 2
15 11
19 11
6 9
3 114
40 63
77 7
73 50
54 27
68 103
10 5
6 4
9 10
13 2
13 11
1 18
6 10
17 13
10 17
8 14
5 6
1 8
19 6
6 5
10 12
20 1
20 6
19 3
17 1
13 10
5 3
45 89
48 33
42 37
34 56
28 97
7 3
17 6
12 5
7 8
17 16
7 4
17 19
2 6
6 5
13 46
27 110
21 96
6 44
63 112
46 130
8 3
8 11
1 6
3 20
5 13
3 1
1 6
10 17
4 14
4 10
45 22
70 133
52 105
51 111
5 1
4 1
7 3
19 1
6 7
6 18
8 2
31 32
51 48
77 37
23 73
57 130
34 132
34 121
81 5
6 5
2 9
9 4
11 15
14 6
13 1
4 11
2 8
31 158
58 40
7 1
7 18
6 7
4 20
6 17
2 19
18 17
17 1
3 8
41 114
24 117
25 109
7 2
2 16
20 9
12 10
10 6
2 13
9 17
13 20
2 7
75 107
3 35
3 5
6 3
19 6
16 5
1 9
10 71
2 5
7 18
1 9
2 1
18 100
2 66
5 5
8 11
2 5
16 14
15 1
15 12
4 3
71 64
37 100
44 57
65 128
9 3
3 17
1 11
19 9
9 19
13 9
17 10
20 11
20 16
17 10
3 8
10 40
31 75
43 16
10 1
3 9
1 20
7 19
3 11
15 14
19 2
5 3
6 6
15 10
18 16
8 4
63 61
32 105
77 142
67 15
15 31
6 10
67 79
4 40
9 4
9 15
1 6
1 14
18 9
2 18
6 19
7 1
3 16
4 14
9 3
24 88
17 82
30 45
21 50
29 80
57 22
38 26
24 13
26 68
2 2
5 4
20 2
7 2
34 119
23 14
24 46
45 108
38 119
15 46
7 94
3 4
16 15
2 2
12 8
7 10
3 69
29 73
28 58
27 13
13 23
4 31
38 47
9 5
20 12
5 6
1 3
7 17
7 9
1 5
1 3
12 16
8 19
8 10
52 33
44 126
51 82
61 54
10 174
72 68
53 60
37 130
9 1
14 8
5 13
17 11
3 13
20 19
1 15
2 15
15 8
3 13
6 6
34 134
38 111
26 123
17 30
64 88
68 68
6 2
11 18
8 9
20 2
12 18
6 5
11 19
7 2
9 56
6 120
47 60
48 55
30 109
46 5
22 76
6 1
14 18
17 1
17 10
4 8
14 7
19 16
10 4
33 83
20 131
49 62
49 140
23 8
67 130
29 130
73 105
60 61
44 155
10 2
8 16
11 6
13 15
9 15
4 3
20 5
9 5
11 18
20 4
18 4
10 3
55 89
49 77
32 26
32 109
8 44
50 103
53 11
47 110
56 74
45 57
2 2
5 15
11 1
1 4
3 41
6 2
17 5
4 18
16 5
12 11
14 7
8 3
1 7
27 103
7 2
2 2
11 14
20 20
8 2
9 11
6 20
6 8
9 4
21 166
73 125
87 75
6 5
28 109
68 122
76 27
3 104
18 135
1 2
13 13
10 7
6 14
10 72
50 8
22 108
4 58
10 15
13 2
57 33
20 32
52 88
2 2
17 6
19 8
1 1
81 153
3 3
8 11
4 12
9 3
3 3
15 35
27 72
33 5
1 4
16 9
6 7
15 77
75 136
39 6
20 110
81 102
60 89
9 4
2 15
13 16
16 8
2 7
4 12
12 13
18 4
13 7
12 10
8 4
74 40
57 104
41 133
52 61
2 102
48 73
6 97
35 55
7 5
15 3
14 7
14 14
9 13
5 6
8 20
8 4
3 3
57 140
11 80
52 55
3 1
2 16
11 4
13 14
1 4
5 32
2 4
2 11
6 19
3 10
52 170
84 107
31 47
1 3
17 6
6 5
45 116
35 99
10 129
86 128
36 16
21 79
10 1
18 13
13 18
9 4
12 7
1 3
8 11
9 8
11 17
10 15
15 19
1 10
19 110
3 2
19 11
3 12
19 2
10 5
39 94
6 76
23 65
49 41
7 100
39 66
54 11
39 114
30 78
34 10
3 3
6 19
11 1
18 13
2 9
3 14
44 103
8 2
3 10
14 7
8 11
4 14
12 18
11 11
4 20
10 16
7 2
19 31
6 17
29 57
65 49
1 2
33 43
57 99
6 5
3 12
12 2
11 12
5 20
17 19
18 18
9 10
22 61
26 42
10 53
5 51
37 59
1 76
8 58
36 62
43 5
9 5
20 7
5 12
19 4
15 12
10 6
15 16
8 12
3 6
13 8
3 9
53 32
63 2
68 30
3 3
7 8
2 3
13 18
3 3
29 121
11 25
60 109
6 1
19 2
12 16
1 13
19 2
20 10
10 7
8 5
31 80
29 38
20 25
29 6
2 25
28 76
30 92
28 66
4 3
4 6
11 5
1 4
17 1
9 6
32 102
8 94
39 130
23 30
25 31
60 21
11 89
47 69
27 18
9 5
6 1
2 15
8 12
12 10
12 18
19 6
13 2
15 4
3 14
4 4
65 77
5 23
83 155
74 99
3 4
2 15
3 5
18 17
8 1
59 25
73 18
47 171
37 177
71 28
61 177
57 5
18 26
2 5
20 15
10 6
7 7
36 30
29 42
36 43
6 79
6 15
30 8
40 66
6 1
3 3
8 7
20 11
1 11
18 12
5 2
3 8
72 55
66 34
3 112
2 3
19 3
14 18
5 2
10 33
49 60
10 7
2 88
45 8
5 2
16 1
18 3
9 20
9 4
17 8
3 2
6 4
35 123
66 13
4 5
8 1
13 3
10 1
3 2
8 5
48 39
22 42
53 99
30 55
48 92
22 99
6 57
19 60
10 2
4 6
3 11
3 20
10 4
14 10
16 16
9 12
17 15
2 20
14 18
6 1
19 75
40 23
62 5
20 34
68 129
66 95
6 2
7 1
8 15
17 11
8 18
2 4
5 19
3 7
70 57
15 154
69 40
2 4
18 17
15 15
7 8
12 6
49 87
19 19
50 75
34 76
11 46
17 86
7 5
1 19
10 16
14 8
14 9
20 2
16 17
18 9
4 1
4 38
27 8
46 117
63 80
6 3
11 14
4 14
14 7
17 19
17 17
11 2
8 6
21 7
13 51
26 86
26 46
4 24
17 7
25 79
13 17
8 2
2 3
11 14
10 20
13 19
8 6
10 11
11 2
16 2
3 1
47 115
51 13
52 51
10 3
18 10
19 10
8 13
18 18
1 7
10 20
16 2
4 3
7 20
10 16
10 1
42 81
44 51
40 56
41 8
32 109
47 89
9 25
17 104
16 99
24 100
8 1
18 9
15 11
12 5
12 13
9 4
3 13
10 12
5 8
3 8
35 84
64 90
33 47
9 1
18 11
2 12
12 3
17 4
4 12
12 9
2 2
17 5
19 4
8 4
16 71
46 133
61 136
57 15
33 133
65 137
78 49
72 124
4 4
7 6
7 15
16 3
2 17
7 2
1 69
37 48
20 98
27 44
31 12
51 37
17 48
7 1
12 14
10 6
16 7
19 12
1 15
8 3
18 11
4 6
40 68
59 119
68 91
19 74
7 4
1 5
4 13
20 11
15 15
15 19
9 2
20 6
2 3
3 22
11 56
5 2
14 8
12 9
15 9
12 20
4 11
1 6
23 22
7 5
9 20
14 6
18 14
10 12
6 15
16 13
17 10
8 8
57 41
80 72
74 24
59 36
53 45
38 68
57 28
17 157
4 5
14 8
17 11
18 6
9 19
2 10
6 156
12 36
7 4
15 7
10 1
11 13
18 2
20 7
5 10
20 8
10 8
46 21
32 78
9 75
32 86
5 29
37 76
5 64
3 90
45 74
37 15
2 1
10 6
12 15
10 6
78 88
68 89
26 17
49 49
33 126
14 126
50 2
74 30
71 100
27 121
6 5
6 8
6 2
3 17
10 11
9 15
20 12
1 1
66 136
3 2
16 18
12 18
15 8
4 5
34 25
56 4
46 36
80 76
5 2
10 15
18 10
14 1
18 11
15 7
2 5
31 125
69 3
8 3
19 9
20 9
17 18
18 2
13 3
15 13
6 5
14 13
1 7
54 82
7 1
3 2
19 4
12 1
13 1
5 15
20 6
9 16
7 10
23 102
24 59
6 75
29 64
8 107
28 107
37 65
5 2
12 5
5 10
15 13
20 5
9 6
4 9
60 92
27 171
40 64
47 64
7 3
10 17
16 19
16 12
8 7
11 2
4 16
16 10
9 6
53 114
45 34
66 130
63 33
37 134
21 75
2 61
5 16
79 66
7 1
16 10
18 2
11 20
13 12
3 14
8 14
5 3
7 7
65 33
34 88
48 62
36 24
31 125
25 45
42 84
6 4
5 15
2 7
2 10
11 12
14 11
7 15
4 3
40 30
22 18
32 102
20 69
1 5
15 17
2 8
22 8
15 22
4 2
3 1
9 5
4 11
20 13
9 6
44 52
10 94
4 95
15 91
4 53
12 22
47 10
17 43
42 48
10 1
18 6
4 7
19 18
18 4
3 2
18 15
2 13
13 18
16 12
20 16
8 5
57 161
87 167
23 139
80 117
69 70
55 91
88 55
68 42
6 4
9 13
15 11
3 6
9 7
15 8
20 18
3 3
10 102
60 47
68 38
7 2
9 16
9 5
13 11
20 17
3 7
5 11
3 12
8 9
5 59
35 8
37 39
41 25
18 53
25 66
25 61
17 38
5 3
11 19
2 14
1 10
10 8
14 2
4 6
2 49
38 93
41 65
24 8
10 2
2 1
19 3
10 20
14 16
5 5
19 7
4 9
13 18
14 12
18 8
1 7
48 33
5 1
1 8
13 7
12 15
2 1
13 1
4 9
83 167
77 68
44 110
84 90
3 4
8 11
18 7
15 14
9 9
30 78
21 50
5 20
5 15
25 23
15 51
27 30
11 9
39 10
8 1
8 7
10 16
20 3
15 5
18 17
11 2
7 1
16 6
6 2
9 25
36 15
19 59
46 28
34 85
20 71
10 1
10 2
8 15
3 2
18 1
17 7
18 16
20 2
12 4
19 4
13 8
8 6
17 21
43 82
56 9
29 61
6 101
50 64
16 7
51 8
4 1
6 3
15 18
7 19
17 11
7 8
21 59
9 93
31 75
48 6
40 40
29 37
42 40
10 2
5 20
2 1
3 15
9 10
14 2
19 20
10 12
7 9
4 3
13 12
8 2
9 32
11 15
29 59
21 34
27 18
61 108
56 26
60 95
6 5
18 4
10 1
7 14
20 11
18 15
6 15
5 9
48 133
21 84
45 19
23 61
62 116
3 3
12 3
8 17
3 5
5 4
22 49
46 92
37 62
17 108
52 37
2 5
5 5
19 15
9 1
22 77
72 76
18 127
43 140
37 95
56 48
20 31
46 26
27 9
1 3
19 15
5 1
34 105
35 75
27 24
35 88
44 118
5 3
9 11
7 4
12 20
19 16
13 19
1 3
3 123
10 2
3 1
3 18
1 16
16 14
12 18
16 6
11 15
5 2
7 16
10 3
9 7
14 5
30 14
12 12
7 58
6 74
33 78
2 63
4 16
16 53
1 3
17 8
6 8
65 17
65 155
46 22
11 48
47 140
55 122
10 3
2 11
8 16
14 3
18 14
18 17
10 16
16 14
16 12
3 20
6 19
4 8
14 40
11 90
27 70
24 7
5 5
8 10
10 16
4 20
13 2
8 2
5 1
20 61
8 34
17 20
29 39
13 17
10 1
7 1
4 15
5 12
13 13
9 7
4 15
5 7
5 12
18 1
14 2
1 5
46 74
2 3
6 3
1 9
10 9
2 113
17 43
70 32
46 138
67 27
50 58
46 126
46 69
40 35
33 82
6 2
12 6
13 18
10 11
10 14
9 17
13 17
10 9
1 47
49 49
33 80
8 9
7 43
43 74
30 84
27 26
44 20
10 61
8 1
16 14
6 6
18 18
19 3
16 8
12 3
2 13
4 13
2 10
26 95
34 66
7 5
4 10
1 16
4 15
5 19
20 16
20 20
13 14
5 10
35 8
70 30
30 62
70 50
7 13
2 4
2 19
18 8
3 1
40 19
36 79
7 37
9 4
7 5
20 15
3 7
10 19
4 7
8 1
15 15
8 5
10 18
6 8
81 76
45 160
23 86
83 75
30 58
68 8
2 5
13 6
16 3
7 1
35 30
11 14
7 40
53 45
50 105
47 54
42 24
2 4
14 13
9 17
5 3
58 45
23 46
45 141
30 8
6 72
8 4
11 11
8 13
13 4
20 1
14 5
8 2
3 19
6 7
1 8
44 65
1 3
1 8
5 8
33 44
19 9
22 3
19 34
39 16
6 4
1 16
12 2
2 7
3 10
11 7
13 7
5 9
56 163
71 9
28 87
61 1
85 148
8 5
20 18
13 1
18 20
9 10
17 14
8 7
9 16
10 15
7 10
38 10
33 20
18 38
20 50
39 55
56 84
35 103
8 3
15 15
7 5
12 13
1 2
3 17
13 3
19 15
17 4
4 2
42 32
53 61
20 12
21 58
3 1
2 20
13 13
2 9
1 4
53 23
3 3
16 20
6 15
16 18
4 9
31 102
12 36
32 67
38 88
3 3
3 1
6 7
10 1
1 3
9 108
10 3
9 18
5 15
2 10
6 13
13 6
13 19
8 3
15 12
9 7
4 17
6 7
45 35
8 33
47 48
44 15
11 44
2 26
1 2
20 11
3 6
32 108
42 96
36 41
7 5
14 3
11 9
17 1
5 8
8 4
12 3
7 19
10 7
32 50
12 30
15 34
1 81
10 74
35 23
28 5
23 24
19 19
39 37
6 2
13 7
19 7
8 2
2 3
2 11
5 2
2 8
35 55
74 112
10 2
8 5
19 9
4 6
2 15
17 18
11 7
20 4
14 18
18 1
8 13
1 4
27 37
3 1
16 13
3 19
2 16
5 2
34 118
46 121
28 131
26 125
10 58
8 2
20 14
6 18
9 2
5 10
1 8
12 15
6 3
2 2
9 5
48 76
23 71
3 17
41 93
57 17
51 106
10 42
45 116
9 68
10 3
7 16
17 11
13 8
10 2
19 2
16 15
2 9
16 1
4 8
8 2
2 6
11 71
14 94
1 1
8 12
9 1
61 5
64 66
26 169
66 123
25 45
86 28
37 147
24 9
12 77
8 1
11 8
13 16
20 12
18 17
19 20
1 2
20 13
9 1
4 10
74 13
35 4
74 92
11 147
10 4
1 4
7 15
18 19
12 20
9 13
9 16
20 20
13 3
7 14
15 5
3 9
9 72
28 7
50 23
5 4
8 5
8 17
19 15
4 10
5 13
1 4
30 36
1 5
11 3
6 10
1 34
57 128
11 71
51 16
35 101
60 107
3 5
12 14
8 20
7 18
5 1
28 96
34 18
16 38
22 42
35 4
8 3
18 18
9 2
6 5
9 8
15 5
3 7
20 9
3 1
3 2
54 102
29 55
56 3
4 2
16 20
20 8
3 6
15 19
5 10
24 84
45 126
23 23
63 49
9 83
8 3
5 20
16 2
4 12
17 8
8 12
18 5
17 19
5 7
7 4
12 76
73 157
5 120
38 91
79 28
14 151
42 97
8 1
15 11
13 16
20 1
16 12
15 3
5 6
1 4
4 16
3 10
20 47
5 25
27 82
7 3
11 2
10 16
19 10
13 14
11 2
1 5
7 8
5 4
12 7
32 30
45 56
1 66
37 43
2 5
3 16
5 20
7 7
36 52
29 72
48 48
12 6
50 112
32 94
40 43
5 5
5 5
7 8
20 20
16 18
14 19
10 7
66 95
13 68
38 39
42 68
2 7
45 75
1 49
35 39
5 131
5 21
1 2
15 17
5 5
13 23
14 62
15 51
20 7
25 19
9 3
16 2
1 1
11 1
12 3
11 19
9 20
6 4
10 6
2 17
1 8
18 44
5 5
4 16
19 15
5 7
10 1
11 10
9 2
17 99
28 21
26 26
48 98
38 31
26 16
16 18
17 37
22 90
4 5
16 17
17 19
16 16
15 4
9 1
50 11
1 104
63 55
56 103
27 41
37 74
37 91
57 116
18 12
3 1
17 16
6 20
4 10
3 3
26 26
66 46
62 76
3 3
8 14
13 5
2 14
7 3
39 9
2 7
11 28
38 39
10 57
31 53
36 50
5 5
1 18
13 9
17 12
7 19
18 7
9 6
5 27
42 33
20 68
16 71
6 38
49 89
26 1
43 64
47 43
6 4
18 4
4 16
4 19
16 12
12 1
8 16
4 5
17 155
36 1
57 151
23 94
5 4
16 8
1 5
2 2
10 6
10 14
1 8
59 64
2 2
9 9
2 11
7 9
16 17
12 81
30 73
25 22
48 10
35 94
7 38
2 4
7 1
2 8
6 6
21 44
46 21
29 74
45 69
27 109
28 50
1 4
19 20
10 7
34 72
16 143
39 55
71 16
6 67
11 89
20 149
26 31
28 60
73 91
2 1
10 7
20 17
3 3
74 22
57 9
15 80
9 1
6 6
11 2
5 9
20 16
10 13
19 12
7 3
2 7
3 19
9 5
9 96
27 6
81 3
9 76
40 14
63 98
48 81
28 4
36 116
7 1
12 4
15 4
14 2
16 4
15 15
13 20
10 17
6 4
59 21
9 73
4 140
60 86
21 55
60 109
7 5
7 7
12 9
7 20
11 2
18 1
17 5
10 12
10 4
54 58
41 92
12 112
46 24
68 46
4 118
19 82
71 106
5 70
50 5
10 2
3 18
10 17
16 11
20 10
8 10
6 1
6 4
9 19
12 17
3 13
2 3
11 68
27 156
1 5
7 7
2 7
4 70
27 51
7 3
16 5
13 13
7 10
7 18
9 6
9 1
14 11
3 8
12 14
36 117
17 95
10 2
10 4
2 3
4 2
13 7
2 11
14 8
15 16
6 5
14 20
9 20
5 10
16 36
11 61
2 143
68 130
58 8
7 2
19 5
12 4
17 5
6 14
16 1
9 2
2 2
2 8
29 63
2 94
5 4
1 16
13 11
20 18
18 10
8 10
6 7
5 90
49 87
50 119
5 58
30 79
3 95
7 5
8 9
16 12
17 13
10 20
4 6
7 16
11 12
6 7
29 83
32 13
47 71
30 46
53 85
23 57
3 4
16 13
5 20
8 12
4 9
15 20
19 2
40 84
9 69
8 2
3 2
18 13
9 13
14 20
14 5
9 1
10 9
20 15
3 10
40 48
19 85
13 11
10 5
11 16
12 8
16 6
1 10
15 12
12 11
4 7
3 9
9 15
16 9
3 5
13 52
10 54
53 29
6 3
17 7
20 1
11 1
19 11
14 5
2 10
5 10
49 131
27 134
44 50
69 40
27 14
5 1
4 1
18 3
15 12
18 2
16 11
10 1
26 54
25 47
40 83
16 25
40 66
10 54
29 75
39 72
21 30
8 72
10 4
6 1
13 19
13 9
2 9
19 4
11 13
11 15
5 10
1 11
18 13
10 3
41 26
60 114
80 1
61 41
61 34
80 124
3 126
1 128
52 77
16 24
3 4
7 9
16 14
3 12
9 2
30 112
25 30
45 3
69 119
4 83
39 103
53 3
60 103
8 55
7 2
1 6
18 13
2 10
4 17
18 1
6 20
12 20
2 6
71 88
31 145
6 2
13 12
12 8
13 18
7 4
4 5
5 8
7 3
8 136
25 58
51 6
2 117
26 20
22 134
56 63
10 1
10 5
2 9
16 2
17 7
3 17
7 2
3 8
15 8
11 18
20 8
6 5
35 73
28 103
15 39
59 79
28 80
17 16
9 3
1 13
17 12
1 4
2 15
13 11
5 5
19 15
19 3
14 16
9 6
26 42
3 91
35 65
43 76
40 98
8 29
5 81
18 98
42 23
2 4
1 6
19 15
5 4
20 89
34 22
45 72
53 53
25 14
2 2
17 10
7 8
4 10
49 31
29 65
54 79
24 33
3 2
12 19
10 10
2 13
9 1
62 44
62 3
45 125
46 100
50 103
42 29
24 29
32 75
9 108
9 3
7 13
4 3
4 15
8 3
9 9
3 5
15 20
16 6
19 9
9 2
23 28
21 103
4 67
2 35
10 20
39 4
14 56
50 32
14 78
10 2
17 15
16 18
12 7
12 14
11 12
17 18
20 3
10 7
19 7
2 2
9 6
53 89
3 93
64 33
29 32
23 68
27 152
39 20
37 78
35 19
8 5
8 5
15 15
6 3
19 16
10 15
14 17
12 12
11 14
1 7
19 80
4 2
11 12
11 20
6 2
8 8
5 8
48 34
39 17
8 76
10 14
26 29
1 1
3 18
2 10
28 61
16 80
8 2
16 10
14 2
15 10
16 20
6 13
16 1
9 8
2 20
9 6
27 65
65 93
2 102
41 83
41 125
27 30
18 123
60 118
15 29
8 2
18 4
4 18
19 6
12 4
20 12
2 4
16 8
3 2
10 7
16 38
43 50
18 90
20 13
8 49
23 21
43 58
34 32
7 74
2 71
10 5
15 8
8 2
1 3
17 20
6 5
16 20
15 9
6 13
5 15
10 12
5 3
40 16
6 49
28 30
36 59
29 43
9 2
6 10
12 15
7 18
16 10
7 17
8 13
11 18
1 1
11 13
2 3
45 128
33 118
8 2
1 10
18 14
7 6
13 19
5 12
13 19
19 10
3 20
4 5
48 39
11 29
37 6
47 82
5 4
19 13
7 14
9 11
2 15
20 7
2 8
38 31
49 50
2 1
1 1
5 3
4 4
12 97
13 28
15 6
11 98
9 3
16 9
1 15
8 13
2 3
8 17
14 15
18 19
18 15
9 9
7 4
16 87
25 59
57 28
46 66
15 36
16 112
61 35
7 1
1 13
19 8
13 19
4 7
6 1
12 3
4 19
6 10
44 50
8 14
29 25
51 47
22 1
32 29
3 5
8 8
12 10
16 20
6 9
60 134
32 144
13 57
39 6
58 56
24 115
3 2
13 11
8 4
7 20
1 4
64 100
8 4
6 3
20 7
10 1
7 20
13 11
12 19
16 7
12 2
7 6
22 111
27 114
12 99
45 12
53 121
27 112
4 8
5 5
19 9
9 18
11 20
14 7
20 10
8 10
36 66
37 13
36 50
41 8
24 48
30 5
20 52
40 68
2 2
9 17
16 17
6 9
9 83
5 21
25 14
46 89
36 34
31 8
10 5
16 10
18 17
3 13
19 3
6 7
11 19
19 2
8 13
14 7
13 2
1 10
5 134
8 2
19 18
15 20
5 8
20 16
1 20
14 10
16 10
16 12
2 8
64 1
47 134
3 3
15 20
2 3
7 13
7 4
69 40
74 4
66 95
61 74
10 72
24 102
57 51
8 3
19 20
8 1
1 10
1 15
10 14
18 18
8 4
12 7
6 10
47 89
12 12
18 23
5 96
19 23
10 36
3 5
2 1
18 15
12 11
2 9
12 96
2 74
8 3
1 16
19 12
8 17
11 5
8 15
2 9
9 17
13 10
7 8
5 50
20 74
40 74
32 76
24 3
25 79
32 85
8 2
15 15
2 19
9 13
14 1
10 15
15 20
18 3
4 13
3 4
25 39
69 101
50 91
5 1
16 3
8 20
19 11
16 12
15 15
1 5
2 66
7 5
16 16
6 8
18 17
12 20
5 13
13 20
9 19
1 3
44 23
8 5
1 14
10 3
5 20
9 4
6 8
12 2
16 20
3 9
6 9
3 31
29 12
37 47
16 82
16 84
29 103
8 4
18 13
10 1
7 13
7 7
16 3
11 6
14 7
2 12
9 10
3 47
34 61
52 49
9 49
6 12
9 98
51 17
52 18
3 56
10 5
15 1
7 20
15 14
2 7
2 5
7 6
15 7
4 17
17 11
4 1
4 1
28 113
7 30
12 69
40 25
9 4
7 18
19 15
13 13
10 6
7 15
18 17
14 7
16 9
1 11
4 6
7 91
78 117
57 88
33 55
9 4
6 5
8 13
18 18
1 1
19 2
6 12
19 20
12 18
17 7
5 3
47 4
45 87
43 99
18 4
41 87
6 1
9 3
20 11
9 5
8 13
7 12
3 17
6 1
55 98
38 85
31 18
56 132
65 16
30 74
1 4
13 13
5 9
51 86
72 122
25 73
3 18
28 74
1 4
6 2
5 3
44 93
27 16
24 108
61 96
9 80
6 4
1 3
9 11
6 13
14 18
9 6
2 5
6 7
69 95
60 113
46 112
21 119
9 128
22 67
3 3
7 10
7 19
7 9
7 1
2 1
58 107
6 67
59 53
51 52
7 26
44 56
7 4
2 5
2 14
1 3
11 18
4 9
3 1
9 4
9 3
20 50
33 108
13 46
3 102
27 105
18 93
19 10
32 64
23 105
5 1
17 19
3 19
3 17
7 5
19 2
8 4
27 113
49 120
6 24
41 42
53 131
53 147
15 57
1 92
5 3
20 4
4 14
15 5
19 17
4 5
3 9
61 116
27 2
27 34
7 1
18 18
20 9
16 7
17 16
3 1
8 17
5 6
1 7
26 15
6 3
12 3
5 16
4 17
2 6
4 11
17 8
5 5
28 75
17 73
38 120
37 24
9 68
2 2
6 3
1 17
10 8
1 37
37 10
12 26
21 46
32 58
29 72
17 37
14 77
17 63
5 61
4 4
18 4
17 16
13 19
6 9
3 2
9 84
32 31
53 67
8 1
2 6
3 9
2 8
18 4
10 3
5 10
13 12
12 2
6 1
49 9
42 21
29 59
22 76
36 10
15 48
5 5
18 13
16 13
13 19
5 9
20 18
10 5
40 92
44 67
23 67
15 71
11 72
3 97
48 89
12 40
36 44
6 80
7 3
1 17
20 4
7 3
12 17
6 4
16 15
4 18
2 6
30 6
15 37
1 2
17 11
4 7
53 66
15 37
12 119
87 20
3 1
8 17
18 20
3 1
3 2
14 26
6 28
29 85
3 4
10 14
3 8
18 2
2 10
4 51
25 114
9 3
11 20
17 8
14 8
3 17
20 6
2 3
4 17
15 13
4 12
9 10
45 87
41 58
25 2
54 44
52 1
19 106
10 41
16 85
33 4
6 3
20 12
18 2
20 9
18 4
3 7
4 5
1 3
28 20
5 4
5 19
15 7
12 20
1 19
3 4
3 6
26 2
36 4
17 15
9 4
12 10
11 11
17 17
11 2
5 20
15 6
5 3
1 9
2 2
2 3
1 55
46 52
5 2
18 7
7 16
19 3
20 17
14 5
6 1
29 10
31 20
18 39
36 33
1 10
1 28
3 3
6 14
1 1
8 1
8 3
3 22
28 62
6 81
26 38
1 6
41 46
4 42
43 80
2 1
7 15
3 10
4 9
3 46
39 46
10 108
73 108
8 1
4 16
9 14
11 5
14 6
6 18
13 15
2 7
11 16
3 2
11 85
16 85
27 56
10 2
4 15
6 13
13 12
15 16
12 5
6 12
14 20
16 12
16 8
10 10
9 7
39 57
18 3
41 42
35 82
24 13
37 16
1 98
49 101
37 52
2 1
14 20
13 18
4 7
54 140
27 78
23 17
1 66
1 5
2 2
5 2
62 37
14 98
38 110
11 74
14 53
9 3
4 13
3 10
20 4
4 16
1 5
4 17
1 17
17 11
7 15
10 1
64 105
26 8
15 68
65 72
25 70
10 18
21 92
36 126
18 75
41 113
9 5
5 11
15 8
17 4
6 8
5 14
8 12
13 12
5 18
2 2
6 10
44 8
37 33
27 64
26 85
39 49
37 88
9 3
5 20
19 5
7 15
7 16
2 5
12 6
13 20
5 16
12 18
7 10
29 25
12 41
26 29
49 6
1 100
25 13
27 20
10 4
12 9
20 1
1 14
3 12
8 6
5 18
9 13
12 5
19 18
11 12
3 1
62 52
48 29
39 61
3 5
16 13
3 14
3 5
7 2
30 27
3 81
46 49
12 53
5 37
35 93
40 54
4 5
19 1
4 9
13 4
5 6
10 6
4 132
46 85
66 24
54 110
47 109
11 116
70 57
55 58
7 22
2 42
5 4
3 14
8 7
10 12
16 13
8 3
6 5
57 73
23 120
26 118
2 62
58 62
22 19
10 3
8 16
10 2
13 9
3 12
5 11
8 13
8 14
5 11
12 13
10 3
7 1
35 12
1 50
28 36
27 34
28 5
17 40
38 80
2 4
20 1
20 4
8 5
71 147
65 74
28 81
29 104
3 142
62 109
29 67
53 106
2 2
14 3
13 5
4 8
43 83
58 111
23 81
32 45
4 5
18 5
14 4
14 1
10 4
5 4
24 78
32 43
9 36
5 28
5 51
1 5
12 17
1 2
38 32
10 1
9 4
20 6
15 14
11 6
11 19
6 3
7 11
4 18
18 7
6 19
6 1
10 53
3 84
6 69
49 98
26 38
25 92
2 3
10 14
17 8
2 2
72 162
43 64
6 2
15 6
11 5
18 7
19 14
20 3
5 3
6 1
67 85
33 111
44 57
50 81
75 103
24 54
10 1
12 3
15 1
17 16
20 18
19 14
18 12
15 10
2 12
3 18
20 20
6 3
24 19
42 33
26 41
3 38
20 42
8 21
2 2
10 12
3 10
3 7
13 5
12 6
27 108
9 4
12 7
8 6
13 19
18 13
6 10
6 8
20 4
15 7
6 9
9 1
40 10
8 32
8 53
14 61
8 13
22 42
2 32
9 40
30 15
4 3
8 14
2 20
14 11
13 11
3 1
5 124
55 24
28 65
6 3
19 5
18 16
18 3
3 4
8 3
5 13
2 3
17 87
43 20
5 5
16 12
17 17
14 5
16 11
1 20
4 1
68 90
19 138
13 111
17 50
1 1
13 8
3 4
32 80
19 15
21 30
5 1
1 13
9 7
6 3
18 8
8 10
8 2
68 95
55 122
57 104
24 36
27 45
16 40
54 120
59 33
9 2
12 10
6 2
4 18
7 17
16 10
16 19
6 4
12 14
8 13
9 10
12 11
26 50
40 23
3 111
30 48
11 40
52 20
27 97
2 27
9 4
17 20
3 6
3 18
7 4
9 5
15 6
12 5
6 10
17 11
5 3
59 115
30 84
47 10
36 24
39 140
7 3
19 15
16 18
6 1
17 19
3 20
2 19
3 12
8 1
54 113
23 72
64 109
57 118
12 109
44 120
34 4
54 72
10 4
17 7
2 2
13 8
13 4
4 2
20 10
14 18
3 5
9 20
9 18
9 6
24 112
27 1
74 106
20 2
45 90
40 3
45 43
6 81
60 30
10 2
6 19
6 13
1 14
12 5
15 18
14 1
19 8
6 19
2 13
3 6
5 2
8 43
16 75
66 157
71 151
53 100
6 1
4 11
12 2
13 12
10 8
5 15
19 16
6 9
13 18
56 126
26 35
51 72
2 34
22 82
7 1
14 3
16 3
9 8
1 8
20 5
10 9
7 10
1 9
16 135
1 3
20 16
3 1
20 58
17 40
7 82
1 1
16 17
5 5
59 90
49 116
58 151
55 130
12 63
8 5
7 1
12 1
18 19
15 16
7 13
8 2
13 15
15 13
8 4
29 7
6 69
44 38
49 74
34 91
11 21
20 40
35 6
3 2
2 1
1 17
15 16
8 7
8 136
39 64
43 151
80 159
80 160
66 160
22 62
66 6
10 2
7 4
13 17
20 11
8 12
1 16
15 14
5 15
16 8
16 14
11 20
2 1
31 18
26 41
6 4
2 8
20 10
4 4
20 3
2 16
16 1
1 7
25 36
5 1
2 2
2 17
9 7
5 12
11 4
9 7
29 35
55 82
65 48
21 50
64 17
67 135
19 16
76 87
26 15
2 2
7 20
1 12
8 5
7 118
24 122
67 69
11 87
37 100
27 16
73 20
39 14
9 5
6 14
10 13
6 19
9 1
19 1
19 11
19 18
14 4
13 19
6 7
21 11
47 62
10 98
26 71
27 56
8 79
8 1
1 13
13 1
15 16
9 9
13 16
6 3
5 12
16 4
9 6
56 80
40 13
25 109
50 79
22 7
37 33
46 106
35 1
34 61
5 1
5 14
5 17
4 4
9 1
14 20
4 10
40 55
28 32
16 33
1 17
6 5
6 18
2 20
4 4
11 3
10 12
6 9
9 3
40 115
14 22
43 134
46 10
17 57
51 106
39 106
17 41
51 19
8 4
19 11
4 20
11 18
5 20
3 14
18 9
3 17
6 10
9 1
25 44
12 84
50 21
53 76
47 59
56 122
2 1
11 10
56 125
4 4
5 14
13 18
4 18
16 5
2 10
33 90
48 25
2 4
5 11
19 15
8 5
27 96
32 48
10 110
4 99
34 101
25 19
50 21
23 100
10 1
12 4
20 7
10 8
13 10
19 16
14 3
20 4
7 1
8 16
11 17
8 5
27 21
80 41
71 21
10 109
63 139
33 66
25 73
30 102
4 2
10 20
19 12
18 11
20 20
6 2
5 26
39 26
19 80
5 48
16 20
26 21
9 2
15 12
1 5
19 2
9 5
19 9
4 15
12 8
20 14
18 12
1 6
38 121
2 5
15 7
13 12
10 5
16 102
20 54
25 49
6 90
27 22
60 14
61 93
33 110
8 64
48 76
6 4
6 3
14 6
2 13
18 8
19 10
19 2
4 10
21 5
35 39
41 131
45 43
4 4
1 20
9 9
9 19
7 8
8 2
13 84
2 76
3 45
43 35
43 46
39 41
35 58
42 90
6 3
5 9
6 15
2 19
3 10
6 13
19 4
7 3
60 54
50 3
18 56
20 102
76 87
63 101
66 124
9 2
18 11
12 6
11 14
1 10
10 11
18 11
9 6
19 5
9 14
9 3
48 116
44 95
56 10
38 108
61 58
14 36
9 37
56 35
4 27
2 4
4 11
5 14
10 8
24 19
39 17
1 90
2 56
42 71
21 29
20 90
17 88
47 53
38 43
1 5
8 8
2 8
15 46
35 44
1 2
15 15
6 6
30 1
30 78
11 52
62 73
26 74
16 5
1 2
11 1
5 1
9 1
42 107
19 66
58 16
17 53
1 4
9 15
1 1
35 68
3 2
19 11
3 20
2 4
1 10
47 116
4 4
4 10
11 1
18 11
6 12
8 2
71 103
15 101
31 82
81 131
49 31
27 14
41 63
63 31
5 1
16 18
6 1
8 9
6 19
12 12
9 1
42 120
11 111
48 62
65 100
21 147
49 76
44 3
69 148
52 104
2 2
17 4
6 8
1 6
29 49
6 4
17 18
18 8
8 13
2 15
8 19
3 2
5 5
66 31
34 147
52 157
66 139
85 132
3 3
18 13
8 2
4 3
7 9
15 34
44 18
34 85
40 42
23 7
43 16
32 100
1 1
8 15
8 3
35 139
56 42
75 42
75 19
3 74
36 138
87 44
40 152
9 4
8 15
9 8
9 6
7 8
7 5
13 6
14 11
12 11
18 14
6 1
55 68
11 60
28 54
7 20
10 17
43 25
8 4
15 20
1 5
20 15
17 4
11 4
5 15
14 13
4 1
6 9
41 45
14 44
15 7
20 48
31 13
22 9
5 5
7 12
12 3
8 5
17 14
17 5
7 5
16 162
35 105
2 32
65 110
33 158
14 107
7 115
9 1
1 15
1 18
7 17
17 8
3 2
13 8
11 4
3 8
5 12
4 6
28 35
28 74
8 70
14 26
8 2
13 5
2 12
11 4
4 8
19 18
17 13
9 16
1 4
6 3
61 14
37 102
63 4
51 10
42 47
65 48
6 5
12 3
5 7
17 4
3 4
1 20
16 10
4 2
16 38
20 76
1 42
14 65
9 1
5 12
16 11
20 1
14 8
9 19
8 2
1 9
16 9
20 3
10 1
79 18
30 112
61 1
49 114
8 74
16 16
57 100
4 143
15 68
72 57
1 3
19 11
8 10
12 52
5 46
12 9
42 85
13 12
17 81
20 34
32 76
6 4
4 18
9 17
14 11
17 14
10 8
14 13
9 3
36 91
19 80
31 47
35 68
38 27
45 48
2 30
39 67
26 68
10 4
6 14
10 16
13 5
7 6
12 17
9 19
19 16
16 5
15 19
16 12
1 9
38 5
2 3
19 17
12 9
3 10
15 78
34 77
9 49
2 1
5 1
3 2
7 5
17 50
45 37
48 71
10 72
26 97
15 86
3 64
10 1
6 11
15 4
5 10
20 20
3 7
6 16
12 4
7 5
11 16
20 2
3 2
47 76
17 42
36 10
1 4
8 5
3 2
32 152
59 78
8 18
1 1
8 16
1 5
12 82
1 3
11 2
7 9
29 69
20 98
6 84
44 2
7 28
23 82
3 64
8 4
2 18
10 13
16 10
10 13
14 12
20 15
1 4
10 2
7 8
76 92
37 67
89 164
66 34
29 79
13 29
18 87
10 3
14 1
4 20
6 17
10 7
20 11
5 19
9 11
20 13
20 1
13 19
4 6
57 88
19 137
23 45
36 89
1 3
17 1
6 7
50 84
42 91
29 38
46 41
83 97
62 174
9 2
5 11
4 16
1 17
10 1
16 19
20 12
18 13
6 6
8 8
8 9
11 69
43 72
34 23
38 81
39 44
54 13
41 47
42 82
10 3
2 12
7 2
3 14
18 8
11 4
6 8
3 4
4 8
19 16
6 13
3 5
41 110
48 72
33 73
8 1
13 16
2 8
4 12
16 7
9 4
17 14
8 10
12 19
8 2
84 57
35 91
19 54
61 93
18 13
62 73
70 100
56 125
7 1
11 16
20 15
5 13
16 8
15 7
16 4
4 9
9 2
47 75
38 114
7 20
35 77
33 60
6 124
68 56
31 119
66 24
3 5
4 9
7 16
8 13
6 9
20 54
58 79
23 73
19 7
56 97
61 43
7 1
4 8
7 11
6 2
12 1
10 15
5 4
5 7
8 3
34 48
7 88
45 26
32 4
32 98
52 103
49 79
33 7
4 4
16 10
3 4
7 2
9 14
7 5
38 132
10 2
49 24
79 137
35 63
11 92
67 86
6 1
11 11
20 1
17 11
17 8
8 16
16 3
5 1
2 90
6 44
5 83
28 20
34 21
5 3
7 1
11 13
13 20
13 3
16 2
9 6
77 148
59 116
44 127
24 113
13 12
77 81
23 112
11 91
7 100
7 4
1 3
6 5
6 8
17 8
16 6
17 20
13 18
5 7
25 94
7 47
51 73
67 29
40 73
5 4
4 8
12 18
4 8
16 10
4 16
1 8
60 96
7 5
12 8
10 20
13 5
17 6
8 10
10 14
12 17
9 1
2 94
46 18
3 75
36 65
47 7
13 17
15 74
34 7
47 76
3 2
12 3
4 8
19 18
9 5
30 7
37 42
24 65
14 41
18 60
15 55
31 52
16 77
42 21
1 4
9 14
3 5
21 58
48 80
41 26
3 5
4 6
10 17
20 17
10 10
14 126
55 96
25 38
63 35
4 15
13 76
8 102
58 33
50 111
28 124
10 3
13 7
20 16
9 10
15 7
4 2
16 8
17 17
4 19
8 17
14 1
2 2
18 51
60 87
6 5
5 16
18 3
6 11
17 2
16 12
5 15
9 2
33 22
14 87
32 24
23 84
21 55
30 49
36 32
37 9
16 37
8 2
8 19
18 3
20 9
19 16
18 20
14 2
12 7
14 13
9 10
54 10
31 45
43 63
18 57
41 91
4 100
4 6
4 40
31 79
4 1
4 11
9 11
13 10
16 11
5 4
51 13
15 92
48 8
62 54
13 21
5 4
3 19
5 15
17 5
15 9
13 6
3 10
4 115
56 36
15 35
9 1
3 20
18 16
4 6
6 18
11 9
15 17
19 12
7 9
20 13
8 10
32 49
50 36
37 87
27 73
23 34
18 16
8 11
2 67
10 5
13 20
13 14
19 20
8 15
7 15
11 7
18 20
12 20
20 17
1 20
5 6
14 91
42 75
42 39
18 82
32 64
3 5
20 15
12 14
13 18
5 5
50 40
45 131
33 91
3 40
29 16
9 1
1 19
18 15
6 13
3 10
9 1
12 15
1 17
17 4
7 8
2 1
32 24
40 4
1 5
10 14
2 6
54 132
51 69
2 3
7 1
18 7
1 6
18 110
4 5
5 16
3 14
8 6
20 3
8 1
12 50
42 5
54 69
47 61
48 79
64 20
28 116
14 136
8 1
11 1
9 17
17 20
10 8
19 5
10 11
4 10
11 20
8 4
39 29
7 43
23 64
9 106
21 6
33 22
17 25
1 91
8 1
10 18
17 1
18 9
11 10
12 12
18 20
4 16
13 12
9 2
53 111
10 128
80 52
12 66
75 103
16 66
64 53
76 118
80 62
3 1
8 14
20 6
9 14
10 9
4 124
2 133
24 46
68 114
64 10
37 17
20 44
56 92
40 89
10 33
6 4
6 18
13 11
7 18
3 8
3 6
1 7
10 8
8 4
23 11
42 48
13 27
29 72
47 79
5 35
26 63
10 67
35 53
2 3
18 4
12 11
10 10
28 41
7 33
18 104
20 63
55 73
60 88
15 102
39 116
14 61
6 67
5 2
17 15
3 9
16 13
7 16
1 12
3 9
20 20
39 128
38 91
7 4
1 9
15 14
9 12
17 18
16 6
4 20
13 13
3 3
11 31
12 79
10 44
4 4
20 11
5 8
11 6
10 5
9 9
18 130
39 6
60 128
77 138
69 115
31 80
43 144
74 59
49 53
4 4
10 6
5 13
5 7
17 1
4 3
4 68
10 55
44 95
53 87
7 5
14 12
2 19
2 17
11 6
9 2
8 15
18 6
6 8
47 98
21 12
1 70
30 23
17 10
35 58
8 3
14 6
8 3
8 6
4 1
15 15
8 12
12 3
2 16
4 1
33 22
56 26
9 138
4 51
6 1
6 14
1 19
3 12
17 12
20 10
8 14
3 5
74 115
42 98
28 50
3 4
4 10
13 15
14 9
9 3
49 68
25 9
25 42
23 9
63 83
57 114
59 33
13 36
55 86
3 3
12 10
9 17
17 19
6 6
18 77
6 28
45 112
62 98
36 22
19 21
7 4
8 20
6 12
10 1
12 18
16 4
19 7
18 2
8 10
5 136
26 152
48 124
22 102
28 33
8 25
15 81
37 159
10 5
17 16
18 10
18 7
1 16
9 12
4 17
5 8
18 6
4 13
10 19
8 8
14 88
42 53
45 58
42 39
47 44
48 27
44 82
7 83
5 1
14 12
10 15
3 6
5 7
10 14
4 1
57 155
71 32
33 59
46 165
5 5
2 5
12 13
10 8
3 5
13 16
7 5
30 47
2 25
51 23
43 132
56 91
55 15
18 44
9 2
5 6
4 5
17 5
10 14
14 19
15 15
18 8
14 20
13 18
2 8
40 98
21 164
3 3
8 20
20 10
11 11
7 7
2 46
72 41
60 115
71 7
55 8
55 69
66 100
1 2
16 4
1 4
10 127
10 3
10 3
3 8
19 14
2 6
5 8
2 14
12 8
7 8
20 12
3 8
7 2
24 76
38 54
33 87
52 129
45 131
78 11
16 131
3 3
5 2
7 7
9 7
2 6
48 67
88 47
9 2
13 1
7 8
4 13
8 16
17 19
16 18
20 2
20 11
16 14
4 1
29 11
68 140
40 7
44 108
5 5
4 2
3 13
17 12
18 7
12 8
10 1
70 87
11 58
29 69
49 156
30 32
1 170
32 96
13 135
74 15
85 99
8 4
12 20
4 17
8 4
11 8
18 17
6 11
6 9
14 5
9 9
70 86
57 164
53 125
38 144
84 140
74 121
28 22
68 106
77 63
2 4
7 7
9 1
6 5
55 83
41 19
9 30
43 11
11 21
41 99
5 5
11 15
13 8
16 19
9 11
9 13
4 10
7 64
9 95
42 6
9 101
8 4
8 10
10 6
4 18
18 3
19 6
8 15
15 15
4 6
4 4
63 144
36 15
68 126
26 79
1 3
9 5
7 2
14 8
30 147
11 92
55 148
68 66
14 57
55 95
10 5
11 15
8 16
8 16
11 8
18 16
18 1
18 8
7 15
10 1
7 19
1 4
44 90
1 1
7 5
10 8
12 81
28 92
57 103
43 3
65 110
30 105
47 130
24 128
50 83
9 130
6 1
14 7
20 10
20 6
12 1
8 9
18 4
2 4
27 42
43 114
4 3
3 16
20 18
4 8
3 20
3 10
42 41
13 29
19 20
1 4
8 17
7 7
36 12
46 162
65 76
66 33
87 73
14 72
32 13
4 1
14 1
10 11
6 19
13 10
6 1
54 174
60 34
66 103
77 3
62 83
51 166
7 5
2 11
12 13
16 5
12 18
4 10
12 5
16 20
1 4
1 7
1 5
6 17
4 5
6 78
11 77
9 38
45 41
1 1
9 1
5 2
70 31
1 12
15 140
60 126
29 16
5 5
6 19
4 16
17 6
15 1
7 8
2 3
21 57
16 116
6 2
5 20
4 7
3 8
17 10
4 18
4 7
9 2
11 66
14 76
7 88
16 35
56 35
35 72
24 22
42 109
21 42
10 5
11 9
11 15
15 16
11 4
4 18
6 14
11 1
10 5
19 19
10 9
4 8
30 35
28 54
61 13
43 32
7 1
20 15
6 6
2 9
2 11
19 13
1 18
9 4
8 4
56 11
34 71
46 22
43 51
23 114
40 13
14 40
1 116
2 5
2 17
2 15
7 7
63 71
3 74
33 68
26 62
26 46
10 80
22 47
9 1
18 7
18 18
7 11
16 15
18 6
12 8
16 17
18 4
1 18
7 8
23 51
37 86
24 33
1 92
35 8
20 14
4 50
4 3
16 9
16 14
8 6
12 3
5 8
48 28
73 150
53 62
20 94
8 62
8 1
8 11
5 6
8 12
7 16
18 20
7 13
2 6
15 10
7 1
33 30
16 23
33 16
12 14
11 69
3 77
1 28
10 2
19 14
10 13
20 15
20 13
4 3
11 14
9 11
14 16
16 10
17 19
9 8
68 107
29 80
18 93
65 78
57 84
23 69
6 100
19 69
21 57
8 4
18 18
8 7
12 2
14 5
13 13
10 9
17 6
17 5
2 6
34 24
26 25
5 4
2 6
5 17
14 3
12 11
3 15
2 4
13 144
33 119
6 4
20 19
11 14
5 16
17 5
17 12
4 19
1 9
30 102
10 2
16 15
14 20
6 13
13 17
12 16
9 9
10 2
17 11
17 2
16 13
9 1
23 36
41 43
24 9
40 53
39 81
17 31
8 6
11 29
4 48
10 4
4 17
2 19
4 9
12 10
16 8
19 8
1 13
12 6
18 4
20 13
8 1
38 132
54 34
46 101
58 78
45 96
6 129
14 110
61 131
9 2
3 7
14 5
2 6
16 6
17 11
10 8
7 4
13 9
7 19
5 8
23 132
41 112
18 61
12 48
57 13
4 5
8 17
1 19
11 4
4 5
4 7
15 80
10 129
29 134
27 43
3 4
9 20
16 6
8 4
4 4
30 33
13 34
28 55
46 15
2 1
3 3
9 3
1 2
43 31
1 5
14 12
2 1
35 71
71 92
9 3
8 2
16 18
4 20
6 7
20 3
4 19
13 13
20 5
14 1
2 9
50 115
25 37
4 4
20 17
3 8
2 2
13 13
9 7
52 20
48 8
7 23
14 44
19 45
9 91
31 27
55 51
60 94
3 3
14 9
17 10
19 13
1 2
19 54
1 4
19 20
1 10
62 92
1 5
13 2
5 2
5 7
24 12
3 18
10 97
5 38
6 3
6 1
8 11
4 5
14 19
5 15
3 12
8 1
35 80
47 53
3 15
52 21
52 35
14 58
43 8
38 46
6 4
17 3
9 3
8 14
11 6
1 1
18 4
10 8
14 25
57 105
24 57
46 39
17 9
52 3
4 121
35 106
39 84
24 98
9 2
8 2
20 14
5 2
18 17
4 18
9 5
17 4
5 7
17 14
3 4
31 12
25 76
9 18
5 3
11 19
13 14
4 14
5 13
9 11
1 5
51 87
5 5
11 20
13 20
20 11
1 7
15 12
9 4
58 125
14 20
4 124
24 134
18 126
55 134
37 84
5 100
30 59
9 2
4 1
17 19
18 8
6 3
6 7
10 4
6 10
1 5
20 18
5 4
44 63
29 14
25 10
60 71
13 67
2 4
16 5
10 19
1 6
8 81
4 1
1 3
17 4
14 8
19 8
4 9
68 63
43 94
53 120
53 68
5 5
18 2
7 3
1 19
16 20
1 12
6 5
11 18
20 68
5 65
37 25
36 34
16 6
10 2
6 8
13 1
19 1
9 6
3 11
5 19
16 18
20 19
3 9
15 19
10 1
34 49
9 106
37 34
35 88
31 39
29 56
30 93
4 10
35 89
51 71
3 5
18 1
17 1
5 11
7 8
35 49
61 137
61 100
60 73
14 127
23 86
58 60
3 5
18 16
19 2
10 16
9 4
34 86
3 81
39 75
14 35
28 55
10 72
27 14
22 21
18 22
1 4
6 11
3 6
29 8
29 40
7 16
10 4
4 1
4 6
12 16
4 6
14 20
4 11
6 9
5 3
20 10
15 2
2 5
57 129
27 146
10 2
1 7
13 16
4 14
1 8
10 5
2 9
13 14
16 18
12 12
18 8
4 8
13 57
11 29
39 105
5 43
6 1
9 10
3 20
19 11
7 9
15 8
20 5
9 1
9 25
16 72
24 96
26 111
35 12
1 87
37 23
24 68
21 98
2 3
11 13
13 7
10 5
52 81
22 4
14 35
35 24
4 109
12 33
10 129
52 80
1 69
31 122
4 2
8 9
1 11
20 7
5 17
7 10
7 63
39 5
6 69
31 23
7 42
25 10
15 37
1 5
17 7
2 6
1 17
83 126
10 5
7 18
15 20
13 9
13 6
13 17
11 2
2 2
14 8
5 14
9 3
6 10
25 57
8 58
1 64
56 130
6 82
36 99
4 5
19 16
20 12
5 19
20 4
8 1
33 69
62 103
58 72
47 73
34 66
13 15
52 31
18 68
7 3
18 2
10 12
19 8
13 4
8 17
3 3
17 2
7 9
34 21
80 16
60 129
23 99
64 45
41 110
60 123
2 2
7 12
15 7
5 8
32 33
23 1
22 1
6 55
44 74
8 5
6 1
13 8
2 11
16 6
15 19
12 16
14 4
7 5
3 4
4 115
21 171
8 82
7 3
11 12
9 2
18 16
9 4
7 7
10 5
6 18
9 10
39 151
9 25
39 27
48 109
48 103
18 81
71 15
17 69
42 99
5 3
10 11
2 7
16 20
18 10
18 11
3 7
27 3
30 79
17 74
9 3
20 9
18 13
10 1
18 5
16 5
6 4
2 18
7 2
4 19
1 3
41 94
2 4
18 13
1 10
3 6
43 143
39 147
5 88
2 1
8 17
3 5
8 3
1 40
10 105
37 107
14 1
42 19
40 121
35 70
22 49
9 1
13 10
4 11
11 16
18 5
6 11
19 19
8 19
18 17
20 15
10 7
23 96
55 147
71 23
51 148
57 148
52 86
45 104
35 46
54 78
22 67
1 4
20 2
3 7
16 12
55 104
44 8
7 1
3 6
2 7
19 10
2 20
5 10
3 5
8 2
4 5
28 53
24 81
27 70
38 70
3 4
5 18
16 8
1 10
4 7
58 40
28 85
7 79
59 96
1 5
11 1
2 10
37 126
4 87
9 1
1 13
3 17
15 1
5 20
17 14
13 5
9 5
15 12
9 19
9 9
50 71
25 83
34 75
60 126
10 102
54 50
37 50
22 19
13 97
9 5
4 4
18 12
11 2
6 1
5 4
12 3
9 6
4 18
11 7
7 5
12 67
22 4
32 12
15 33
39 49
3 19
17 58
8 2
8 18
17 3
6 14
18 17
9 20
13 19
16 16
9 13
1 4
80 10
3 3
2 9
10 16
6 9
7 5
27 101
17 118
54 42
35 62
11 89
31 105
24 67
4 5
20 12
10 15
10 3
15 17
4 5
4 78
44 100
47 88
49 110
7 3
6 6
14 6
9 12
5 3
14 15
20 16
17 20
2 8
16 107
29 135
9 3
17 4
17 3
10 7
2 18
2 17
10 10
6 17
7 11
4 4
7 3
34 59
3 81
1 34
27 69
36 57
5 40
4 48
9 1
17 5
18 2
3 4
11 8
10 6
13 13
18 14
1 3
11 6
5 6
20 23
41 59
52 33
19 12
59 48
3 2
14 3
5 9
14 15
1 2
19 1
6 1
15 9
4 14
18 19
19 6
3 3
11 14
2 1
9 40
32 1
9 3
13 8
15 1
2 18
3 17
16 19
12 4
18 5
1 4
18 4
2 4
25 85
33 91
8 1
15 14
10 12
10 11
2 18
18 10
16 10
10 10
10 5
7 3
5 19
6 74
11 73
44 25
36 79
2 36
52 62
5 4
20 17
2 16
16 18
10 13
7 14
7 7
5 32
4 106
31 19
12 50
7 109
21 73
50 94
4 2
12 6
16 5
20 4
1 15
7 3
25 7
61 73
7 120
54 69
40 67
61 103
53 61
4 5
11 4
16 13
20 14
18 10
1 3
9 37
6 2
14 13
8 5
13 15
2 12
12 9
13 6
2 8
47 57
21 136
10 1
3 5
1 5
7 19
4 19
6 15
17 17
4 6
4 12
15 19
14 20
3 8
42 104
28 43
38 13
2 5
16 18
15 5
3 4
36 20
33 64
10 62
6 3
15 18
20 6
7 20
9 11
1 16
20 19
2 2
52 45
52 76
5 2
19 9
7 8
6 2
11 4
14 18
10 4
16 65
15 97
60 47
37 64
18 35
22 18
49 106
39 117
41 47
10 37
10 1
3 16
2 1
12 7
12 10
14 1
9 14
8 15
18 15
10 7
2 17
7 2
47 80
65 92
29 65
52 106
21 7
61 73
23 105
4 5
20 16
18 1
4 11
6 12
3 7
40 5
65 115
42 54
1 2
7 12
5 3
31 57
60 23
22 17
53 96
62 109
5 1
15 12
6 1
6 4
6 19
15 14
7 4
46 91
49 99
46 85
45 79
49 27
23 57
26 50
8 5
19 11
19 9
9 14
13 5
14 19
6 10
12 6
12 17
7 8
11 48
2 57
11 27
45 102
39 41
46 93
19 5
8 2
19 2
13 10
7 3
9 19
12 9
6 10
17 6
4 9
4 4
21 40
38 2
22 32
23 45
4 5
8 8
14 11
2 20
6 9
5 6
27 46
38 118
48 136
58 41
63 21
9 3
17 8
6 5
4 5
1 6
7 18
14 13
10 4
5 5
4 6
9 7
61 150
30 96
84 154
57 35
32 141
1 58
24 153
65 38
21 84
8 5
19 10
2 16
7 16
11 8
7 8
17 18
3 15
17 8
6 5
22 69
44 96
61 5
16 40
50 54
53 55
1 5
1 11
6 7
35 65
20 86
45 82
30 31
36 32
12 11
2 2
6 6
12 10
9 3
8 65
22 121
52 61
5 49
58 8
3 126
2 81
5 26
9 100
1 4
12 12
6 7
78 101
47 100
40 151
50 89
73 132
29 30
5 1
15 4
4 12
6 7
4 20
15 1
9 4
45 128
62 82
34 98
5 58
2 2
61 22
59 87
35 39
48 25
1 4
1 8
3 7
9 68
37 109
33 5
7 1
6 9
17 13
1 11
5 12
13 15
10 16
15 17
8 6
41 105
16 104
24 103
40 26
42 21
45 50
17 18
14 25
2 1
9 8
1 8
5 5
22 79
37 89
45 79
20 86
32 26
2 3
15 7
9 16
3 10
5 65
82 92
38 77
3 5
20 1
14 9
5 15
7 10
13 83
22 71
18 67
43 14
37 81
11 76
43 8
5 1
12 18
18 14
17 3
17 11
13 18
2 5
17 45
21 90
3 2
20 20
2 1
18 5
4 5
46 7
14 96
52 58
32 103
2 5
11 1
20 16
10 10
62 135
55 137
46 88
50 104
1 107
67 73
7 130
59 82
45 99
67 96
5 2
1 7
20 10
11 8
17 18
6 12
7 9
20 75
28 49
51 99
23 70
6 28
19 51
38 57
4 4
13 19
7 17
20 6
4 19
8 7
64 40
34 19
15 48
48 80
53 66
61 115
52 156
24 32
3 3
11 14
9 10
16 8
9 6
68 79
85 71
40 117
54 120
88 26
26 54
66 4
60 144
40 71
1 3
20 4
3 2
67 138
65 52
25 74
6 4
1 4
19 8
2 14
1 7
5 1
2 2
9 8
46 87
40 128
20 91
70 80
39 116
10 13
40 144
42 91
28 124
3 5
12 9
17 1
4 15
5 8
7 96
46 80
27 27
34 79
24 92
3 3
5 13
3 15
5 3
8 9
18 127
46 117
2 114
68 12
36 18
41 79
5 127
43 117
10 1
10 6
5 12
12 9
3 1
17 8
20 13
20 1
10 18
18 5
19 13
1 2
41 121
9 5
17 18
3 13
4 19
12 17
2 18
4 18
5 9
16 16
14 4
1 6
13 20
7 2
10 12
5 6
8 7
2 7
13 6
19 1
12 17
7 5
57 8
76 36
28 116
30 157
57 54
26 142
41 42
10 1
12 1
15 4
18 6
15 1
16 7
19 14
9 17
18 19
10 2
20 20
6 9
54 54
21 68
54 127
62 11
50 72
37 45
1 3
4 16
6 4
33 46
2 100
21 96
44 3
64 139
46 46
6 3
10 5
18 5
15 15
15 10
4 18
15 14
3 8
15 98
34 51
50 22
8 1
3 20
3 8
3 11
6 16
1 11
1 19
2 2
6 5
3 2
66 113
62 76
53 70
10 5
4 20
16 2
4 20
1 19
15 16
9 18
19 19
5 5
15 12
7 19
10 9
1 11
24 106
31 84
32 77
40 45
27 28
35 61
38 80
21 90
6 80
9 2
5 3
16 7
11 8
5 2
7 4
13 15
6 3
19 20
9 11
1 8
67 4
3 1
14 17
12 13
17 10
2 4
30 71
15 77
3 4
6 7
8 10
19 2
2 8
39 52
41 59
8 4
12 11
18 3
12 16
15 2
5 3
13 13
1 9
7 8
7 4
21 68
41 12
27 3
18 37
42 17
5 58
35 30
1 4
12 19
5 8
40 104
46 43
73 116
36 9
59 105
2 5
1 19
18 4
1 6
33 12
8 3
15 18
17 12
11 14
13 13
8 10
7 16
18 3
10 4
9 4
22 81
42 50
25 3
36 32
30 61
2 43
5 52
5 35
13 64
2 2
1 5
20 19
8 10
16 106
42 5
19 2
56 82
19 55
17 66
11 26
21 15
7 1
7 1
1 20
16 2
11 17
15 4
19 6
10 19
9 5
59 80
28 72
53 61
45 122
62 46
48 15
40 42
40 108
10 34
10 2
13 19
10 1
11 12
8 11
16 3
19 3
17 15
11 19
1 2
19 12
8 6
54 123
39 116
3 54
53 140
29 93
43 5
55 128
34 18
3 2
19 13
1 11
8 18
6 1
50 5
12 15
27 124
11 51
24 11
12 33
2 2
14 11
19 7
9 7
21 89
5 45
7 31
18 33
14 25
16 74
13 68
40 54
7 11
10 4
2 20
13 11
14 8
15 5
16 12
20 2
17 9
13 7
5 14
10 12
10 5
6 110
70 144
61 95
14 132
58 11
7 140
26 145
70 5
3 123
68 47
4 1
9 14
5 19
13 19
12 20
3 6
56 174
29 10
83 123
8 3
18 11
13 7
19 12
3 9
17 5
16 8
9 11
4 19
1 4
41 91
9 3
17 11
5 6
3 10
19 11
19 16
16 1
2 4
1 16
16 9
2 9
7 8
30 84
10 2
3 20
20 19
7 18
15 1
7 9
17 8
19 10
8 3
3 18
16 11
5 1
15 87
15 123
11 129
7 89
34 101
4 5
18 6
18 2
18 2
18 11
6 7
46 32
57 89
55 54
30 120
22 125
25 109
9 2
7 4
3 1
15 17
15 16
17 7
12 15
17 13
17 13
10 5
7 6
45 117
13 171
68 15
62 165
67 94
36 54
39 58
9 2
15 9
20 18
6 19
17 8
9 4
8 14
9 13
14 15
3 10
10 1
83 159
30 57
56 57
87 125
70 85
61 15
63 72
5 148
58 27
12 101
8 2
5 14
16 18
17 6
12 14
4 12
5 5
9 17
11 2
8 9
44 82
44 48
13 38
35 67
31 56
4 46
8 75
8 13
6 2
10 16
7 7
15 12
14 10
6 3
3 8
8 5
39 85
43 2
31 17
19 55
12 41
45 57
7 10
25 13
7 1
6 11
10 2
14 7
15 17
12 8
8 17
4 3
5 6
35 10
8 34
20 59
32 5
23 34
5 1
17 5
13 4
11 4
19 15
8 6
3 7
41 65
39 53
43 90
5 2
17 6
15 10
12 17
19 12
2 7
5 3
9 70
30 22
49 83
34 34
33 18
7 1
18 15
5 17
4 18
4 16
18 12
19 8
5 6
8 2
19 98
60 131
34 44
16 81
58 35
31 93
13 65
69 114
1 2
18 5
8 5
22 26
53 39
12 96
24 76
10 106
36 85
39 96
16 57
5 3
7 2
13 14
16 20
11 8
3 3
2 8
78 55
52 14
3 2
3 20
10 2
17 12
7 6
42 121
46 62
49 51
20 139
21 136
39 103
42 110
3 2
4 3
13 5
13 5
2 9
33 81
21 75
6 2
6 15
12 14
1 9
16 1
13 16
1 15
10 5
6 90
51 24
37 21
45 11
45 111
46 31
17 35
23 95
40 73
31 15
3 1
8 5
14 11
19 17
9 10
32 114
46 99
26 81
47 103
28 116
45 67
21 91
30 108
56 87
5 4
14 14
18 1
6 1
19 1
17 3
2 2
55 159
3 140
5 1
9 13
7 11
2 2
12 1
3 5
8 2
6 9
63 78
36 76
33 143
66 60
21 86
74 127
15 105
9 1
18 2
15 3
10 17
17 14
6 10
20 19
8 1
4 4
1 11
7 5
85 69
81 131
35 87
81 68
8 138
7 64
28 16
9 2
5 19
8 13
3 20
5 20
15 3
6 8
15 1
12 10
19 9
2 8
11 108
31 12
8 1
5 8
10 5
16 11
12 1
18 6
14 8
14 18
10 4
7 5
35 83
13 40
1 74
23 45
37 22
25 43
42 62
8 5
13 19
6 1
2 20
1 16
10 2
4 3
14 18
15 13
10 3
34 7
4 75
29 77
30 44
11 15
9 37
6 55
16 7
14 84
16 59
2 5
15 18
6 18
6 8
39 45
44 47
15 6
7 4
26 86
37 70
1 5
10 5
9 5
24 5
6 36
21 114
20 81
57 117
1 32
38 47
23 5
6 61
8 5
6 18
6 5
12 15
13 17
17 16
4 2
20 1
19 7
7 1
70 89
37 108
67 65
63 105
29 30
31 73
21 61
5 2
18 6
2 3
10 3
11 11
7 10
4 6
7 18
21 70
21 58
7 7
7 4
8 15
6 15
9 11
1 2
13 6
7 15
15 2
8 6
52 41
54 71
65 85
12 40
14 26
21 28
35 42
3 100
8 1
15 7
5 7
7 1
8 4
16 18
1 17
14 12
20 13
9 3
20 90
29 4
79 105
41 136
49 137
49 12
33 157
17 96
84 9
7 1
10 18
5 6
3 16
7 18
18 1
7 6
3 19
2 10
36 110
52 12
7 5
18 15
20 7
6 3
18 9
4 16
5 1
19 12
8 8
25 88
37 122
50 110
49 91
5 144
8 68
55 160
26 116
8 4
19 6
12 4
14 17
3 6
1 18
4 17
17 5
4 20
1 1
1 142
4 5
1 16
4 11
7 4
16 2
2 9
46 106
13 46
7 4
11 16
15 5
3 19
2 15
12 9
1 11
9 11
5 3
25 87
49 60
66 125
30 144
76 115
7 1
20 7
4 7
19 18
4 9
12 13
9 5
1 20
5 6
12 26
67 39
56 58
77 19
20 7
7 1
8 4
9 9
17 19
2 13
18 9
16 18
16 8
5 2
27 26
32 12
39 75
17 39
15 32
6 2
8 2
1 17
15 15
16 16
1 4
2 8
4 4
20 82
50 26
7 2
58 94
3 4
7 4
9 2
20 8
9 10
27 49
25 33
13 76
2 54
25 24
18 14
8 9
6 43
24 73
6 2
16 13
5 17
15 9
13 19
14 1
19 14
4 9
44 93
46 78
48 46
46 35
6 4
15 9
14 18
13 2
2 3
7 6
8 10
8 2
51 32
40 61
5 26
13 87
46 107
4 61
28 63
51 101
10 1
16 7
17 20
5 1
20 13
19 9
1 16
12 4
13 17
6 12
19 6
8 9
68 25
37 113
5 11
48 71
31 15
55 112
4 27
40 15
1 3
3 8
3 3
34 107
53 71
22 17
1 4
17 17
10 1
27 80
39 13
42 52
19 59
67 68
48 15
33 26
72 96
52 20
30 94
7 3
10 10
11 9
5 15
9 8
15 3
12 17
7 17
10 5
13 54
39 16
51 100
11 132
82 44
84 127
45 36
50 86
17 88
21 113
10 5
17 10
17 19
15 18
19 3
15 6
15 14
12 10
20 15
1 11
19 5
5 8
4 9
4 6
2 9
16 89
43 40
4 2
13 16
4 17
15 3
3 7
10 6
17 39
27 59
11 32
58 61
9 120
52 85
20 100
41 85
48 28
30 39
4 3
3 2
18 1
3 3
9 3
10 2
34 100
27 34
68 111
23 41
24 105
11 112
74 95
8 36
64 30
78 24
4 1
12 11
14 16
4 9
15 7
8 8
33 62
24 91
1 75
33 34
43 41
8 28
12 17
10 87
10 2
10 13
1 2
17 11
12 19
17 4
7 3
20 9
9 1
13 15
19 12
4 3
60 75
1 78
33 61
63 77
2 1
14 18
1 10
10 10
67 99
7 59
4 94
64 27
66 114
65 79
55 123
13 42
14 68
18 61
5 1
15 13
2 2
1 2
17 17
16 15
4 8
32 97
34 94
18 69
50 68
9 5
18 5
13 18
16 4
1 9
6 6
8 17
5 10
5 7
12 15
3 5
69 49
64 49
28 154
9 4
19 9
20 14
9 16
6 3
19 7
9 17
13 17
12 4
18 3
8 5
51 52
1 30
22 93
49 68
32 58
36 62
29 41
8 95
4 2
14 6
13 17
5 7
17 17
6 3
64 25
27 20
60 41
59 105
46 107
2 141
5 1
6 14
3 9
11 7
18 7
12 2
9 1
52 81
75 119
67 38
18 148
39 53
54 169
63 155
87 8
45 163
1 2
14 11
1 2
45 88
1 4
2 12
8 10
7 59
60 73
53 73
60 40
79 14
29 74
44 115
40 159
8 5
7 19
6 12
20 15
6 3
20 9
9 1
2 6
6 18
8 3
62 110
11 119
21 76
16 32
57 119
46 19
16 41
9 65
3 4
11 19
9 2
16 3
1 4
38 66
5 4
7 20
16 8
3 1
6 13
20 20
5 10
46 72
17 98
36 56
35 1
14 1
3 1
7 16
16 17
14 1
3 10
65 119
27 65
36 14
5 3
6 1
16 3
19 13
8 19
5 3
1 1
39 77
2 4
1 3
5 18
4 6
13 61
11 1
27 39
32 27
5 2
17 12
4 13
9 7
12 10
11 18
7 8
27 28
56 91
34 87
26 18
4 17
35 67
31 58
5 3
3 1
5 6
7 10
13 11
19 9
10 3
19 61
9 128
27 14
44 11
14 114
43 55
64 109
33 68
63 63
44 97
6 1
19 14
10 19
12 20
12 13
16 4
2 11
5 4
39 35
11 32
69 58
30 74
16 31
3 2
14 11
16 18
15 4
4 4
2 63
45 30
18 56
25 5
4 5
18 17
2 2
18 15
12 2
4 7
33 52
54 21
16 27
20 75
1 4
15 7
10 5
2 137
3 132
4 53
7 41
61 169
80 134
75 93
72 125
24 4
60 49
2 5
17 9
14 10
8 9
24 66
35 56
6 63
25 89
6 17
28 84
46 8
39 41
6 5
12 5
19 1
13 17
5 12
11 19
4 6
9 9
10 117
9 33
28 158
9 7
79 159
2 142
9 6
52 146
74 45
10 1
18 20
11 13
16 3
3 5
6 8
2 4
13 5
10 2
7 20
2 1
7 2
52 69
23 52
47 46
27 73
53 75
49 2
54 50
5 1
5 6
1 18
19 18
6 4
13 4
10 4
41 135
60 154
69 99
28 150
53 77
7 20
8 79
53 104
21 141
44 79
5 4
12 1
10 14
4 4
14 3
18 14
7 7
41 91
48 47
26 44
43 53
38 93
35 9
12 11
7 4
4 15
17 16
8 6
3 6
3 7
2 15
16 18
4 6
18 47
41 29
15 64
32 22
7 4
14 18
14 19
10 17
9 5
11 6
16 13
2 12
4 7
29 82
22 55
30 42
22 76
8 1
5 3
13 17
4 4
17 5
17 3
9 20
12 7
10 3
2 9
37 29
22 10
9 2
20 6
1 10
14 19
5 19
2 19
13 4
4 5
13 13
11 12
5 5
31 70
29 99
18 4
47 28
44 61
3 1
11 11
5 12
2 10
8 9
78 148
28 123
50 170
19 75
23 13
12 126
35 130
12 1
5 1
9 6
18 11
11 2
3 20
18 15
10 6
10 89
39 111
37 88
34 103
22 87
29 67
35 88
34 30
17 9
12 69
6 4
17 19
8 18
18 3
1 20
17 6
17 11
2 4
46 38
58 128
9 5
17 17
1 19
10 14
6 8
7 10
13 17
17 1
7 12
4 7
1 1
11 140
9 1
10 13
15 12
17 17
20 9
17 15
16 3
10 10
18 20
13 4
3 5
27 16
54 136
12 111
2 1
16 13
19 6
6 6
11 9
59 117
37 92
23 40
62 124
23 35
4 1
20 1
9 8
3 17
14 14
3 9
8 109
13 73
36 75
2 2
11 6
20 18
4 8
44 118
32 63
29 107
48 13
8 5
20 5
4 18
7 6
3 19
1 7
6 6
16 8
14 1
10 1
14 19
23 46
49 37
22 12
21 69
17 85
11 63
44 35
13 61
24 29
5 5
12 11
5 2
18 12
1 17
7 20
7 5
47 99
8 43
27 128
72 41
8 71
42 105
65 129
3 3
12 14
3 6
16 16
3 6
76 136
52 50
49 25
10 3
10 4
5 8
5 7
11 3
1 8
13 15
14 1
11 3
16 5
13 5
8 7
15 55
22 62
2 72
9 27
33 28
5 31
23 65
18 39
9 1
15 8
20 8
8 15
1 10
20 4
2 5
2 2
11 3
13 8
10 9
22 4
33 48
41 56
39 12
44 2
41 66
36 84
18 47
37 8
8 102
2 5
5 12
14 20
2 2
41 81
41 64
7 2
19 7
9 16
1 4
1 14
3 10
2 17
7 17
8 8
10 70
41 19
9 19
51 36
32 92
16 80
51 70
22 71
1 4
10 17
8 5
50 84
52 81
43 11
22 95
22 102
14 49
41 106
30 47
1 1
13 6
3 4
13 160
73 81
34 81
3 5
20 20
13 5
1 6
4 1
54 38
62 47
11 65
15 50
1 5
9 8
1 4
36 84
6 5
11 2
3 17
3 17
18 11
16 16
14 8
8 8
24 7
53 117
42 78
60 112
13 15
70 43
19 4
38 136
10 3
14 19
12 14
14 19
8 8
6 12
1 16
9 3
14 19
4 16
5 14
1 10
39 32
9 4
9 7
17 18
9 14
13 2
12 3
11 5
9 20
9 9
17 12
6 7
37 142
48 138
77 50
63 78
72 130
13 146
7 2
1 4
11 17
16 19
14 14
17 8
9 8
18 15
5 1
66 49
11 28
5 118
12 149
61 73
1 5
1 17
1 4
12 54
3 2
19 1
7 18
10 12
6 5
78 53
46 128
47 158
28 146
25 31
76 70
9 5
20 20
6 18
18 13
13 11
11 12
13 17
1 3
19 6
7 17
4 10
3 13
56 63
45 37
8 2
8 1
4 13
5 11
7 8
6 17
10 7
14 18
1 17
1 5
6 5
36 42
5 26
1 29
28 2
6 16
4 58
9 2
19 17
6 12
16 12
4 6
14 10
16 11
15 2
9 19
7 15
3 10
22 59
31 61
20 24
6 5
7 5
12 16
7 3
1 20
1 14
11 4
7 8
33 45
11 71
38 19
27 45
37 39
43 70
42 11
10 5
17 10
4 10
13 19
14 17
19 11
5 5
1 20
2 11
1 13
1 9
1 8
58 95
2 3
3 13
5 13
9 1
50 21
71 118
68 31
41 91
81 72
46 162
27 136
79 84
49 97
4 4
3 7
14 17
8 11
17 11
4 1
52 147
31 7
51 139
3 101
9 5
15 6
5 20
1 8
5 19
19 7
8 1
12 12
9 12
7 3
9 9
2 63
1 18
20 94
16 140
43 88
78 144
72 14
82 57
23 120
8 3
17 17
9 8
14 7
8 2
18 11
6 12
7 11
12 19
6 3
21 55
44 6
23 7
7 89
27 45
28 70
7 5
14 5
13 5
12 13
6 8
17 6
10 18
2 12
8 7
47 108
8 71
36 109
41 40
63 112
56 47
8 90
36 37
7 2
6 17
12 14
17 14
12 8
6 10
16 15
7 11
8 4
23 120
21 87
32 108
40 73
24 70
37 117
29 155
49 144
1 3
2 6
2 9
25 81
32 16
5 3
13 20
9 16
6 13
6 6
3 15
4 6
50 113
32 11
45 51
13 3
10 4
19 7
9 12
11 8
17 6
7 8
15 4
14 8
2 20
19 18
15 11
3 9
59 41
53 134
66 128
8 3
17 15
8 11
19 19
2 9
5 18
17 3
1 4
13 9
8 8
28 67
20 56
7 33
10 10
15 3
38 73
12 48
30 54
2 5
14 14
18 7
8 2
43 10
7 87
15 34
20 86
31 85
22 21
25 8
47 20
3 1
12 16
12 4
11 9
2 10
65 8
38 139
7 4
14 16
15 13
1 2
12 7
4 18
2 14
5 1
7 7
42 43
70 111
53 64
40 117
73 86
63 129
10 110
8 4
19 20
20 2
18 5
13 13
2 5
8 1
8 17
12 13
7 3
41 87
23 53
58 3
19 52
16 74
53 15
11 88
5 2
12 18
4 14
11 15
9 2
17 3
7 4
1 50
27 117
19 75
51 110
11 16
53 16
49 124
7 5
19 20
17 18
13 3
2 5
20 6
3 10
16 2
6 3
14 28
16 37
54 79
50 63
45 78
46 43
2 5
17 20
19 11
10 4
7 39
38 56
10 65
20 25
10 26
28 12
40 7
13 55
2 9
34 32
10 5
19 18
2 7
12 17
18 1
16 2
1 13
19 10
7 18
16 2
8 15
7 8
9 90
8 88
59 97
48 122
61 109
32 55
17 67
10 1
14 10
3 3
14 17
3 10
10 4
2 12
2 14
5 15
19 11
3 19
1 5
27 93
3 1
10 18
16 11
10 7
1 2
61 131
1 2
20 13
3 10
8 16
58 32
58 73
1 4
17 7
8 4
5 82
36 37
3 13
2 99
35 67
28 20
17 1
2 4
4 2
6 14
6 13
15 20
1 15
3 8
44 46
5 105
69 10
6 2
3 19
5 6
13 8
7 17
13 19
8 7
2 10
41 40
22 18
7 2
5 16
17 6
1 11
10 7
15 5
5 6
8 15
5 5
14 20
4 70
37 72
33 54
21 78
7 1
16 1
5 1
3 3
12 3
14 18
8 4
3 6
3 10
33 28
17 57
10 97
3 1
1 2
18 4
10 16
2 3
4 28
15 86
6 5
16 1
19 2
11 20
20 11
19 13
3 4
1 4
47 54
3 5
1 16
12 17
3 10
2 5
45 78
43 31
7 1
6 19
2 13
16 18
7 8
20 7
2 1
18 17
5 6
34 79
16 8
23 86
54 27
21 78
8 5
15 15
14 9
7 3
15 20
19 4
19 7
1 16
18 14
5 5
51 123
48 72
38 100
58 79
59 27
2 1
20 7
13 19
8 2
72 6
30 29
12 144
61 116
48 114
11 120
22 71
13 54
5 1
18 8
3 18
15 4
10 2
1 17
10 4
43 117
39 78
45 67
80 34
48 132
14 78
10 116
36 136
35 41
13 62
2 1
9 7
7 2
3 6
47 96
21 40
19 7
8 4
3 2
20 1
5 15
7 1
19 11
8 5
9 15
9 20
4 3
43 11
15 144
21 167
20 27
8 2
9 16
1 5
20 4
11 2
6 20
1 13
10 5
10 14
9 5
50 83
1 52
44 43
41 115
62 27
56 57
1 83
46 126
60 2
8 1
20 14
4 4
3 7
19 19
18 8
6 12
14 3
5 17
8 7
30 78
30 85
19 65
32 77
48 139
20 75
61 110
61 54
1 1
11 5
2 9
42 3
15 63
1 4
13 19
2 3
16 133
68 121
8 2
12 7
1 16
17 2
17 5
5 17
10 11
5 6
10 12
7 9
8 91
13 70
3 70
35 82
51 18
23 67
36 95
8 1
12 18
5 1
14 14
18 10
6 17
11 6
8 11
5 6
10 9
15 89
22 59
11 96
41 33
18 70
36 93
39 88
11 11
44 53
31 6
10 1
17 12
6 10
16 2
17 12
15 4
13 7
15 2
12 9
8 7
6 12
10 9
27 51
43 30
43 104
20 20
22 1
13 96
18 31
12 103
52 4
15 67
2 5
3 20
4 13
1 6
59 8
8 1
10 2
13 10
6 20
14 10
4 13
15 17
15 17
8 2
5 8
64 73
60 74
73 41
30 15
6 115
6 5
20 13
4 3
2 14
8 5
20 14
18 20
7 9
35 53
5 10
41 82
45 74
44 67
43 43
8 7
5 2
15 20
7 10
8 19
9 3
17 19
2 1
40 4
83 164
2 4
6 16
14 2
6 7
34 58
38 6
32 76
26 6
4 87
35 77
6 3
19 17
14 7
1 7
7 18
17 9
14 18
9 9
65 108
36 153
36 67
57 15
2 4
75 138
67 91
29 109
71 115
2 3
14 3
17 3
2 3
13 31
25 165
2 1
2 9
14 8
4 6
67 114
29 96
24 96
48 127
5 3
10 3
19 13
4 9
7 7
12 11
10 7
23 57
30 59
34 30
49 37
55 8
13 44
52 75
38 103
15 11
7 28
7 1
4 19
14 18
15 13
14 7
19 17
6 3
8 17
6 9
22 63
12 94
30 93
56 4
32 62
50 28
8 2
2 15
10 6
8 4
17 20
5 6
14 15
14 19
7 20
5 8
61 57
14 69
44 37
21 124
17 3
4 4
15 9
6 1
14 16
11 9
10 1
8 131
8 145
66 29
69 88
20 152
14 7
52 146
5 59
57 62
24 104
8 3
4 6
1 12
14 12
8 20
10 12
18 12
1 1
18 11
2 10
36 30
10 47
5 5
17 13
1 19
9 6
12 15
4 16
6 8
29 78
28 24
15 26
34 77
16 2
22 78
2 1
13 16
15 17
2 8
42 110
48 100
5 4
7 7
12 15
15 20
11 6
17 18
9 5
59 72
73 136
27 52
72 124
7 11
42 154
10 91
78 76
68 81
10 3
8 15
6 19
14 18
14 17
3 10
14 4
15 16
1 16
17 18
17 9
1 10
48 132
9 3
17 13
7 10
14 1
17 9
20 7
14 8
2 15
8 17
12 7
9 5
54 78
26 110
32 72
4 50
3 87
53 81
32 15
27 31
17 35
9 1
12 19
8 20
5 14
16 12
5 2
8 13
5 18
8 20
17 10
1 4
67 5
1 5
3 15
6 1
38 87
41 35
46 74
34 17
13 53
29 65
2 3
6 12
15 15
1 1
45 113
6 1
20 12
8 15
11 6
5 3
13 7
15 14
1 5
23 32
9 2
19 17
2 18
19 12
3 3
20 4
15 16
4 14
16 3
16 19
2 7
25 50
26 2
2 4
15 12
3 16
3 5
30 8
16 41
25 27
3 2
1 8
4 5
5 9
7 4
67 62
30 120
8 131
27 51
30 134
16 32
33 91
5 1
20 3
19 3
12 20
2 5
6 14
4 4
52 50
13 112
77 144
42 81
6 3
20 3
17 1
14 9
15 10
14 16
1 3
4 4
4 112
34 6
43 136
64 75
5 5
6 15
6 19
20 12
4 6
19 5
2 2
38 42
21 102
10 2
18 5
14 3
9 12
19 9
6 2
17 4
5 8
7 12
3 16
20 20
1 8
63 74
3 1
16 13
15 15
7 20
8 9
21 78
2 129
7 60
47 138
45 57
6 103
38 49
68 50
4 3
15 13
10 13
8 20
10 5
10 7
76 50
69 138
28 152
3 71
25 94
15 33
77 134
67 83
38 48
75 3
1 3
6 19
5 6
83 33
10 67
50 162
76 166
23 163
8 3
11 2
11 10
13 15
19 9
6 3
9 15
4 18
4 7
7 9
60 154
19 18
50 162
2 107
69 5
23 82
37 78
1 4
15 3
4 8
5 77
36 16
39 81
36 34
6 4
10 11
20 7
6 18
14 4
4 10
17 14
9 3
50 89
41 97
24 61
46 83
20 17
51 23
12 85
47 20
39 88
3 2
15 18
8 18
4 14
2 6
83 134
71 22
8 3
8 15
2 15
9 9
9 10
16 9
5 1
14 9
14 6
10 8
43 31
18 4
26 48
49 52
22 40
29 123
43 19
25 81
40 40
21 54
9 4
10 8
4 18
9 17
20 4
2 15
9 11
1 1
10 1
17 9
8 6
62 76
1 122
32 82
50 35
57 28
10 88
59 24
42 28
2 5
1 18
16 20
2 2
26 39
32 7
10 2
12 18
16 8
10 6
12 14
9 15
17 20
3 17
7 7
7 6
6 18
3 6
43 88
43 9
24 90
5 1
8 15
12 11
5 11
14 1
4 9
3 2
48 88
61 59
70 94
4 5
4 3
7 3
20 4
14 16
10 5
43 27
48 54
41 132
71 24
49 77
11 100
43 74
42 83
28 47
4 2
7 5
14 17
16 5
6 15
3 9
2 5
5 3
16 2
4 7
85 90
74 47
3 152
22 115
1 4
2 20
3 4
27 103
22 21
34 50
2 2
12 14
13 7
6 1
8 14
6 11
12 11
5 35
42 85
8 2
2 5
2 7
15 13
8 6
47 9
78 115
17 32
69 68
32 115
42 27
79 94
56 81
7 3
1 12
10 1
9 11
7 19
8 1
10 13
15 20
4 10
18 65
18 8
33 52
66 2
1 4
19 8
2 2
36 144
18 110
5 3
1 18
13 17
20 11
15 11
14 3
5 2
5 49
40 42
21 80
12 41
10 65
2 1
16 4
14 14
2 4
3 38
40 165
2 5
5 15
11 19
3 5
14 39
27 5
3 26
4 5
13 12
1 11
16 2
1 8
9 8
38 157
1 161
36 21
1 126
60 95
38 44
26 67
21 2
78 4
1 5
1 10
5 3
41 6
53 32
56 69
8 53
18 8
4 2
19 15
12 20
19 13
8 12
8 8
65 121
23 95
39 86
66 17
3 16
26 126
71 20
14 138
10 1
4 4
14 13
3 5
6 5
4 1
18 14
5 19
2 11
14 7
17 1
9 3
4 2
50 46
17 98
51 133
67 77
74 59
74 123
44 56
68 46
6 2
11 3
14 15
9 17
14 10
5 1
17 16
6 4
63 6
11 131
1 88
70 110
71 107
55 118
2 5
2 12
9 19
5 5
34 97
46 33
17 75
16 62
9 25
4 1
8 18
13 5
2 8
17 12
5 10
43 57
73 77
64 125
29 88
46 4
2 4
1 18
8 17
8 5
49 18
5 50
48 165
47 7
58 28
80 47
82 23
20 58
2 4
5 4
18 18
7 1
25 38
7 24
24 24
16 2
29 36
18 103
8 59
2 1
20 3
3 10
2 10
34 76
1 14
9 4
17 1
9 16
13 3
8 8
9 14
15 7
8 8
14 20
3 11
2 2
33 81
1 49
7 5
12 16
15 3
10 20
16 20
17 6
1 19
5 8
8 5
47 25
35 67
44 9
15 5
43 45
7 43
24 48
48 41
4 1
2 20
17 20
18 19
1 15
8 3
32 169
63 20
27 171
85 52
36 116
51 104
56 65
8 136
2 4
11 7
18 17
5 4
35 56
27 83
43 77
15 26
22 45
4 2
9 12
8 14
16 9
14 10
5 10
13 10
28 44
48 97
5 95
52 34
7 2
7 17
16 4
9 15
18 9
1 4
16 9
14 12
1 7
37 106
10 4
18 14
3 2
10 16
7 5
9 9
17 16
18 20
15 12
15 20
6 8
2 8
3 16
1 91
9 2
9 10
1 20
11 20
18 14
18 4
18 8
4 15
4 15
2 14
1 5
52 106
2 5
2 9
10 1
5 4
9 40
34 66
11 32
5 32
1 75
2 5
6 13
19 10
5 3
22 36
14 80
10 91
42 49
20 106
5 4
12 19
15 7
10 15
7 3
5 2
6 9
17 6
18 12
34 55
5 14
43 47
12 23
9 5
17 6
7 7
6 19
1 4
11 17
18 6
14 8
9 5
9 20
5 3
68 122
14 73
20 33
18 68
17 102
10 3
7 2
13 2
2 2
5 14
16 6
3 6
7 13
5 20
9 2
16 19
5 7
2 12
3 16
6 17
28 83
11 16
3 4
17 15
18 18
7 5
1 9
57 70
1 5
9 20
2 1
30 102
29 46
10 4
20 16
14 19
1 3
1 16
17 13
17 5
16 17
5 16
14 1
9 16
10 7
46 92
16 16
43 30
22 147
9 85
26 83
35 117
34 141
22 46
4 148
4 5
3 11
16 19
14 18
3 2
2 6
30 21
4 81
3 3
4 2
13 4
20 8
7 9
37 75
47 79
16 59
44 108
37 27
46 31
55 25
7 1
8 8
9 18
19 1
5 15
11 3
3 2
3 3
3 7
5 43
23 35
30 10
8 4
7 5
12 12
7 13
14 13
5 17
19 2
13 2
5 9
1 3
7 88
5 1
1 11
6 13
5 18
6 4
16 9
7 3
45 4
46 75
38 54
20 65
23 9
48 58
27 4
3 5
6 18
17 14
15 18
3 8
24 54
11 86
48 61
9 2
9 16
17 19
1 13
4 6
3 13
3 9
6 4
15 18
4 9
1 1
19 23
6 5
2 12
5 8
1 3
2 3
11 8
7 11
2 6
65 27
7 73
10 2
4 14
14 17
4 14
14 1
2 19
15 17
19 19
11 15
16 2
7 7
7 4
51 113
51 58
65 94
7 127
6 32
45 8
41 68
6 4
7 3
9 7
15 11
11 19
7 1
7 3
5 7
24 17
47 67
19 19
61 58
28 118
8 1
14 8
7 14
7 16
6 15
14 4
17 9
20 1
9 8
5 1
18 65
28 50
15 72
31 21
4 82
9 5
1 12
16 1
14 14
9 20
14 20
5 20
11 5
17 13
10 4
9 5
37 16
33 7
73 53
26 88
44 88
29 20
17 13
75 135
53 102
3 3
7 10
17 17
20 12
5 2
25 38
15 60
38 47
60 3
44 12
5 5
1 13
18 3
7 5
9 5
17 8
2 8
34 6
43 30
2 3
11 10
3 7
4 6
14 93
45 43
4 27
32 56
2 2
8 6
6 13
1 2
80 68
1 2
16 14
5 10
17 41
38 53
37 54
46 66
29 86
1 3
2 14
8 8
23 79
48 53
18 123
11 61
34 105
21 123
57 46
56 28
4 4
16 5
6 15
14 14
13 7
10 7
11 112
6 62
14 39
42 58
57 62
4 12
4 97
60 22
22 82
53 101
3 3
11 6
12 17
12 11
5 3
68 122
82 43
53 60
67 81
15 110
6 2
7 15
6 18
12 12
6 14
2 8
18 17
9 5
33 72
23 83
13 65
36 68
21 26
26 4
28 49
39 22
21 48
7 1
5 19
16 12
5 20
4 9
10 1
6 18
15 15
4 8
38 2
23 64
18 107
34 4
8 4
2 18
7 16
17 10
19 10
11 16
20 9
15 10
8 4
1 2
14 94
10 1
8 4
11 19
16 17
4 7
6 13
16 18
1 5
13 16
14 19
7 7
3 9
24 37
2 80
3 55
7 1
20 3
16 10
15 20
9 8
19 19
4 16
16 9
4 8
39 65
9 40
40 2
13 79
8 4
12 15
5 3
17 18
3 1
3 1
2 10
17 10
1 20
2 10
19 12
65 23
2 4
5 10
1 3
5 8
11 49
32 66
59 110
37 51
25 15
10 3
9 6
13 14
15 6
3 15
14 17
3 15
11 9
13 8
12 11
5 14
10 9
42 28
9 26
30 124
11 40
42 123
1 92
47 58
26 25
41 95
33 102
1 3
12 17
3 10
70 107
73 124
34 34
6 2
10 17
13 6
15 16
17 19
14 18
19 20
3 9
44 107
51 144
47 122
2 5
19 7
20 19
2 1
8 160
28 116
1 5
7 7
5 5
4 49
10 35
84 97
86 14
24 100
3 1
2 16
20 15
5 5
3 2
54 79
78 34
73 30
5 5
5 17
2 19
7 14
9 9
20 11
2 3
6 104
4 67
5 5
19 10
5 7
4 20
16 9
15 9
4 4
31 30
31 66
6 55
34 52
7 4
10 20
7 5
5 2
4 6
9 16
3 20
11 8
2 3
54 130
16 111
7 3
7 4
2 4
1 8
20 6
3 5
4 11
16 9
6 7
13 138
55 118
70 110
50 104
10 86
63 146
2 1
14 9
8 13
10 6
6 76
14 135
18 61
61 73
19 18
15 126
47 41
68 136
7 100
62 102
3 5
13 16
17 4
5 15
1 7
49 95
7 5
12 6
17 5
9 6
4 15
13 11
15 13
10 11
6 6
8 42
35 42
37 52
30 76
9 31
7 7
8 1
18 6
1 2
17 8
8 16
16 20
8 2
5 13
4 7
10 10
37 96
69 50
66 48
13 141
37 92
58 15
63 18
24 8
29 139
43 107
4 5
13 20
9 9
2 14
7 20
6 9
6 41
57 104
66 5
21 95
33 129
73 134
7 4
16 7
15 18
2 9
14 19
4 19
20 20
8 4
2 7
71 45
44 111
9 4
11 16
6 6
13 17
13 7
3 11
10 5
2 13
16 7
15 2
2 2
55 23
55 149
8 2
17 17
18 17
9 3
17 2
1 9
2 7
14 15
10 18
10 9
61 157
58 38
29 155
22 120
9 125
46 106
64 162
20 69
27 20
43 54
4 5
2 3
11 11
3 4
8 20
10 4
41 4
65 115
51 114
37 95
10 139
40 129
50 58
52 22
15 105
26 104
1 5
12 2
3 5
69 136
8 164
10 140
1 4
19 1
4 7
10 96
62 35
18 7
55 12
1 2
15 3
7 2
37 160
36 144
79 165
54 46
24 151
10 68
82 123
3 4
5 11
13 8
11 4
4 7
20 65
26 90
9 52
42 47
2 2
7 14
13 3
4 2
31 39
78 158
13 102
4 95
6 4
3 9
4 16
17 10
13 4
20 7
12 5
6 4
18 65
60 2
25 129
70 80
28 129
76 28
4 3
3 4
4 10
18 12
2 11
10 2
26 54
25 19
36 61
21 56
30 13
33 55
14 61
20 84
9 32
35 35
10 5
17 11
10 16
15 2
4 14
10 16
17 7
7 3
5 9
4 9
12 10
9 10
13 13
22 34
27 67
17 28
17 49
28 82
2 21
28 26
6 62
7 5
10 2
12 13
15 12
19 4
8 6
18 1
16 16
2 4
52 147
87 14
9 1
10 16
4 12
7 15
3 6
1 19
13 18
8 7
12 14
1 15
6 2
33 110
50 125
41 21
16 80
66 75
2 49
4 1
3 5
3 4
19 19
15 2
10 9
18 79
17 80
21 8
24 76
13 69
43 35
32 20
34 34
25 82
24 16
7 3
16 12
16 3
11 9
11 1
16 19
11 10
7 14
9 3
30 85
2 80
43 12
26 90
24 39
2 83
33 63
31 73
23 16
5 2
12 2
13 12
3 5
3 2
17 2
5 2
15 3
41 40
11 31
6 38
38 96
7 1
8 17
13 13
7 20
4 6
18 15
17 15
17 12
3 1
12 32
9 86
18 20
6 4
15 5
4 7
1 11
9 4
14 5
2 9
5 2
18 20
24 15
26 74
13 74
38 47
2 2
1 10
6 9
3 6
10 65
72 79
51 35
10 2
9 4
7 12
8 8
10 3
2 10
17 4
18 11
1 14
1 18
12 17
10 10
12 76
65 152
16 168
25 99
63 63
42 109
39 3
55 22
20 178
32 22
2 3
11 18
20 1
7 1
31 71
76 140
1 60
65 21
8 134
70 51
28 71
4 3
2 12
15 1
9 11
1 18
3 8
18 25
2 75
23 79
9 2
8 15
17 10
20 16
9 17
3 11
2 5
14 2
16 12
16 14
3 5
16 47
31 126
58 81
2 1
18 19
19 14
10 4
33 163
85 84
61 117
24 167
10 129
23 66
79 83
57 103
67 159
56 127
3 5
2 4
16 18
14 3
8 1
14 5
23 4
19 62
38 9
35 11
48 21
5 24
45 4
3 2
10 5
2 16
15 15
9 4
9 14
49 113
26 82
62 96
75 31
14 109
76 8
35 26
3 136
5 3
15 15
10 2
8 6
11 7
1 19
4 10
50 116
22 61
75 128
41 6
8 5
7 10
18 4
10 8
9 6
7 1
20 19
1 14
12 15
9 8
50 54
66 58
61 62
41 42
49 147
56 32
62 40
15 137
52 18
4 4
10 9
19 3
6 17
10 16
2 9
13 60
7 35
6 2
9 2
7 17
1 8
2 10
3 10
19 16
5 6
17 87
49 76
6 57
32 52
32 43
6 5
9 11
6 6
14 10
2 9
11 19
14 10
8 4
8 44
21 5
6 34
9 32
1 44
37 55
66 110
31 5
8 1
10 8
11 1
7 16
6 9
2 13
4 14
13 9
12 11
8 7
12 103
41 130
1 95
5 97
64 114
28 76
44 38
54 108
7 5
14 16
10 7
13 6
13 15
5 14
13 11
17 15
6 3
61 122
74 147
50 116
58 98
4 144
25 143
8 5
2 16
6 16
6 20
7 15
14 4
6 3
13 7
18 6
10 1
13 109
27 103
46 11
4 52
44 71
46 85
42 75
14 82
51 28
33 100
5 4
8 16
6 8
8 17
3 15
16 3
4 8
4 48
3 46
4 38
17 37
6 2
14 16
17 19
15 19
1 16
9 7
8 11
1 4
6 64
8 2
10 3
20 10
1 14
10 8
10 11
11 7
9 6
14 18
1 5
49 141
2 4
14 17
1 9
2 3
17 129
45 63
8 4
17 12
16 11
2 3
20 13
9 12
18 6
19 8
8 6
8 5
73 131
63 142
80 108
18 130
53 147
10 164
24 154
27 168
5 3
18 12
19 3
9 14
16 18
4 18
7 9
25 48
45 17
50 22
53 32
2 51
12 81
40 122
2 4
3 11
5 17
1 8
37 37
10 3
7 17
4 11
8 1
1 8
11 11
16 16
7 11
18 7
11 4
16 18
7 6
5 27
39 47
29 1
2 30
23 66
30 7
31 83
3 3
11 3
8 5
19 1
4 8
5 100
27 35
12 32
17 11
2 4
20 15
6 2
2 2
57 131
23 138
2 1
11 5
7 6
5 4
23 4
7 61
11 71
7 31
19 26
10 4
16 19
13 8
11 17
7 10
6 15
2 14
9 6
14 11
6 12
19 18
4 7
52 55
19 75
43 6
38 56
10 2
7 17
12 15
5 14
2 8
17 6
17 14
18 11
8 5
1 6
17 10
8 1
2 163
22 172
87 9
51 152
38 73
79 34
66 27
74 128
6 4
3 15
1 3
11 13
20 15
15 1
12 7
8 8
22 85
48 77
47 15
22 97
40 25
28 21
47 51
25 97
9 1
13 2
15 5
6 16
20 4
17 2
5 10
11 15
10 3
20 19
1 1
23 72
4 4
17 18
16 20
16 12
3 15
9 6
35 121
62 56
68 104
55 52
48 39
76 12
30 150
55 5
13 133
9 5
9 17
6 12
14 6
10 3
4 3
10 17
11 12
10 11
6 13
1 1
53 43
9 1
18 17
10 7
16 14
14 10
13 6
20 7
17 14
16 19
2 5
1 3
1 82
9 3
3 3
13 20
17 7
7 17
11 18
18 17
17 13
1 2
17 19
3 9
10 54
75 18
34 164
1 2
7 4
10 3
27 85
9 67
26 91
41 80
34 40
41 63
32 53
1 39
22 17
28 27
9 4
13 16
7 12
15 11
8 6
15 6
11 13
1 19
14 16
18 18
9 1
40 2
64 69
68 141
59 128
62 9
52 74
30 77
44 135
36 160
4 2
8 4
3 11
3 9
3 14
8 6
35 83
38 19
39 9
1 12
41 12
18 16
20 78
40 44
8 3
15 4
11 9
5 9
14 6
18 4
18 16
11 2
5 17
2 10
50 46
49 98
2 5
16 10
7 16
4 9
3 53
70 150
14 36
30 68
6 4
4 14
13 15
9 11
9 1
19 14
1 18
3 2
13 84
4 4
35 48
3 1
19 14
2 19
13 8
4 5
34 45
61 117
45 47
46 72
5 2
2 19
13 11
2 3
2 6
3 7
6 6
17 27
17 15
46 39
43 42
54 108
32 4
2 2
5 10
2 12
2 5
56 33
37 44
3 1
14 17
14 20
12 3
8 9
8 67
33 21
33 89
34 106
60 64
39 81
46 130
7 120
4 1
1 2
12 12
12 15
8 11
8 5
13 103
36 32
50 90
19 2
29 25
50 22
58 44
1 96
7 2
13 1
18 12
11 15
11 2
1 13
6 7
10 17
7 5
36 90
46 16
4 56
22 80
42 52
8 54
3 24
8 4
20 7
10 19
14 8
18 8
3 4
2 1
6 10
1 1
8 6
62 129
4 43
58 97
8 129
59 89
6 22
3 50
60 114
3 5
7 8
6 20
5 16
7 10
10 50
43 70
21 95
28 52
41 46
40 20
29 70
8 2
11 15
8 2
13 17
20 17
10 19
3 16
2 15
9 16
2 10
36 23
27 25
1 2
17 13
4 7
44 78
45 92
19 25
2 96
7 4
20 13
4 5
8 16
2 11
14 12
4 16
3 1
5 5
27 5
82 120
13 154
41 81
2 166
4 5
8 16
15 13
19 20
19 5
2 4
17 3
36 17
8 2
19 16
12 6
13 6
10 1
14 11
8 2
10 14
5 13
5 3
35 27
8 110
40 77
49 44
53 66
8 5
5 13
17 9
4 12
13 1
3 12
17 3
1 13
3 13
5 10
27 55
17 11
17 79
40 41
25 65
9 1
16 12
8 14
17 12
8 3
7 16
3 9
5 19
2 17
16 2
6 9
41 95
26 81
42 120
45 63
45 87
37 119
4 5
8 9
19 3
12 7
4 1
10 4
29 18
55 12
21 100
1 13
16 114
8 105
15 39
32 101
22 54
20 69
6 2
4 18
19 16
7 2
2 19
20 17
9 6
1 10
58 10
7 4
7 18
9 7
14 17
19 5
16 3
10 5
16 15
6 5
45 77
34 101
48 37
33 107
39 89
48 34
5 3
7 11
5 3
8 5
12 1
1 19
5 4
14 44
3 70
40 93
32 89
21 34
1 5
10 14
3 4
38 3
41 43
25 60
7 1
16 11
16 2
12 6
15 1
8 13
1 6
5 9
2 8
6 2
20 75
3 4
5 2
11 18
16 11
10 2
23 3
2 20
5 78
41 23
10 5
34 5
19 33
35 7
27 50
29 71
3 1
18 2
7 3
12 12
2 7
23 35
23 63
6 2
14 9
6 8
11 13
7 12
15 1
2 20
9 5
59 85
56 122
1 45
49 52
11 75
14 58
25 73
22 132
26 123
2 1
15 4
20 9
9 8
50 95
57 93
2 50
48 25
58 41
25 128
39 74
15 12
30 96
8 2
19 8
17 16
14 20
15 18
1 13
11 3
20 8
4 15
6 3
25 3
19 5
50 49
32 40
36 60
53 93
3 5
11 8
11 7
20 2
10 5
40 109
24 42
4 22
42 41
43 78
23 39
40 87
7 102
60 44
16 15
6 1
11 16
11 13
4 18
19 15
17 6
7 18
1 2
44 85
10 1
10 20
2 20
4 13
4 9
11 14
8 4
3 7
11 14
3 7
16 1
8 8
3 34
39 60
37 41
37 72
41 12
12 79
28 8
5 4
10 3
17 4
9 15
10 19
4 20
14 19
8 15
20 6
10 6
16 18
20 20
10 3
21 5
26 16
8 14
25 62
48 82
38 94
35 3
49 87
49 99
7 51
3 3
2 14
20 15
9 20
3 2
9 96
50 113
40 21
7 5
5 4
16 13
15 14
9 15
2 14
18 7
14 10
3 10
42 46
53 103
16 7
4 1
18 5
6 10
9 7
9 19
9 2
69 155
73 154
12 125
62 140
41 63
50 64
41 44
50 118
23 4
2 1
18 14
1 8
2 3
26 47
32 44
8 3
16 14
10 1
8 13
15 5
17 19
3 14
6 14
4 6
5 7
38 65
34 106
24 3
9 145
30 7
7 1
11 14
15 17
18 3
2 11
3 14
5 15
2 6
9 5
46 57
35 62
14 57
29 18
5 20
23 18
21 76
45 27
12 77
10 5
8 7
4 5
1 19
10 5
3 9
17 5
13 17
19 3
1 6
9 4
3 4
72 76
48 61
49 129
6 1
8 14
18 9
19 2
14 14
13 1
17 16
3 9
1 150
49 53
48 145
1 5
6 15
6 9
51 53
37 47
75 85
61 19
71 133
55 27
4 2
1 5
1 4
13 8
1 4
1 9
15 36
2 1
11 10
14 6
8 5
16 95
9 88
38 52
49 64
46 7
7 18
46 38
54 118
2 2
8 10
19 4
7 8
40 85
15 15
71 73
71 125
38 28
5 81
3 4
6 1
16 12
8 8
3 15
7 8
13 14
12 7
7 3
18 72
36 58
19 35
8 43
40 4
20 72
13 67
5 5
3 3
12 8
13 14
16 9
19 8
1 2
21 44
3 4
11 9
1 17
20 10
7 4
49 84
50 88
13 99
19 43
20 36
10 15
42 3
7 2
2 7
13 16
20 1
19 10
10 14
8 13
2 18
8 2
14 98
28 54
16 39
38 69
38 98
23 69
10 25
12 44
3 4
17 3
13 2
8 17
5 4
24 68
20 64
16 42
48 75
28 26
5 1
18 1
2 16
11 11
3 11
16 20
1 7
19 112
10 5
8 16
4 2
6 7
13 6
8 9
10 4
11 8
15 4
19 7
11 20
7 1
42 55
38 108
23 15
6 62
15 76
42 79
15 55
10 2
15 4
14 11
8 5
20 3
15 16
20 9
7 15
12 7
10 18
10 19
8 10
50 63
46 45
24 41
35 35
56 91
24 70
3 7
32 29
7 1
18 13
1 2
18 3
15 17
15 13
2 7
3 15
5 9
30 142
63 76
23 95
55 106
8 80
1 5
18 11
8 3
71 36
21 115
45 33
76 146
20 56
7 3
68 155
8 166
10 5
8 9
20 14
9 11
1 16
8 4
17 16
17 7
20 13
9 16
20 16
2 10
2 63
23 114
2 2
7 14
6 5
1 6
68 146
7 1
15 10
14 10
16 17
10 20
9 8
16 20
15 10
5 7
59 31
11 6
1 103
66 88
45 55
7 5
18 19
10 10
20 17
6 19
9 15
7 11
17 20
7 8
42 47
41 151
59 133
68 25
70 77
30 120
11 24
2 5
19 20
10 11
6 9
17 76
6 41
22 104
51 14
27 90
25 110
3 1
3 17
18 13
1 16
9 1
80 69
50 132
27 131
16 90
31 148
74 94
8 40
40 93
63 154
1 1
11 5
10 4
22 31
81 86
9 136
51 128
22 76
90 173
67 7
71 161
87 17
31 138
5 5
7 10
14 13
16 3
5 4
10 12
5 8
6 70
22 91
39 18
39 57
13 68
9 1
18 4
6 1
12 9
7 19
7 13
1 3
2 19
15 8
17 14
3 3
25 110
4 6
77 161
9 4
17 10
1 3
15 15
8 18
7 16
16 5
15 5
9 6
3 4
2 1
72 23
70 32
4 3
1 17
16 12
12 4
6 1
3 5
16 91
39 90
36 50
8 1
9 17
11 2
6 16
7 19
12 14
16 11
19 13
7 6
2 2
41 15
34 39
9 5
9 8
19 16
10 7
12 17
19 5
5 13
6 6
3 2
10 1
9 9
1 92
35 97
24 117
12 18
9 9
20 130
8 135
1 138
56 128
10 1
11 18
14 8
4 3
1 17
5 13
10 15
9 6
7 19
6 14
19 17
9 9
27 81
23 54
24 96
66 111
8 82
31 105
10 4
20 5
6 103
5 1
5 16
9 19
14 4
3 17
20 4
2 8
1 77
29 77
1 3
3 12
2 9
13 46
29 80
8 1
3 3
6 1
11 12
7 19
17 6
11 6
8 12
8 10
9 2
45 76
2 35
41 48
9 22
45 44
44 96
30 84
45 9
43 67
9 1
4 14
10 2
18 4
12 19
12 6
15 17
17 13
11 17
3 1
6 5
33 153
12 26
20 175
28 159
9 34
19 125
8 5
8 14
3 15
20 5
13 17
20 3
4 14
5 17
16 18
3 7
60 13
51 77
23 87
5 3
16 19
2 4
3 2
19 13
9 17
8 4
1 70
66 46
36 69
2 133
38 114
42 118
12 138
40 73
8 4
18 14
20 16
17 9
17 16
18 15
2 1
12 10
13 6
9 7
3 38
44 103
61 33
45 25
63 85
10 134
61 17
56 73
22 30
1 4
14 11
4 2
1 74
16 55
29 35
34 74
9 1
7 10
16 9
10 8
17 12
7 14
4 14
3 7
20 19
5 13
5 8
67 121
44 44
63 49
13 54
47 122
10 3
1 2
11 3
4 9
8 11
12 7
8 14
4 6
1 14
4 3
12 9
3 10
6 98
49 59
24 20
5 4
1 7
5 3
6 9
10 8
1 18
5 9
17 77
12 80
12 15
43 70
17 133
8 2
15 4
14 16
17 1
13 12
13 19
13 19
16 4
17 3
7 10
8 15
34 43
14 27
17 29
24 73
13 28
10 94
8 1
9 13
11 11
19 4
17 15
1 16
18 13
12 3
15 7
10 1
4 34
37 117
52 40
69 57
29 41
7 45
9 1
22 138
65 131
62 46
5 1
1 12
17 3
8 15
17 6
20 2
6 10
2 83
49 150
19 153
3 108
61 43
53 66
9 5
12 14
1 3
13 3
8 13
5 8
15 2
15 6
4 11
13 8
10 10
44 55
38 149
37 91
36 149
63 5
61 27
60 41
51 95
40 33
18 145
3 4
11 8
16 20
18 18
9 4
9 4
14 60
9 39
43 6
30 58
13 17
15 61
40 46
43 73
4 5
3 18
18 1
12 10
8 17
9 9
24 28
27 71
23 36
23 2
24 1
31 16
33 47
20 55
38 48
8 2
3 10
13 3
19 17
4 5
5 10
9 5
2 9
8 3
8 10
39 137
49 22
70 98
18 128
36 22
22 87
60 128
51 109
10 5
3 2
17 3
14 14
20 8
6 18
19 14
9 9
13 7
6 6
9 5
8 7
24 95
13 139
11 18
63 127
47 39
72 77
72 83
48 103
4 1
4 13
13 17
1 16
8 20
8 2
45 3
50 58
24 5
18 12
44 41
14 94
37 97
17 83
7 3
13 13
10 20
17 12
7 7
17 9
14 15
18 4
7 5
55 47
13 74
43 7
15 31
45 30
28 38
45 44
2 4
2 10
5 3
1 4
67 125
8 3
9 20
2 17
10 5
11 18
1 11
5 13
12 9
12 1
10 6
52 93
3 81
81 90
59 155
48 34
60 21
57 96
13 87
43 46
4 30
3 5
11 13
3 10
5 19
10 3
14 87
39 91
22 74
29 7
26 22
18 77
16 37
13 17
39 79
32 75
4 2
16 8
3 7
8 6
3 15
1 2
70 113
7 4
1 16
3 18
7 1
2 17
3 17
7 8
17 17
4 10
6 72
77 89
52 88
22 143
8 2
9 15
2 9
7 1
15 20
17 7
7 7
17 18
6 5
9 1
24 35
68 141
66 42
67 81
7 116
8 97
5 89
78 11
72 3
3 1
9 7
1 17
1 7
1 8
26 82
3 4
1 10
7 1
3 10
1 7
7 86
1 4
6 5
9 7
15 83
38 105
35 37
35 15
66 78
38 103
23 45
38 15
17 35
1 4
16 1
3 7
4 19
19 52
21 13
3 5
6 20
13 16
18 18
3 4
56 58
25 74
21 11
8 3
14 12
9 16
3 13
11 12
20 6
2 6
6 12
9 9
9 7
51 30
34 72
13 11
31 38
29 60
55 43
21 50
10 75
24 87
7 5
4 6
1 19
13 18
5 20
13 10
16 1
3 8
5 5
57 68
19 148
31 24
68 146
66 54
3 2
14 11
10 19
2 1
4 6
41 23
68 124
80 14
47 123
5 3
13 11
15 11
3 3
20 6
18 8
2 10
20 32
33 85
6 1
4 1
13 11
7 9
2 8
14 15
19 4
8 9
32 47
33 10
34 78
16 21
30 8
31 38
16 71
20 51
4 1
10 6
20 2
16 5
15 13
2 8
53 115
44 122
1 3
8 15
10 7
71 1
7 58
58 112
26 127
2 88
16 66
51 57
47 62
13 47
55 109
3 4
7 7
16 17
1 16
9 6
42 20
19 54
59 48
16 11
28 48
28 57
26 75
28 70
14 105
5 5
11 19
4 20
3 10
12 4
19 4
10 5
51 73
8 47
24 17
7 103
19 52
31 116
22 66
20 41
35 82
32 5
3 1
13 10
7 12
3 20
2 4
42 83
45 87
1 1
12 5
1 2
44 36
2 1
8 3
14 20
9 2
17 73
18 7
52 52
32 52
3 70
1 57
2 103
42 58
48 35
1 3
20 10
5 1
43 118
17 30
73 88
67 110
31 133
6 4
7 17
16 15
13 3
16 4
7 1
7 16
7 7
1 121
65 36
65 15
37 107
6 123
45 54
2 110
7 2
19 13
16 20
20 20
16 1
13 10
3 11
18 2
2 1
57 77
1 14
1 1
8 6
3 8
37 8
19 117
67 145
6 1
16 13
15 20
1 18
13 3
15 13
15 16
9 2
28 50
29 57
66 135
56 18
42 41
39 89
2 89
29 30
42 79
4 4
8 5
10 4
19 13
18 8
3 5
55 102
6 8
8 79
2 3
17 12
18 11
2 3
19 16
11 19
5 5
5 1
6 2
6 5
5 2
3 3
8 6
88 88
84 13
48 71
6 75
29 93
22 15
24 78
36 167
10 1
9 20
6 13
4 19
14 5
20 9
12 5
8 20
3 2
1 7
1 9
3 4
15 21
49 104
9 50
1 3
11 11
8 5
19 22
74 61
57 81
61 36
84 104
26 130
66 120
65 77
10 5
8 11
3 3
9 17
4 6
17 11
5 4
13 11
10 18
14 11
1 10
10 10
36 29
27 33
31 163
33 76
31 121
72 168
15 130
7 165
76 95
41 142
5 2
19 12
4 12
6 2
15 7
2 3
5 7
32 8
42 74
22 69
37 35
35 77
8 5
20 1
1 6
8 2
6 13
19 6
18 10
14 3
10 4
5 8
50 45
28 41
54 86
32 2
2 108
8 1
7 11
5 2
9 13
18 20
12 9
2 10
17 7
14 1
7 2
13 76
32 80
41 8
22 34
14 57
17 16
15 41
10 5
5 13
3 12
6 18
7 7
15 19
4 17
13 5
11 15
2 20
5 19
3 6
14 62
23 69
32 72
10 1
2 10
18 12
15 20
11 18
9 1
1 9
6 9
1 11
7 9
6 3
10 4
53 9
57 18
58 62
2 33
40 42
27 87
40 4
21 20
45 63
7 34
8 2
20 9
10 3
11 3
7 5
6 14
6 15
1 3
17 7
10 2
8 79
35 16
36 8
1 38
4 14
18 18
11 44
30 57
27 23
10 42
8 1
5 4
10 1
20 14
1 8
6 12
8 7
6 12
18 1
7 10
20 50
23 31
39 6
2 40
32 75
1 37
9 75
6 2
9 4
12 5
14 13
14 18
14 18
7 16
6 10
36 90
26 115
59 113
5 15
7 69
18 18
9 3
6 11
8 12
10 8
6 13
3 9
8 12
2 18
14 8
1 15
6 9
27 29
62 131
28 58
37 15
56 58
61 42
7 3
10 4
10 11
18 5
6 2
19 2
12 14
9 5
5 6
25 32
19 64
23 21
16 50
19 80
2 1
8 12
10 17
2 9
43 31
44 47
6 2
20 16
5 8
17 4
10 16
5 14
7 9
5 3
8 102
19 94
33 118
23 147
60 63
5 3
16 14
5 11
8 20
10 14
15 18
1 1
25 18
6 5
20 11
5 2
8 15
20 17
14 19
16 6
3 10
45 17
38 10
16 41
2 5
19 20
6 16
2 5
63 100
61 71
9 2
3 20
1 6
18 19
5 10
8 9
18 19
14 16
13 11
3 18
1 6
10 35
8 5
6 4
6 10
1 20
11 5
9 2
20 7
17 10
13 9
8 7
40 21
58 39
32 44
50 75
42 73
35 70
9 66
6 24
10 5
17 6
10 4
12 10
17 3
10 12
1 19
12 9
6 18
18 13
6 9
9 8
16 57
13 58
50 109
27 122
49 103
22 117
22 106
72 68
29 80
3 3
3 15
6 6
16 9
9 2
46 51
22 58
25 57
42 61
9 112
40 108
18 73
17 16
72 11
3 5
5 14
3 1
16 2
7 5
39 7
59 126
7 75
64 107
32 120
24 37
51 116
1 1
11 4
5 5
54 9
7 20
44 60
25 43
28 63
6 3
2 5
11 6
16 7
5 12
20 4
6 5
10 6
72 2
20 117
46 35
52 108
41 84
13 30
71 30
11 64
7 59
17 94
8 2
9 4
6 2
5 7
17 8
1 13
3 13
3 11
20 2
1 6
56 42
6 5
3 1
19 8
14 1
2 13
16 6
17 15
6 10
56 165
24 161
80 39
8 120
23 166
66 157
6 5
4 20
20 19
11 5
7 9
16 11
1 12
8 6
27 166
21 24
81 90
20 178
20 130
82 10
25 33
5 135
6 2
7 19
20 5
19 18
2 20
7 15
1 14
10 5
24 42
31 60
27 119
58 90
35 130
61 142
13 105
36 35
32 23
4 9
9 5
3 17
10 11
10 4
15 1
10 17
13 5
13 16
20 8
8 17
7 9
48 133
8 120
35 41
4 90
45 113
33 111
63 143
9 1
16 17
20 9
20 17
15 15
19 18
11 12
15 1
19 19
6 10
5 1
25 5
42 81
38 27
9 3
12 86
1 4
16 5
3 1
41 60
11 65
56 81
9 2
20 10
4 13
14 5
12 9
14 12
20 4
18 7
15 15
18 18
1 10
16 20
10 2
1 13
16 6
6 10
2 9
3 7
3 15
18 6
3 19
13 3
20 1
9 5
66 60
40 44
8 2
41 49
47 97
25 24
67 32
8 107
58 149
2 3
16 11
15 18
8 8
17 58
6 78
16 70
5 51
28 11
11 82
24 69
41 90
5 1
2 17
1 8
9 4
10 5
5 15
9 5
58 76
36 61
32 61
49 21
33 98
53 62
34 35
28 97
24 39
10 1
10 2
18 11
17 8
18 11
8 14
12 17
16 11
11 11
15 3
4 15
1 2
20 18
3 2
8 1
15 16
16 10
4 1
29 28
63 141
55 165
12 146
5 1
15 8
8 2
5 18
11 11
5 3
3 6
33 128
23 139
7 62
3 4
3 2
1 14
4 3
5 7
43 100
38 21
12 103
50 102
38 80
6 2
14 3
7 12
15 20
18 16
13 2
2 6
6 2
9 17
7 1
41 40
37 16
19 80
13 131
4 1
20 11
3 15
17 2
5 20
2 7
53 40
1 65
10 4
7 9
12 9
1 8
10 14
9 19
4 16
17 14
8 16
18 19
19 4
7 1
2 33
19 146
70 132
57 79
25 54
55 53
25 93
3 4
20 6
5 3
6 12
10 1
47 92
30 79
34 95
15 100
36 90
11 25
53 43
4 105
7 109
58 108
7 5
11 5
2 17
6 19
14 6
18 1
11 2
15 9
2 4
41 89
45 100
10 3
4 3
12 1
6 9
15 11
2 9
13 2
5 19
2 20
4 3
1 17
8 1
44 7
8 37
14 88
15 9
57 82
10 76
27 105
10 21
1 3
14 4
5 7
25 25
51 26
32 4
27 105
14 36
5 3
20 7
12 2
1 8
5 1
6 6
5 5
44 129
53 93
16 146
5 71
21 60
1 3
20 9
5 1
30 49
20 77
32 39
32 73
39 39
5 3
4 11
5 20
11 4
2 20
6 15
9 9
5 63
23 49
36 65
9 35
30 79
35 32
35 48
22 44
26 20
8 3
16 17
10 17
8 16
2 2
20 13
13 17
15 19
4 10
5 1
16 17
13 79
47 81
39 116
42 91
1 4
19 14
3 9
25 64
25 27
14 84
6 5
8 12
6 5
16 15
10 15
16 7
10 20
4 2
42 120
25 121
75 102
35 4
8 2
9 16
8 18
3 13
10 3
19 7
4 16
18 7
4 4
6 9
67 131
70 54
7 133
12 75
38 59
40 16
4 4
1 1
8 17
18 13
16 4
4 2
46 118
3 110
46 25
58 46
3 4
5 5
12 3
17 9
5 7
28 75
41 59
1 76
19 95
47 95
2 5
10 10
12 19
3 9
47 76
14 30
22 33
8 3
7 16
1 8
2 17
19 14
9 1
18 4
8 13
20 2
6 10
18 87
41 84
43 23
32 24
33 56
17 69
1 4
12 19
7 9
53 178
58 135
38 163
23 78
36 41
54 118
55 66
10 2
12 4
13 17
4 10
16 12
18 16
4 16
13 11
6 1
1 20
18 4
6 4
28 50
10 100
18 101
26 39
37 81
28 94
1 4
5 15
6 7
68 107
7 38
28 135
64 72
26 103
30 140
7 1
7 4
9 2
19 2
15 14
19 17
10 7
19 14
4 3
55 42
30 69
16 30
1 128
7 2
17 11
19 3
16 2
7 5
13 18
5 10
19 20
3 10
29 92
40 50
39 65
5 4
5 17
13 9
8 12
8 14
11 11
1 9
67 72
9 1
11 3
18 4
17 12
14 4
10 4
12 10
4 18
3 16
18 12
2 3
77 129
34 112
1 4
5 11
1 2
70 134
3 2
8 19
15 8
17 7
2 3
64 137
24 16
6 4
7 11
19 1
3 8
18 10
16 10
6 12
10 3
16 49
4 48
14 2
13 46
6 24
28 7
30 19
17 8
26 49
11 25
1 1
8 4
9 9
38 18
7 12
37 58
43 63
40 6
4 65
21 52
13 80
22 54
9 4
16 3
8 16
3 3
12 9
12 19
2 15
14 8
18 6
7 8
8 9
52 86
42 37
20 17
50 123
74 107
55 165
14 3
68 96
10 3
2 3
2 14
5 8
4 8
1 14
13 5
15 20
1 14
4 20
19 5
3 10
17 124
36 63
40 87
7 3
9 7
10 11
19 19
20 3
14 15
3 9
14 11
10 3
45 54
20 39
34 4
45 126
61 140
17 139
8 125
10 101
8 100
69 101
6 1
17 16
13 14
15 7
15 15
5 6
19 6
3 7
81 123
70 77
77 75
10 5
2 12
19 20
4 20
15 16
7 16
16 16
13 10
17 18
12 10
13 3
2 4
2 30
18 15
2 4
14 8
2 18
1 6
20 37
4 2
20 8
5 7
18 19
13 8
10 6
15 100
23 31
48 74
11 53
54 56
16 97
31 24
28 99
6 84
18 28
3 4
16 6
14 1
19 8
2 1
29 79
25 51
3 5
14 12
20 19
20 5
5 2
37 141
5 107
1 107
32 136
18 140
8 3
14 20
17 15
2 9
7 7
14 4
2 7
9 5
14 4
8 5
30 22
55 11
18 72
36 52
19 82
13 76
25 14
35 1
6 5
19 15
12 16
9 12
2 20
2 4
7 14
3 1
17 146
54 160
18 53
8 3
12 4
20 10
8 13
1 19
20 19
13 1
11 7
18 12
9 9
40 9
38 44
24 106
48 112
32 51
27 21
13 145
10 95
68 95
1 2
20 11
2 9
18 38
3 34
5 5
18 11
6 6
11 4
4 5
5 9
3 5
17 58
13 122
67 53
8 3
4 12
15 15
7 20
18 16
7 16
13 2
13 7
13 12
9 9
17 60
60 77
28 26
58 34
47 25
45 146
3 65
59 124
63 137
1 2
3 16
10 7
2 22
1 9
39 32
30 60
21 59
5 37
2 5
34 25
21 72
15 81
2 1
18 9
11 15
5 3
41 49
15 111
56 63
34 114
40 102
6 2
4 3
18 2
5 8
10 19
8 18
19 18
5 1
21 78
43 47
1 47
32 27
2 57
7 2
18 3
5 2
8 1
14 12
4 16
2 8
14 8
7 2
3 62
31 40
16 30
42 85
10 35
11 123
62 127
10 2
5 12
12 15
3 20
20 3
9 12
18 13
12 19
18 19
16 13
9 13
7 9
70 48
48 111
62 123
25 75
11 137
5 139
57 90
7 3
9 11
4 20
17 13
10 5
7 8
2 9
10 14
10 1
81 128
59 138
52 153
75 125
69 26
71 155
23 136
58 98
63 56
66 50
2 2
14 11
20 5
10 5
8 30
25 83
30 137
64 12
18 74
43 84
20 121
44 129
37 52
12 120
1 4
5 18
3 3
70 114
32 151
70 15
1 1
1 11
3 6
1 41
57 140
31 51
9 2
20 3
5 14
17 16
19 8
1 19
4 8
20 5
5 19
10 19
7 3
8 124
26 145
68 163
72 55
33 164
74 35
37 109
6 5
3 9
15 15
20 9
2 1
15 7
8 2
8 3
25 43
32 70
24 33
31 42
48 72
18 82
25 57
4 38
6 4
11 8
3 13
11 8
17 19
4 10
11 1
5 8
30 34
32 23
30 29
1 61
34 45
3 1
14 2
3 1
17 4
7 9
15 6
52 42
26 99
8 65
23 132
77 124
24 97
6 3
4 3
12 20
14 15
14 7
10 11
3 1
2 5
43 92
50 150
8 3
20 7
16 14
4 13
7 2
17 10
3 17
10 2
11 4
7 1
42 7
33 135
20 135
34 145
42 21
43 129
73 114
5 2
10 19
6 4
16 15
6 6
7 4
8 8
46 147
71 37
17 124
21 36
46 20
81 35
43 25
7 90
10 2
8 3
8 9
1 11
4 2
2 11
12 8
13 12
20 5
4 14
2 1
10 2
36 103
25 97
5 97
58 120
18 101
8 125
69 39
15 35
64 129
70 49
3 3
6 6
20 11
14 19
8 3
33 162
45 67
6 134
3 3
65 42
55 55
42 141
64 72
10 3
16 11
12 5
19 3
19 7
10 16
5 4
10 4
2 19
1 16
2 3
4 7
4 63
40 85
40 33
28 44
3 3
18 9
18 9
17 9
3 7
4 45
57 22
26 79
6 3
10 8
18 2
2 16
17 5
14 12
1 5
3 3
11 52
29 4
15 73
7 1
6 4
9 18
7 14
19 20
12 7
2 6
15 17
2 7
39 44
50 35
8 1
5 20
6 12
1 9
20 9
10 10
4 20
8 4
16 10
1 2
38 111
8 1
18 9
18 19
7 13
3 1
12 12
9 10
1 2
5 1
9 4
57 12
2 73
51 124
54 84
1 116
21 33
49 20
7 65
55 66
3 3
16 17
3 4
8 17
9 7
13 130
58 114
17 19
64 120
18 104
47 68
1 120
27 97
34 25
2 5
8 14
13 6
2 5
19 43
48 15
8 1
16 10
17 1
8 13
20 14
12 10
18 8
1 4
3 20
2 6
72 93
30 132
7 4
5 10
18 7
9 12
20 5
9 16
13 15
7 3
6 9
7 30
30 9
2 71
34 43
39 16
27 20
6 3
7 13
15 16
5 15
6 18
18 9
4 13
4 4
3 12
12 125
4 62
22 62
7 3
8 3
15 9
7 6
20 7
4 17
19 1
2 4
3 1
64 89
54 108
14 17
2 4
7 13
7 19
2 10
16 14
33 47
5 2
7 17
9 3
15 15
10 13
18 19
5 9
34 15
8 76
30 85
43 125
21 25
10 3
2 8
3 4
6 3
4 2
17 14
17 16
13 8
12 5
17 12
2 12
1 6
66 1
1 3
15 9
1 9
31 80
3 4
13 10
11 2
17 18
1 9
8 115
5 1
20 8
17 17
16 10
2 17
18 14
7 5
6 71
37 93
1 133
15 126
15 126
48 78
28 28
3 3
13 2
8 1
2 16
3 9
43 56
23 78
39 18
2 2
12 4
4 9
1 8
54 68
2 5
20 12
4 6
10 3
16 96
11 14
30 77
3 93
37 69
38 48
41 70
33 26
41 96
13 90
10 3
13 20
15 4
16 17
20 10
16 6
2 2
9 2
4 13
18 8
1 6
5 5
31 58
19 1
27 86
13 37
4 73
2 2
2 18
13 10
3 7
24 130
49 71
49 92
5 1
17 16
4 8
4 2
4 15
12 6
5 6
2 95
17 85
17 63
18 55
9 19
1 4
6 8
2 1
72 156
10 89
6 5
4 7
1 2
18 4
2 16
15 12
17 15
6 10
32 6
50 21
57 122
6 65
53 72
65 74
10 2
17 4
17 14
7 17
3 4
15 10
4 6
17 1
5 6
8 19
6 9
7 2
60 146
58 145
1 89
16 1
30 55
65 109
50 143
4 1
14 5
20 12
8 18
12 7
6 1
21 96
4 74
1 81
27 96
41 75
44 23
10 5
18 9
8 19
7 1
13 4
16 13
17 15
5 18
20 10
14 3
7 19
6 1
48 46
50 74
10 37
2 30
29 5
33 29
8 2
4 14
11 4
10 13
10 2
11 7
9 13
9 7
2 11
3 10
27 26
19 83
4 31
7 5
2 4
1 16
14 18
15 18
10 1
1 4
20 11
3 3
46 33
37 50
25 43
8 3
1 14
19 9
12 13
10 10
12 17
7 19
17 2
1 17
9 10
37 54
1 83
15 79
3 77
27 72
37 27
11 2
34 18
39 46
4 3
1 16
17 13
7 16
15 10
1 4
29 46
9 4
7 8
4 15
19 1
17 12
18 8
12 6
12 4
3 16
15 5
8 8
44 120
42 50
9 9
59 131
15 59
49 141
45 82
17 105
4 4
4 11
13 8
8 17
14 3
2 10
47 36
61 38
5 3
15 14
2 13
19 20
19 2
15 9
4 7
6 1
33 71
13 34
36 23
9 2
5 1
15 10
16 15
14 8
4 10
9 18
15 13
2 17
20 10
1 7
35 127
1 1
11 13
1 10
55 53
6 5
4 16
20 19
17 3
7 3
1 11
11 11
8 10
27 101
29 95
53 98
17 52
64 121
10 82
50 37
17 48
2 5
8 10
3 10
6 7
49 71
47 80
26 38
9 11
36 87
18 43
5 2
5 5
20 18
12 2
8 17
8 3
5 2
10 18
35 63
3 73
14 45
37 65
9 3
16 2
13 1
14 9
6 14
3 20
13 6
10 14
2 18
18 8
10 9
70 37
27 47
39 127
23 97
17 59
47 108
66 81
11 100
39 140
42 100
8 5
12 19
11 15
20 2
15 20
14 4
3 18
14 19
8 10
3 2
43 54
33 102
42 77
3 5
16 13
19 10
17 8
9 1
4 61
29 82
5 17
28 116
7 34
33 38
25 76
4 9
42 30
4 4
19 17
2 1
13 17
19 19
9 8
52 91
43 64
12 63
51 1
53 31
36 98
3 38
53 17
29 36
10 5
12 7
13 18
7 15
19 5
8 15
6 14
18 18
2 9
19 19
5 3
6 9
42 62
87 110
29 14
56 40
64 150
16 139
8 4
3 3
17 14
8 20
4 7
19 15
4 20
3 9
1 17
6 2
35 85
26 68
54 40
62 79
18 102
15 13
7 4
12 10
11 3
5 5
11 10
19 18
2 3
11 20
8 10
21 126
66 32
32 43
62 109
19 86
51 82
38 122
48 86
6 5
4 19
19 2
14 4
14 16
7 7
12 9
2 5
52 6
39 68
2 5
19 18
6 1
3 6
40 4
43 18
47 75
7 4
9 5
8 9
19 11
4 15
9 9
2 1
4 12
9 5
44 30
44 67
45 46
18 80
37 57
18 89
29 22
5 12
29 28
5 5
17 2
11 19
13 10
20 10
4 10
6 9
46 49
23 20
3 15
44 72
42 64
38 22
8 2
6 2
1 14
4 3
17 19
18 16
18 3
12 19
11 8
7 7
43 101
12 53
14 23
32 76
39 2
8 98
36 39
4 1
4 19
18 11
8 18
16 11
1 6
71 87
1 3
15 7
6 10
8 39
7 9
35 18
34 3
34 50
24 61
3 1
5 14
11 2
9 19
9 9
5 72
36 65
48 113
13 29
5 73
26 112
58 77
54 44
1 44
1 4
6 10
10 9
28 23
20 102
23 15
42 16
27 6
29 6
8 42
53 15
29 37
52 91
2 3
15 12
15 2
9 4
6 7
3 49
1 43
41 12
42 60
21 82
38 28
37 53
45 3
3 2
15 20
16 1
4 13
7 1
49 83
68 40
2 122
8 45
49 134
22 18
65 130
2 5
6 12
16 11
2 5
18 44
18 69
2 1
6 12
9 11
8 5
23 16
34 1
59 103
45 53
1 50
36 112
2 87
31 53
7 3
13 20
11 4
8 8
16 1
8 9
2 13
6 6
10 5
16 19
51 95
18 67
40 34
19 117
5 3
25 114
12 55
55 45
29 73
8 5
9 16
9 13
15 15
8 3
1 20
16 18
1 13
4 2
7 2
36 80
3 29
13 8
29 6
19 36
40 59
34 59
2 5
14 11
8 17
8 6
60 32
21 41
8 57
28 28
21 3
22 63
49 53
47 21
2 4
7 19
1 18
7 10
23 74
22 94
29 69
18 9
14 8
32 32
38 41
3 3
3 5
10 12
16 20
1 8
28 133
8 2
18 10
2 7
8 13
8 6
19 1
4 15
15 15
6 6
7 4
23 82
47 114
19 8
5 79
4 12
2 106
25 69
2 2
20 3
8 8
1 3
76 78
4 2
1 18
16 3
3 6
19 15
7 1
15 131
9 55
29 140
21 43
59 72
21 47
45 5
1 5
4 17
3 3
48 16
26 21
23 86
7 1
18 10
13 12
18 7
9 18
17 16
6 3
8 4
5 7
41 64
43 36
39 19
32 24
10 33
9 1
6 14
3 7
4 2
20 12
19 4
16 1
20 20
8 4
3 5
3 7
6 74
16 50
30 48
8 2
17 14
9 2
19 10
8 9
13 11
11 20
1 5
9 19
10 7
57 94
54 21
2 57
78 74
31 107
44 70
2 124
62 120
40 16
20 45
8 2
5 2
3 4
5 4
14 17
5 3
14 5
16 9
11 5
8 9
26 124
6 103
57 51
1 52
63 84
23 89
13 98
13 59
9 2
13 1
8 3
2 9
16 8
18 9
20 20
2 5
17 2
18 1
2 2
12 39
11 5
9 4
14 5
2 18
11 1
2 19
10 20
16 11
6 8
9 1
1 11
2 3
19 38
86 140
6 4
19 7
7 20
5 8
15 12
15 9
7 13
6 1
57 28
17 89
74 135
59 171
88 166
54 17
10 3
12 7
3 12
9 3
5 9
15 20
13 8
4 19
13 1
10 4
15 18
7 5
55 48
5 48
37 50
79 136
8 131
8 108
41 87
8 1
2 20
20 18
8 8
19 6
1 15
7 10
17 2
5 3
6 10
62 48
30 105
38 49
28 67
62 51
28 37
4 4
15 12
7 3
9 11
19 11
4 10
14 75
42 150
40 57
6 98
3 4
7 4
6 3
15 1
9 10
13 68
21 42
34 14
8 25
27 77
9 67
11 11
35 21
30 17
9 4
4 7
8 1
3 15
6 13
6 19
20 16
7 15
8 11
16 20
1 6
18 30
1 3
20 11
8 3
14 46
18 25
24 21
33 48
4 59
4 8
11 46
6 51
4 5
19 15
3 6
10 8
19 2
6 2
9 104
48 104
35 48
52 86
51 93
51 98
8 1
19 6
14 1
15 17
3 7
16 12
14 8
6 14
13 6
5 9
13 73
51 20
13 41
4 71
53 58
1 2
3 17
4 7
24 85
19 96
52 16
14 112
2 2
5 16
15 14
5 5
20 71
20 46
47 91
41 124
26 27
2 5
8 15
1 17
10 1
44 78
17 19
35 61
38 68
23 60
1 65
15 70
19 48
1 82
13 50
2 5
13 6
7 19
9 7
20 51
47 13
37 52
9 108
39 64
32 16
39 109
31 78
15 22
5 3
13 12
10 10
16 8
5 5
10 8
4 1
70 112
66 103
60 75
80 61
1 3
4 1
6 10
52 50
7 111
11 98
26 80
53 103
24 51
2 1
5 11
17 10
8 2
7 60
43 100
46 110
7 21
46 113
71 9
21 53
18 20
10 5
2 20
11 8
2 17
10 16
10 15
16 2
10 13
8 4
17 4
15 14
3 7
49 56
1 3
24 5
6 1
2 5
3 16
20 18
11 8
13 20
1 5
2 10
15 6
46 26
6 4
1 1
9 3
18 5
15 16
19 20
10 6
4 8
18 133
44 123
24 9
3 115
6 2
12 9
4 12
2 20
19 9
20 3
17 17
5 2
11 36
29 78
5 20
9 8
4 21
1 2
5 10
6 3
56 28
22 51
39 60
21 88
49 75
64 157
6 2
8 18
5 10
18 12
19 4
5 3
14 19
5 9
67 84
61 150
33 71
76 67
32 99
3 3
4 9
5 5
18 15
3 8
60 19
27 144
2 7
2 5
16 7
13 9
6 2
37 44
28 88
5 121
39 75
52 113
3 113
7 1
15 16
8 19
20 8
3 9
19 2
14 12
1 9
1 6
1 87
6 2
15 3
8 9
7 20
19 10
11 20
11 6
2 6
62 123
61 35
9 4
17 19
11 11
19 18
16 4
4 1
2 17
17 18
19 16
7 12
8 10
55 3
1 30
54 6
87 47
55 110
38 169
20 39
49 124
6 2
20 20
3 2
6 7
12 5
13 18
18 11
2 5
25 65
17 25
3 1
1 9
3 18
10 14
3 1
3 21
14 120
13 72
8 2
14 12
5 14
15 10
1 18
16 16
4 15
19 7
15 3
4 5
17 67
32 17
41 6
69 24
2 1
18 3
2 3
6 7
18 49
37 31
23 48
24 69
31 11
44 6
3 4
16 19
19 10
19 19
8 5
3 86
14 3
45 33
17 37
6 82
32 44
21 47
19 10
8 2
10 8
7 14
5 10
12 11
8 7
14 3
14 4
10 19
7 8
44 58
27 83
44 140
80 142
56 87
5 160
25 27
9 1
12 9
13 14
15 18
4 16
6 5
16 18
17 9
3 12
4 20
1 8
19 46
9 4
12 20
20 20
15 12
1 11
10 4
2 13
20 12
12 16
11 1
9 10
44 69
24 46
41 45
22 72
62 81
43 82
34 57
66 109
56 2
4 1
3 12
10 16
14 7
17 18
2 2
21 107
67 22
2 4
5 7
9 9
9 10
37 48
50 43
4 9
50 77
2 17
47 80
20 64
23 99
10 58
2 1
16 11
14 9
5 5
1 58
45 16
43 9
22 5
3 53
3 3
3 4
16 3
13 4
7 4
30 91
62 100
19 38
49 122
30 10
34 114
61 33
7 1
16 14
17 4
1 18
16 7
9 9
11 13
1 15
10 10
64 105
1 103
59 43
3 121
41 56
54 62
37 78
61 112
25 11
17 51
9 5
7 10
6 12
19 4
7 4
13 6
13 16
8 6
11 2
3 17
8 4
7 43
4 16
23 34
38 38
7 78
23 36
35 37
27 15
5 3
4 1
8 20
7 15
13 20
13 13
5 1
22 108
13 103
46 21
57 41
8 23
7 1
15 16
9 19
11 14
9 14
14 20
1 6
13 13
3 3
17 116
9 91
26 112
6 4
6 14
14 14
13 16
5 4
13 5
16 16
9 4
27 1
66 77
48 87
51 119
31 73
38 57
16 63
55 72
32 60
2 4
10 8
8 3
6 10
39 93
19 100
46 99
49 38
18 51
29 91
3 2
6 5
17 2
2 10
7 8
54 41
17 46
38 141
43 150
47 18
74 23
63 119
9 1
18 14
4 18
3 6
14 5
14 17
20 8
11 8
11 18
12 6
4 10
23 15
3 62
14 53
49 63
7 1
13 19
10 7
9 20
10 4
13 12
14 18
2 10
4 10
15 67
8 31
72 139
44 110
8 5
1 16
6 8
13 2
8 10
15 19
10 16
12 14
14 5
6 6
14 98
16 81
11 63
48 3
42 87
2 71
1 3
14 4
10 8
1 74
9 58
34 39
3 47
31 5
22 20
39 21
31 37
28 72
42 32
2 3
15 9
8 5
6 5
6 90
54 45
11 20
13 27
35 105
44 115
10 5
9 17
4 9
9 11
15 20
17 8
17 19
6 10
10 6
14 7
13 5
6 3
41 67
23 128
13 117
21 124
26 86
27 122
9 1
4 14
11 16
2 13
19 3
19 4
8 1
15 4
3 19
13 18
7 5
14 99
43 100
17 4
44 134
81 176
75 81
40 51
4 1
14 12
16 15
20 11
3 20
3 3
18 16
32 46
27 33
5 2
1 5
11 16
14 5
12 14
8 1
5 5
60 143
52 73
51 143
11 41
37 93
10 2
15 11
5 14
20 13
18 19
11 9
5 9
12 17
20 15
5 7
7 20
5 1
48 36
31 146
42 59
60 157
65 55
5 5
9 6
17 3
7 6
2 10
2 2
2 10
23 54
58 87
10 2
19 2
3 6
1 20
15 10
18 3
14 10
15 11
20 3
16 5
13 11
4 6
42 24
32 70
12 93
17 53
1 4
20 5
1 6
18 8
6 1
17 1
10 18
16 7
16 9
11 4
7 3
10 4
32 27
40 33
27 5
8 63
4 25
33 22
12 25
18 82
5 37
2 66
10 1
14 12
6 15
19 7
7 20
19 3
12 16
9 18
12 7
16 10
20 7
4 4
23 44
28 80
59 8
35 25
6 2
18 13
12 1
2 2
15 20
20 9
20 11
8 10
49 31
52 51
9 84
49 126
74 109
40 118
74 137
53 38
2 2
6 15
3 1
9 9
3 82
4 57
21 48
33 24
28 17
4 10
36 65
17 40
4 84
3 5
5 20
11 14
2 5
5 7
14 43
28 84
88 79
61 143
4 128
10 4
10 1
13 15
8 4
20 5
5 3
2 9
17 12
16 11
7 3
11 2
5 8
58 35
29 58
4 39
46 106
5 44
6 3
17 15
13 5
14 8
8 13
16 6
6 11
2 9
36 61
41 18
10 1
14 15
19 16
3 3
10 6
17 18
12 13
2 5
1 14
9 9
15 16
9 2
9 50
4 71
36 49
26 66
37 26
12 76
5 34
9 64
36 78
9 5
15 12
3 17
1 9
15 6
6 10
1 19
20 11
12 7
4 20
1 7
46 8
8 3
7 6
13 8
9 20
1 19
18 5
1 14
19 6
11 8
3 6
30 21
55 27
69 125
6 2
15 11
5 17
18 12
2 11
15 9
11 18
3 2
12 42
16 40
7 29
5 1
19 13
1 3
17 7
8 19
15 6
10 1
19 104
70 126
9 2
26 39
13 27
71 23
9 93
64 140
49 78
8 3
8 5
10 15
5 12
2 18
18 6
2 8
3 3
7 17
4 14
3 4
31 58
47 43
23 66
2 5
15 16
7 15
7 7
25 116
17 28
58 10
13 94
4 29
37 92
16 22
1 3
14 18
5 3
7 82
61 146
12 4
45 100
57 120
4 5
15 19
4 12
14 11
19 8
10 7
37 103
18 137
2 41
15 124
42 12
47 63
29 4
39 112
20 29
70 138
5 1
7 11
14 10
6 10
1 14
7 2
7 4
66 66
32 12
23 139
57 16
60 69
68 136
59 104
9 5
5 3
1 19
3 2
19 20
18 12
14 19
14 7
12 5
4 8
10 4
13 24
38 36
38 62
30 35
50 22
3 9
21 54
49 74
39 97
22 48
2 5
9 11
13 1
9 2
21 151
18 41
32 16
39 15
21 162
29 28
80 119
36 104
57 163
8 1
9 14
20 17
6 11
16 20
15 6
20 12
11 3
20 5
3 9
20 15
7 47
31 17
6 3
8 20
8 17
19 15
5 12
1 18
3 2
5 1
39 44
6 11
6 42
12 58
39 47
8 2
7 7
17 5
14 7
5 18
14 11
4 8
4 20
19 15
4 7
26 40
57 11
48 115
34 65
5 5
19 11
1 18
2 11
12 17
10 7
8 9
42 35
10 28
11 141
24 92
10 2
11 126
25 19
28 14
6 4
7 5
11 8
19 8
11 1
16 18
2 15
6 3
60 94
41 20
69 62
36 58
69 94
2 18
1 2
9 16
6 3
24 34
78 123
50 132
57 147
20 6
36 110
6 3
11 15
16 14
17 12
12 16
18 17
13 9
1 4
61 74
5 4
6 16
20 11
3 14
12 2
6 6
5 10
37 42
37 31
35 78
16 9
32 93
9 5
7 15
8 13
1 10
17 11
15 18
9 8
10 17
9 15
1 10
8 8
69 98
37 95
75 18
25 132
60 37
45 95
48 85
61 119
7 3
16 6
11 9
8 2
18 4
15 5
9 1
20 13
10 7
66 5
31 47
51 111
64 37
52 82
51 72
18 54
41 2
11 123
59 58
9 3
9 7
10 3
19 15
6 9
12 4
3 4
9 17
11 20
10 15
6 7
4 120
35 28
3 130
1 77
59 10
57 50
9 4
18 12
4 4
12 12
14 10
7 14
2 12
12 19
4 5
3 2
9 5
49 53
10 64
57 139
69 80
32 126
40 17
50 139
50 56
13 10
3 3
6 4
3 7
11 17
2 4
77 5
54 63
3 5
2 3
9 14
1 20
9 1
45 160
27 158
28 25
57 115
12 67
77 111
16 105
32 90
55 137
9 1
16 8
11 11
18 1
18 13
16 9
13 2
18 15
16 4
17 13
3 7
5 40
27 108
44 40
6 3
17 1
11 14
20 16
11 6
10 4
19 9
9 1
32 10
11 61
30 25
12 8
30 54
13 53
30 70
17 89
35 71
3 2
3 11
19 15
9 7
10 3
21 27
51 85
43 73
52 126
44 109
51 127
59 78
45 38
13 105
47 77
2 4
18 6
12 2
3 2
42 56
1 36
54 3
4 4
10 20
5 18
2 20
1 13
4 2
75 161
5 35
70 19
41 82
2 4
19 13
7 18
10 7
26 11
47 3
49 114
42 73
3 9
39 10
12 52
27 50
58 77
34 62
5 2
10 18
15 1
14 18
7 14
8 8
3 5
35 123
12 21
15 35
9 1
20 9
9 5
13 19
2 6
2 17
12 19
17 13
10 6
18 3
10 1
10 27
33 47
34 14
40 42
51 51
1 95
26 44
35 115
5 106
36 49
2 3
20 13
20 13
10 10
13 56
8 61
36 58
45 58
37 89
26 59
30 74
32 32
41 53
36 82
4 5
17 16
20 4
17 13
17 5
7 7
58 18
57 1
64 35
1 111
68 30
64 1
68 42
10 3
16 19
9 19
7 10
3 7
15 8
9 11
9 17
11 3
12 8
7 14
3 9
45 92
29 82
16 93
1 1
3 12
2 5
13 13
1 104
2 4
11 19
12 4
4 9
65 63
9 49
26 37
5 30
10 2
19 20
14 8
3 11
12 12
3 14
14 19
16 5
7 10
12 10
4 18
3 4
31 124
17 11
14 71
3 2
20 2
17 13
16 9
2 3
10 146
13 120
6 1
2 9
16 1
20 2
10 4
5 6
14 18
9 8
60 108
41 19
40 130
45 86
31 29
12 88
38 53
21 59
3 63
2 3
2 10
9 13
10 10
22 121
15 110
73 102
39 47
42 121
4 4
11 142
53 92
12 97
26 10
1 4
1 12
8 6
13 70
57 117
23 122
17 134
35 31
47 71
57 118
25 58
7 2
15 1
13 6
1 15
6 5
5 6
17 15
1 4
1 5
3 38
1 4
14 9
4 2
4 111
59 61
11 129
58 89
7 5
7 20
6 8
12 6
16 9
8 19
19 19
16 13
5 2
57 129
27 68
34 47
49 76
40 125
3 1
18 13
16 11
2 19
5 8
60 124
14 28
6 99
9 71
58 76
9 2
20 1
20 12
7 6
3 7
7 18
19 20
13 11
14 4
19 5
7 4
43 118
5 24
58 23
7 28
35 25
34 106
52 114
10 3
3 12
1 10
17 2
17 2
12 13
17 19
19 20
17 4
15 3
6 2
4 6
65 7
40 155
47 123
8 74
3 5
2 10
4 3
13 5
8 10
42 18
32 14
6 98
58 24
76 127
37 78
63 111
16 49
9 3
18 18
10 6
14 19
2 11
11 8
18 12
13 7
15 4
11 17
2 5
23 83
55 25
4 5
19 13
14 7
9 14
8 11
7 5
13 47
26 40
39 37
26 51
13 52
39 81
21 13
4 1
2 7
2 18
17 11
2 14
2 6
35 81
17 20
8 2
10 18
12 9
6 8
17 4
6 18
17 20
8 13
12 3
6 5
24 129
13 105
66 91
11 121
10 116
48 50
9 3
7 6
18 12
9 13
13 3
8 6
8 5
10 14
9 16
12 12
2 1
38 128
63 47
6 4
14 16
11 8
20 11
12 6
14 7
2 13
10 10
67 33
38 24
61 119
26 117
15 102
25 124
70 160
56 130
73 18
6 32
3 5
11 13
15 7
2 18
10 8
13 7
27 41
31 44
22 33
37 56
12 35
40 40
3 28
18 71
1 28
6 3
5 5
8 16
7 1
3 9
13 2
8 6
8 10
4 47
67 65
62 67
61 139
62 65
21 17
64 38
7 96
9 4
11 8
18 4
10 1
19 15
15 14
16 17
18 20
8 3
12 13
7 1
17 50
16 57
9 46
18 84
25 104
25 28
49 8
10 4
5 12
12 11
19 11
2 20
8 15
17 19
4 2
2 14
8 5
17 6
3 10
57 55
39 11
17 87
9 4
7 2
14 18
7 1
16 11
8 16
18 9
6 4
15 14
2 8
2 2
28 43
11 64
7 3
7 6
10 10
16 4
11 15
19 13
11 10
10 6
2 8
66 82
64 104
7 3
10 9
18 1
17 4
11 5
17 18
10 7
18 13
8 9
81 32
46 122
11 54
73 72
85 115
70 163
64 122
76 18
2 2
17 20
15 10
3 10
13 19
32 65
16 6
5 4
16 16
4 14
6 10
2 10
7 19
9 6
36 59
14 70
15 51
37 70
26 5
41 49
10 45
2 78
16 81
4 3
14 9
16 6
20 15
7 4
7 4
70 9
20 82
12 157
50 1
19 168
19 82
45 143
4 5
11 7
20 10
10 17
6 9
6 1
32 14
14 98
35 9
53 83
7 8
6 100
5 1
18 8
14 15
16 14
7 5
10 5
7 9
48 96
35 73
25 56
35 51
35 60
18 59
5 99
6 1
14 1
7 4
3 6
8 3
11 14
3 8
4 2
38 116
9 131
63 139
25 21
5 3
8 10
14 12
12 2
16 2
5 1
2 9
57 87
9 42
9 3
3 18
6 12
13 17
18 15
1 1
1 17
19 10
5 11
5 15
5 8
49 10
42 101
61 41
26 47
2 109
3 4
6 8
11 6
17 14
10 8
26 17
35 16
38 29
18 52
21 21
17 68
35 64
23 57
37 22
15 19
3 3
8 2
3 6
19 18
5 10
55 41
40 116
8 46
17 84
36 94
4 3
11 16
14 9
14 2
4 11
2 8
42 67
50 44
8 2
20 2
7 9
14 4
1 19
11 17
1 9
2 17
15 5
2 5
7 12
51 99
6 3
8 14
5 11
3 9
10 10
4 6
15 1
1 8
4 51
1 2
11 2
8 9
35 35
21 38
26 46
30 77
2 30
11 56
35 69
22 23
8 5
5 14
12 16
16 19
20 19
2 16
4 12
6 4
7 16
1 3
61 126
9 2
12 15
19 1
1 8
15 9
6 3
13 12
7 13
18 16
2 6
4 6
67 166
83 60
61 141
7 60
9 2
4 8
18 20
16 8
8 12
6 17
4 3
19 12
12 16
6 8
10 8
39 47
29 105
52 92
5 46
29 26
8 107
17 63
20 53
3 41
39 99
8 3
15 20
6 16
17 2
4 5
5 8
16 18
9 7
14 8
7 4
31 7
18 15
8 55
1 28
43 6
25 22
11 31
10 5
18 5
15 16
3 7
3 17
5 14
7 7
10 7
8 18
18 3
9 18
9 6
34 27
33 71
3 53
57 117
45 2
17 14
44 57
27 100
56 54
9 2
17 15
15 11
3 13
19 5
13 5
4 9
3 4
4 20
3 1
3 3
44 46
12 5
35 39
8 5
17 15
19 17
18 12
7 10
17 15
14 8
12 9
2 5
9 3
1 64
11 2
40 53
36 63
12 80
11 35
24 55
30 23
8 51
6 3
4 11
1 6
1 11
19 12
1 8
5 15
1 6
20 25
7 3
9 12
10 3
10 15
14 4
3 4
7 18
13 7
6 8
37 22
30 90
46 90
11 16
37 35
27 46
8 4
8 5
10 13
1 5
14 20
3 19
11 1
13 1
9 15
9 4
43 10
15 74
2 63
39 84
48 36
43 91
41 13
40 9
47 32
3 2
10 12
12 2
14 18
4 8
26 109
24 40
18 15
68 61
5 5
5 10
11 12
3 11
18 17
18 5
8 8
8 28
10 79
8 78
2 50
41 70
28 65
27 46
41 28
8 3
13 12
11 12
20 17
11 10
16 2
13 8
14 17
3 13
9 9
43 106
23 32
1 82
20 80
25 28
38 100
50 28
30 47
31 68
9 1
18 20
16 11
1 12
13 1
8 17
17 19
6 2
16 8
19 16
10 2
5 95
27 53
54 57
35 46
33 103
7 8
3 35
29 24
21 33
31 22
8 5
13 1
20 17
18 12
3 13
14 8
18 4
5 1
5 7
10 7
20 36
1 22
27 70
1 76
28 31
2 53
39 25
25 27
30 56
2 2
9 2
2 7
19 14
11 14
3 15
17 11
1 14
18 4
8 4
12 17
1 2
35 26
8 2
8 15
4 6
13 2
19 13
5 16
3 5
4 1
1 1
6 3
24 43
47 13
1 83
28 75
14 39
25 23
5 2
9 7
11 16
8 6
7 16
7 9
4 7
2 17
42 14
57 95
6 97
4 1
17 8
1 5
8 4
10 19
5 5
20 49
29 93
59 3
55 143
16 44
1 2
3 5
8 8
41 60
41 47
54 14
52 70
29 115
16 71
21 97
18 79
4 1
1 4
3 17
6 16
18 11
10 7
71 123
32 25
5 58
53 40
62 135
45 35
48 12
30 20
1 101
10 121
8 5
16 8
3 12
6 14
11 20
10 9
7 20
5 6
18 20
1 7
38 61
6 1
12 10
4 12
14 18
19 5
6 6
20 3
2 8
10 1
50 65
7 4
2 17
12 7
16 11
3 12
8 7
16 14
15 10
4 7
24 68
40 109
47 18
9 64
2 5
1 12
9 8
9 9
23 75
42 59
35 37
46 75
7 117
56 34
26 25
22 62
24 43
2 3
10 18
10 6
9 5
26 79
29 10
39 65
12 8
7 22
10 46
41 57
37 58
10 13
6 2
9 18
17 8
11 5
17 2
16 12
11 2
3 8
46 68
3 29
45 27
10 2
1 7
17 19
8 18
3 10
2 16
3 19
19 10
7 12
18 7
6 18
9 9
45 18
26 18
21 65
7 48
7 45
40 64
36 9
44 77
32 72
8 5
20 8
2 10
7 11
9 7
2 20
16 9
10 6
1 4
6 3
24 63
29 3
37 84
32 56
26 14
19 53
6 1
9 17
17 14
14 19
19 1
9 12
6 14
1 6
5 139
6 5
11 2
5 6
7 3
13 16
14 2
10 2
1 7
68 63
6 4
20 12
7 7
15 10
10 7
19 8
3 9
2 8
14 29
64 147
5 1
19 1
4 5
8 3
9 7
10 10
1 6
53 122
2 4
6 3
9 12
2 3
44 57
19 25
3 3
9 5
8 5
1 5
3 7
44 88
51 115
46 93
6 4
4 2
18 19
2 2
6 13
12 16
1 1
9 10
45 42
59 16
26 127
34 97
44 82
1 50
49 123
49 78
42 120
2 5
12 11
1 17
4 3
36 76
59 26
67 92
35 87
1 5
3 17
1 5
12 88
9 4
2 12
10 14
9 1
14 10
1 13
11 3
13 8
14 10
14 8
3 5
9 91
46 130
54 42
1 4
14 19
4 6
69 149
41 122
50 16
20 106
9 3
8 17
17 6
2 7
3 11
13 4
11 19
12 12
16 4
4 10
5 5
27 134
31 82
10 104
47 123
49 119
3 2
4 20
9 2
2 13
8 3
13 117
48 120
8 32
20 44
49 54
2 41
4 63
46 55
4 4
16 15
5 14
18 9
5 17
3 1
9 4
18 63
46 40
2 3
11 19
18 14
5 8
63 130
65 11
7 92
16 25
27 77
3 1
1 5
8 3
1 11
9 2
24 104
33 145
6 58
42 130
50 108
46 77
16 59
63 58
23 160
4 1
2 20
13 15
20 18
3 10
2 4
24 69
21 28
6 1
20 5
8 8
15 12
7 6
9 18
2 4
1 8
55 108
5 2
13 17
15 16
16 19
12 8
12 14
2 6
30 86
6 38
10 4
6 16
4 15
5 15
18 19
5 12
1 2
3 20
19 19
8 11
3 19
5 5
16 4
47 78
12 56
27 98
30 25
6 3
2 13
20 8
19 16
16 6
3 10
10 3
2 8
44 46
41 42
1 5
7 16
1 8
31 29
10 5
11 5
9 15
19 16
17 17
7 16
4 8
2 1
16 10
3 14
11 3
4 2
61 14
20 78
15 166
35 20
10 4
1 20
2 19
18 13
17 20
14 3
12 10
16 19
15 16
20 1
16 2
3 7
6 107
2 86
42 111
8 5
6 15
8 18
9 15
5 5
13 3
5 10
11 18
19 12
6 5
38 43
31 36
5 46
27 82
4 69
3 11
7 5
11 3
20 5
17 12
11 19
19 15
6 6
7 8
6 7
26 103
9 14
38 20
45 71
54 94
17 111
4 3
16 8
8 5
17 6
13 12
6 8
51 86
4 41
21 26
39 79
51 121
56 76
9 5
8 12
8 11
13 19
20 14
8 19
20 6
18 20
8 6
10 7
3 3
46 6
18 67
20 80
1 4
16 7
7 10
49 12
68 148
65 42
61 5
79 35
2 84
53 9
8 1
3 19
15 14
9 6
18 4
16 2
11 16
9 16
11 3
3 4
42 86
7 72
9 69
2 4
7 5
12 7
4 5
14 39
36 21
15 90
58 29
10 1
5 2
18 11
10 17
5 3
18 19
19 2
14 6
9 9
10 14
17 1
9 10
29 32
18 16
23 6
47 73
22 54
5 39
27 69
17 82
35 9
10 3
18 11
3 11
11 9
13 17
19 3
7 8
11 10
18 15
18 5
11 18
8 3
4 53
48 122
28 8
35 44
29 66
59 31
22 81
11 88
9 1
6 7
8 5
15 7
9 1
19 7
11 3
16 19
19 10
3 18
6 2
78 1
12 153
39 112
36 139
52 102
48 115
3 3
9 10
8 11
17 5
5 10
1 75
25 15
28 38
18 3
40 38
6 1
10 20
13 15
13 11
1 19
5 6
7 1
2 4
11 103
62 30
5 1
15 1
20 9
15 7
11 15
7 5
6 9
40 39
50 3
47 62
55 68
15 40
47 122
3 1
6 7
6 12
10 2
1 10
8 37
10 1
20 18
12 9
12 20
17 8
13 12
6 16
20 4
2 1
20 19
6 19
8 8
27 150
39 155
53 87
61 147
48 67
6 132
76 62
45 36
5 1
12 1
17 6
20 12
2 11
6 15
10 10
13 22
27 1
63 77
30 35
35 7
12 103
28 23
57 88
15 113
3 116
6 1
11 20
7 5
4 20
14 9
7 2
11 20
5 8
19 74
15 48
46 148
26 145
44 33
9 5
1 10
4 1
20 12
5 2
5 10
19 10
20 6
11 17
4 13
2 8
61 85
25 13
2 2
16 8
19 4
9 10
32 3
1 8
54 75
14 120
29 38
29 33
45 26
9 51
54 20
9 4
13 16
13 17
6 16
8 20
19 19
2 16
14 13
8 17
6 19
7 1
23 29
28 31
47 97
8 55
1 89
15 8
7 60
8 5
2 9
17 19
1 5
11 2
2 5
12 3
3 8
13 7
8 6
8 58
59 95
18 92
52 102
5 69
32 86
15 77
1 33
4 3
9 20
15 16
6 1
16 16
8 2
34 82
61 109
61 129
18 70
47 42
15 104
18 116
27 1
2 5
6 3
1 2
1 9
2 64
2 2
13 15
7 19
7 2
42 58
75 2
30 99
85 14
17 2
59 114
4 61
9 1
10 10
11 11
5 15
9 9
20 13
15 11
5 19
2 1
16 11
4 4
40 79
24 82
4 29
32 29
6 5
1 6
6 8
2 20
9 14
9 13
13 16
3 1
2 25
53 50
52 34
2 3
16 9
15 7
10 9
47 26
33 97
14 11
59 93
56 44
20 98
16 88
58 95
64 51
48 4
6 4
10 13
4 12
17 19
1 6
3 14
10 6
5 9
31 34
32 27
23 12
2 54
21 20
4 4
4 12
18 16
20 14
1 2
6 3
27 47
13 83
44 53
29 32
4 29
4 17
5 2
3 16
3 10
9 3
9 5
3 7
9 2
62 84
53 91
17 125
10 48
69 88
30 149
31 19
55 152
42 155
9 4
9 2
14 20
18 6
6 8
2 16
19 20
1 4
11 11
6 7
1 3
10 138
6 1
19 18
19 19
12 7
4 11
8 11
4 4
3 7
12 132
31 16
70 159
10 5
5 4
12 6
3 19
12 17
13 18
14 16
20 6
4 3
12 6
11 19
1 6
11 5
9 1
17 8
7 12
20 10
19 7
7 9
3 3
11 6
15 4
2 9
1 6
29 4
4 1
4 3
1 14
7 14
10 20
2 10
41 36
34 68
7 1
19 14
7 4
5 7
15 4
16 5
15 3
7 3
10 1
17 2
18 35
9 50
10 8
38 80
23 12
43 78
33 38
12 5
34 22
3 4
1 6
12 6
17 8
2 2
15 91
46 91
2 5
10 10
7 12
7 7
33 7
4 116
23 83
53 19
60 70
7 80
61 56
6 5
1 15
1 8
12 4
12 19
1 11
7 5
7 1
43 86
57 45
43 124
25 83
61 124
40 114
52 69
8 1
19 12
16 8
14 19
5 9
4 7
11 8
3 17
2 16
10 10
37 121
81 106
50 80
64 10
19 134
83 1
56 29
10 93
66 15
40 39
7 3
6 4
17 1
15 16
5 20
20 18
10 15
19 9
5 8
60 35
42 106
41 46
64 89
63 43
2 3
6 6
9 20
10 8
3 65
45 93
19 90
1 10
12 20
47 55
38 72
50 102
9 34
2 72
6 5
4 8
3 16
10 5
16 8
17 12
16 5
4 6
4 50
34 74
10 27
43 14
6 2
19 10
1 19
11 16
14 9
17 17
8 16
3 3
82 155
71 87
44 9
3 4
11 8
5 18
11 13
6 4
6 32
11 29
9 14
10 19
47 12
29 44
5 1
9 18
17 20
9 16
12 7
12 1
7 3
60 134
33 89
43 99
39 25
34 69
18 79
3 134
1 2
12 17
3 8
58 11
11 41
8 5
6 2
8 7
15 4
8 10
16 6
16 12
5 15
2 10
33 42
25 48
4 2
3 7
8 6
5 16
18 18
9 2
30 24
53 37
8 83
12 85
11 60
39 31
38 49
4 1
50 39
2 4
9 2
13 15
3 8
39 56
61 19
25 45
10 5
18 11
16 4
20 17
10 7
12 7
6 5
5 5
11 5
1 16
20 19
1 10
48 83
2 4
18 10
11 14
7 4
42 108
22 63
36 59
9 112
53 105
46 53
49 73
5 1
7 7
13 5
20 7
5 5
5 8
8 2
56 64
27 110
11 12
56 10
10 110
54 103
5 97
48 81
1 3
7 2
4 4
61 56
54 80
51 134
10 60
1 3
14 6
5 1
80 6
78 62
86 139
26 55
78 160
9 5
1 10
11 13
13 5
20 2
4 20
4 13
9 12
19 8
7 20
8 9
2 39
19 109
40 5
4 36
42 59
29 86
16 79
37 50
3 1
6 19
9 13
20 18
5 3
41 35
48 42
53 115
23 6
16 27
9 2
14 9
2 17
2 8
7 18
18 19
2 20
16 19
6 17
4 7
4 9
71 4
2 105
38 123
16 160
2 2
2 15
20 18
9 1
33 50
11 22
70 136
55 68
49 144
2 142
28 106
8 148
16 90
3 4
16 3
15 13
10 8
6 6
19 99
12 109
5 91
26 96
44 70
21 131
10 5
1 20
14 1
12 1
6 9
15 14
3 12
6 13
19 5
7 18
4 19
7 2
34 59
9 89
20 39
15 91
27 77
39 5
20 6
2 4
11 7
4 18
6 7
19 111
57 115
54 53
7 117
50 53
35 26
5 1
17 5
1 4
15 12
6 10
2 8
2 6
36 39
66 45
8 5
15 20
16 20
10 3
20 3
6 10
7 19
13 9
20 11
8 1
28 103
14 12
17 78
32 44
43 139
60 36
53 147
34 59
7 1
20 14
11 20
13 6
10 14
4 9
19 8
5 4
8 7
57 164
39 96
85 51
33 31
39 176
23 64
14 141
61 83
8 1
13 6
18 13
10 17
10 5
4 5
20 3
9 13
6 16
3 3
35 55
45 101
7 11
3 2
18 14
9 6
10 12
6 1
30 92
38 47
50 97
6 73
18 46
18 74
6 5
12 14
9 6
3 9
20 4
19 11
14 19
5 8
30 71
52 45
33 17
22 52
8 53
8 3
1 3
11 6
13 11
15 15
2 17
14 14
7 17
3 4
2 1
47 89
10 22
4 2
4 10
2 11
10 19
3 7
5 9
34 49
29 42
55 76
42 102
15 2
6 3
10 19
8 3
5 13
12 11
7 18
12 3
2 5
48 5
31 98
2 4
18 17
5 19
10 6
23 72
38 66
39 54
44 99
15 93
50 39
21 55
52 9
30 16
19 60
5 3
11 17
2 18
11 3
15 9
7 17
3 5
63 119
22 30
23 18
5 5
10 17
15 10
20 2
18 3
5 18
1 2
41 57
5 3
10 5
7 13
4 19
20 6
10 11
5 4
31 143
5 112
75 76
30 9
69 147
3 2
19 11
20 10
17 1
2 10
11 145
37 2
10 1
8 10
6 11
8 15
15 7
2 11
14 3
6 2
20 6
1 2
5 1
7 8
52 49
54 63
5 13
43 51
58 128
64 90
1 125
4 4
5 10
15 9
10 1
13 6
1 8
5 56
5 1
19 4
10 12
18 19
14 6
7 3
10 2
8 99
6 114
28 120
20 36
26 121
18 15
60 29
10 61
35 78
23 27
6 2
5 6
7 1
9 20
10 12
14 19
4 19
2 7
63 131
12 32
1 2
17 10
7 1
33 11
20 49
14 14
10 60
4 12
11 25
30 35
4 5
4 8
18 2
8 2
1 1
4 2
21 81
21 49
3 88
20 122
6 1
6 15
13 2
17 2
2 6
1 4
3 3
8 7
35 51
15 88
43 89
34 36
22 25
19 100
41 80
39 56
9 5
14 6
6 18
8 14
10 4
1 5
7 8
1 17
20 19
20 2
3 1
8 106
7 109
57 7
10 3
4 9
10 8
18 10
16 12
8 10
10 3
9 2
17 17
19 4
18 1
5 7
60 12
72 101
19 97
18 61
58 78
5 4
8 15
19 20
13 7
11 1
2 11
6 8
12 53
42 94
34 41
53 45
18 94
17 23
10 1
7 8
7 3
5 16
12 1
5 1
11 3
1 12
19 10
17 20
6 20
8 10
74 92
43 9
43 35
42 15
60 108
22 65
31 80
65 35
1 4
10 2
3 4
62 29
36 129
1 25
1 5
9 20
8 5
53 37
3 117
15 61
59 24
54 4
25 30
25 103
52 18
1 2
19 1
1 3
34 50
6 1
2 1
5 9
18 11
11 5
11 6
12 14
8 3
37 80
4 10
8 47
33 69
40 81
36 17
17 22
15 17
1 2
11 12
10 2
36 87
11 44
20 23
9 15
22 9
13 30
36 53
11 14
8 22
21 9
6 4
14 6
7 18
1 1
19 5
9 20
18 13
10 6
53 83
23 101
49 102
20 42
7 91
26 89
13 96
36 86
20 47
38 104
2 5
1 5
3 1
9 1
42 52
2 65
23 43
43 92
8 17
26 13
43 7
8 10
13 37
9 2
12 17
18 6
9 1
1 12
19 19
11 16
3 8
18 18
7 1
9 3
37 70
31 3
43 18
20 31
9 46
41 51
7 73
25 89
18 74
3 2
3 14
9 13
6 9
6 8
29 45
4 100
36 102
47 57
22 100
46 21
8 3
16 17
10 9
16 18
16 6
7 14
4 20
1 8
16 12
8 2
13 6
41 50
20 10
30 58
8 18
33 46
19 25
35 64
7 1
6 7
5 13
18 9
4 2
10 2
13 12
4 9
2 3
18 43
33 105
3 1
8 5
11 9
19 4
6 6
41 76
35 50
43 55
5 81
40 21
25 34
4 1
11 13
12 8
20 17
3 10
8 8
51 152
67 129
52 11
45 160
2 116
29 8
70 9
1 132
3 1
19 17
20 19
4 7
8 6
75 10
23 114
69 161
43 41
44 18
56 40
83 78
3 37
5 2
18 15
1 4
16 20
7 20
10 5
8 1
16 23
26 13
28 108
53 73
2 23
27 76
49 64
29 118
1 2
4 9
3 2
37 52
48 82
40 104
9 3
6 15
8 18
1 1
15 6
18 2
19 1
1 1
15 3
3 4
8 2
35 38
28 13
1 78
41 71
28 72
2 53
15 67
7 49
5 1
5 18
12 15
15 13
13 2
4 13
4 5
3 32
69 74
12 153
52 47
10 1
5 15
19 6
13 3
12 19
15 19
1 3
13 1
10 19
14 16
14 17
1 10
13 67
3 3
17 9
11 19
8 11
8 9
29 29
4 69
16 83
13 52
4 35
30 98
19 15
25 54
1 1
9 3
7 7
61 35
6 78
38 4
39 4
70 116
38 56
52 29
5 2
4 15
15 17
16 9
14 12
2 2
5 1
30 108
8 20
35 64
9 112
37 19
7 2
13 6
9 4
7 7
10 19
13 8
1 3
9 4
5 6
69 17
55 52
31 65
6 94
33 20
7 3
5 4
4 2
4 20
15 7
12 9
9 15
5 20
6 7
56 46
41 129
23 90
27 93
30 119
20 7
4 4
8 19
6 18
18 12
5 18
4 2
9 69
52 23
50 153
28 97
3 3
3 1
16 14
4 3
9 2
48 45
6 70
13 45
22 33
11 52
18 53
44 96
24 38
37 21
6 3
20 11
2 7
17 15
7 2
10 10
4 11
3 4
7 105
26 5
41 26
4 4
8 4
16 10
20 18
15 20
2 10
45 52
7 61
8 4
4 15
19 19
18 19
13 7
5 19
3 6
19 11
12 18
2 2
86 17
52 84
8 3
4 12
20 4
19 20
9 13
4 13
16 17
13 12
14 11
3 1
43 8
1 117
51 111
9 2
13 7
13 1
14 7
14 10
14 6
6 4
11 19
10 17
4 12
6 8
6 64
30 72
46 92
32 45
2 35
22 93
7 5
17 6
15 16
5 19
4 12
1 11
16 11
12 10
6 7
32 15
64 7
29 36
35 123
57 17
44 56
8 4
1 13
9 2
3 19
8 7
4 15
18 6
2 8
1 7
8 10
86 83
4 7
81 101
29 102
74 57
51 98
47 157
8 111
5 2
12 10
15 12
8 5
13 5
1 1
7 2
23 97
20 22
35 14
33 67
26 3
27 95
45 1
9 2
16 18
9 11
9 16
11 3
12 4
8 9
10 7
16 6
14 15
6 3
84 80
62 126
86 14
25 49
35 163
47 48
5 1
8 13
12 17
5 18
12 14
11 13
5 3
47 113
61 58
60 10
14 31
1 8
1 4
3 18
8 9
56 128
44 104
20 99
47 85
48 31
15 97
46 14
56 56
7 3
19 4
15 8
6 14
3 19
15 18
17 8
20 4
10 10
9 84
26 37
21 80
48 113
6 97
20 19
55 30
3 58
5 105
40 96
2 1
8 3
5 6
9 10
51 82
23 35
40 54
41 60
54 63
13 68
32 20
34 1
43 69
3 2
7 2
12 19
1 1
5 10
49 133
21 127
36 67
59 30
45 127
2 1
17 9
15 18
5 7
17 25
58 20
47 91
37 33
49 14
5 3
18 19
15 8
7 7
10 6
13 11
6 4
10 156
36 5
72 143
28 22
14 102
73 76
7 5
11 1
17 14
13 20
16 6
18 20
6 18
12 13
8 4
6 107
20 94
23 63
56 46
53 84
9 78
26 53
5 112
6 3
3 8
20 4
1 10
14 9
9 12
12 3
6 4
48 24
9 66
2 22
60 107
54 4
67 31
7 2
3 1
11 15
15 18
19 8
19 9
14 3
11 3
2 8
55 132
68 162
2 5
10 8
19 10
9 6
35 71
61 77
59 41
13 54
32 28
6 128
34 59
38 127
19 118
9 1
16 19
15 7
1 5
19 6
12 1
17 3
20 16
11 16
20 18
10 9
23 81
49 80
33 26
32 16
9 37
34 78
13 56
41 46
48 92
44 82
3 4
19 13
13 17
8 4
5 8
21 33
14 56
32 74
7 17
37 28
6 4
7 7
15 15
10 8
15 13
20 14
18 17
8 8
85 24
73 81
82 128
43 60
26 20
52 117
37 146
50 63
10 5
9 12
19 16
13 3
14 6
9 14
14 9
3 11
16 10
12 8
19 1
1 5
54 67
7 2
1 1
10 20
14 1
5 15
12 13
17 5
9 8
10 5
75 7
21 62
1 57
67 11
62 31
76 36
22 1
32 8
40 133
31 74
6 1
8 13
4 10
3 8
2 18
2 11
1 7
3 9
78 98
73 85
62 5
7 5
11 15
16 10
9 18
3 1
1 8
19 14
9 10
2 1
5 53
15 66
1 1
13 10
8 9
49 54
3 149
49 54
47 159
39 153
46 135
64 4
37 86
3 1
15 6
8 15
19 19
5 6
19 127
15 80
59 11
55 27
38 64
9 2
12 14
13 15
8 17
3 6
10 13
9 8
15 2
5 14
2 9
3 3
26 68
36 120
29 55
4 2
6 13
12 6
18 2
13 5
4 10
16 66
5 20
41 58
24 106
10 4
18 17
20 19
13 19
4 17
17 7
10 3
11 20
14 9
12 2
5 12
9 1
5 49
30 21
49 1
9 25
38 69
37 3
34 106
19 45
12 96
8 4
18 13
3 18
14 16
11 10
5 8
16 8
10 18
20 12
3 9
9 7
14 80
22 32
8 3
1 2
16 7
3 11
8 15
4 2
9 19
4 10
7 3
4 3
8 19
40 80
33 83
30 41
9 4
9 1
18 13
20 17
18 10
8 11
17 4
1 7
18 19
5 9
6 5
52 108
3 24
11 85
12 26
49 14
22 5
7 2
16 8
19 1
8 2
19 4
14 12
5 10
9 6
9 7
49 46
6 39
11 51
41 71
42 40
14 9
31 52
21 6
52 66
2 2
20 2
11 17
2 9
15 62
1 60
5 3
16 20
1 13
20 16
8 13
5 15
1 2
85 127
5 1
8 15
2 17
11 5
3 7
7 16
10 4
29 70
25 9
27 10
21 113
38 3
9 18
32 35
46 73
16 110
15 51
1 2
20 11
9 10
56 144
14 141
57 121
5 123
9 11
32 58
53 54
48 16
31 63
8 3
13 6
16 3
5 1
2 5
16 13
5 14
5 8
16 8
3 3
76 61
44 153
11 124
2 4
7 18
14 17
3 7
63 42
13 130
61 18
5 1
11 2
14 12
10 14
17 3
5 7
10 10
12 39
38 87
18 53
16 32
50 43
30 58
18 50
47 37
11 61
1 82
5 5
20 2
20 11
10 18
18 17
19 6
9 5
15 73
26 26
30 70
38 59
46 19
46 59
52 48
41 89
36 26
10 3
17 6
18 2
1 1
1 3
16 6
1 6
17 2
20 13
8 19
10 13
9 10
24 70
27 26
6 49
5 40
23 66
17 18
7 74
40 81
20 3
2 4
3 6
9 18
2 1
30 54
3 73
2 3
13 4
16 11
6 2
33 16
48 35
36 43
36 48
51 65
36 76
10 4
2 5
7 4
12 15
18 9
17 13
14 9
3 15
9 15
17 1
7 8
4 9
22 134
20 121
20 97
70 119
4 5
9 18
18 2
19 12
1 8
9 6
35 125
2 29
74 159
33 159
54 119
25 56
76 135
79 90
68 27
9 1
17 5
18 20
16 7
9 5
5 7
19 11
6 1
7 2
13 8
4 2
14 1
9 59
11 30
12 96
10 3
2 16
8 12
17 19
3 18
16 7
12 6
16 17
17 5
8 7
15 20
4 6
62 8
48 113
46 103
37 77
3 2
7 16
7 14
3 19
2 7
35 77
18 36
3 3
13 15
18 20
20 3
8 5
10 64
46 91
20 90
28 49
42 32
65 136
43 137
30 59
7 2
12 20
19 16
4 3
18 12
16 1
7 11
15 9
6 4
53 7
72 15
29 78
10 141
63 63
73 57
4 4
13 15
3 13
2 13
1 10
7 6
24 21
20 46
12 8
19 71
3 12
8 51
13 67
6 1
20 18
8 3
5 16
8 11
2 9
18 8
4 2
6 96
11 12
51 22
47 152
8 1
8 13
8 15
5 19
20 13
10 8
3 17
2 10
8 15
2 9
44 99
60 61
3 1
17 15
20 14
5 13
5 5
11 36
6 12
25 120
34 113
21 88
10 5
15 5
16 5
15 4
2 3
11 14
12 1
4 10
14 15
15 12
14 11
7 5
31 58
64 92
84 29
35 37
42 110
30 105
55 131
6 1
17 4
8 18
1 20
11 10
11 4
3 10
1 10
7 54
7 1
20 9
13 8
1 3
7 15
8 14
14 12
4 5
4 9
29 89
8 82
38 10
34 101
1 4
17 10
8 6
58 131
3 28
27 33
48 102
8 130
11 55
29 40
11 58
3 1
4 20
5 6
3 1
3 2
43 101
68 131
16 28
5 2
14 2
3 9
15 7
3 10
20 3
4 5
31 31
36 127
69 51
24 139
4 5
14 8
15 9
1 17
6 13
9 3
53 40
4 140
55 37
16 45
34 73
68 88
67 140
23 82
32 76
3 3
16 15
12 7
16 14
2 9
6 44
41 39
6 1
10 8
5 5
17 14
17 9
15 16
16 1
5 9
34 29
21 127
45 132
43 59
35 53
2 2
2 12
18 5
1 7
45 33
3 4
6 19
3 12
5 12
5 4
80 126
29 10
4 144
67 137
59 144
3 4
2 4
10 17
16 18
3 6
4 40
51 34
21 79
9 2
20 5
18 19
15 6
20 5
20 12
9 19
4 9
11 4
20 18
1 10
24 79
3 2
14 10
20 15
5 20
1 2
7 6
10 2
5 2
2 5
13 8
5 13
1 13
5 2
11 13
1 18
14 3
15 15
1 8
51 140
7 1
14 20
4 2
16 15
7 8
18 17
14 14
19 1
2 10
2 28
13 54
4 3
10 9
12 17
18 12
2 10
10 10
12 46
15 34
3 49
31 26
8 17
40 57
25 20
14 14
28 43
34 29
1 4
12 20
6 7
16 48
43 111
62 50
22 3
61 33
3 4
8 2
8 10
6 9
16 7
5 17
18 7
18 18
17 11
10 9
6 9
63 151
79 55
29 19
10 165
85 63
53 17
5 5
12 9
13 8
20 3
8 14
12 17
2 4
1 124
14 24
1 1
10 17
9 3
42 142
8 65
7 5
63 100
63 89
66 74
56 129
54 85
51 38
5 4
8 11
5 9
4 9
16 12
20 4
8 3
48 59
11 8
1 29
21 3
1 4
33 9
22 81
28 83
9 1
7 6
4 2
3 7
8 14
17 14
14 17
7 10
8 4
9 16
5 6
4 8
10 104
48 21
47 45
37 36
5 2
8 12
11 1
2 2
3 8
1 9
6 8
16 57
40 66
56 10
68 123
57 86
48 112
2 5
1 20
14 10
8 1
26 5
35 71
21 9
7 41
9 42
23 1
8 20
10 61
9 3
12 8
5 7
4 4
7 12
9 16
14 11
6 15
13 16
20 12
2 8
58 112
31 104
9 3
2 7
5 4
17 5
1 11
20 20
7 2
8 6
18 17
10 20
3 3
12 29
29 12
35 41
10 5
12 1
16 20
17 3
19 4
19 9
16 5
5 12
6 12
10 19
11 16
3 10
18 105
25 59
13 46
1 3
4 15
5 4
16 20
16 31
19 25
26 56
15 12
5 4
1 16
6 3
13 16
5 18
3 6
3 1
12 34
11 29
57 46
9 4
3 12
18 14
12 20
13 11
20 11
11 10
11 4
13 7
3 19
9 2
1 50
21 43
46 80
34 60
82 129
52 61
17 131
12 104
39 134
1 1
8 2
6 5
22 90
12 24
5 28
10 3
25 13
9 25
9 3
20 12
17 7
15 11
6 7
5 10
11 13
5 12
19 13
16 16
10 7
56 60
42 103
9 74
21 61
20 8
53 55
58 137
30 111
5 5
48 30
4 4
11 11
17 10
6 20
19 20
9 10
46 158
15 60
42 82
4 6
49 123
62 6
37 162
59 29
70 147
1 4
1 7
9 10
31 153
25 57
17 66
29 87
51 128
32 67
57 170
12 56
64 127
5 3
4 16
4 12
19 1
20 15
13 19
10 5
4 97
7 123
63 26
8 47
36 16
28 47
61 66
29 114
53 99
10 103
7 1
14 3
1 13
10 14
17 15
7 4
8 20
15 17
8 3
79 80
51 157
60 41
7 124
62 101
13 17
13 154
6 141
9 4
7 2
18 6
8 5
1 3
3 15
5 15
17 15
7 17
1 1
2 1
26 26
1 102
6 4
11 15
9 4
11 1
8 3
11 6
12 3
10 5
7 54
53 125
27 107
26 15
10 38
22 7
29 53
48 88
6 73
68 34
9 3
9 8
3 1
6 4
15 1
4 3
20 4
6 9
9 14
5 2
8 8
58 12
5 108
47 67
7 40
79 15
9 53
43 167
54 171
6 2
19 12
20 3
2 1
17 3
5 12
11 1
9 2
51 41
14 36
48 103
32 89
55 52
66 84
27 123
73 94
9 61
3 2
4 2
4 19
16 20
4 8
15 39
39 9
18 62
25 32
10 5
11 5
1 14
10 12
12 18
15 16
7 1
20 5
3 5
12 12
5 19
8 6
28 25
45 57
27 86
37 100
55 26
29 16
13 63
25 68
2 3
10 16
12 3
7 8
14 89
48 90
7 78
4 42
9 65
20 118
4 98
9 5
6 7
7 20
12 6
20 16
18 10
3 17
20 10
4 20
7 20
2 2
51 114
6 13
4 2
5 1
15 13
12 12
14 19
6 9
23 16
39 68
54 43
23 5
2 81
45 94
1 5
4 12
6 2
62 106
37 54
16 93
39 83
13 87
42 91
7 4
7 8
19 11
11 3
16 15
12 5
18 20
19 4
6 3
15 4
8 25
44 20
23 102
59 23
51 70
9 5
7 7
10 6
19 17
13 1
20 1
14 1
6 3
3 18
19 12
7 10
46 2
47 12
2 96
15 59
10 54
3 80
36 66
5 1
15 5
11 4
16 12
20 2
19 2
3 3
14 12
25 52
53 85
2 3
17 7
7 14
5 9
33 34
23 87
16 30
6 99
59 125
2 4
13 19
7 3
3 5
25 15
9 19
37 69
4 5
20 1
17 18
11 10
7 16
9 7
14 55
11 53
15 60
2 41
44 33
13 78
33 7
44 4
8 75
2 4
14 7
9 11
3 8
9 150
63 79
62 128
1 4
12 2
1 8
46 29
7 1
15 16
8 1
19 8
13 14
17 6
17 19
10 20
6 10
11 142
66 76
30 85
47 92
1 80
50 105
10 2
13 13
14 17
18 12
11 7
15 20
14 12
4 8
18 16
15 15
9 7
5 4
3 48
45 78
53 1
16 28
8 45
5 4
7 8
4 11
14 6
9 17
6 14
7 9
18 56
16 103
32 29
24 72
42 58
5 37
2 63
3 2
5 3
7 5
5 1
9 6
3 35
14 17
20 5
6 86
27 63
16 81
16 37
17 83
25 80
10 5
19 3
16 16
4 9
8 16
6 15
14 15
13 8
2 16
9 20
15 13
10 2
17 9
33 62
33 49
22 76
56 59
57 73
52 112
41 2
48 113
59 5
2 5
7 5
11 17
7 9
18 116
55 71
34 114
48 64
12 26
23 72
57 40
2 2
5 3
1 20
4 10
13 1
35 56
7 65
45 41
6 2
12 6
7 19
18 10
4 5
3 15
12 5
8 8
2 96
3 29
50 3
50 8
18 19
22 86
23 18
47 74
5 5
4 10
2 8
18 2
14 17
17 5
9 2
37 74
55 168
36 84
49 18
20 33
48 160
64 145
84 121
35 164
9 2
2 15
5 8
12 13
12 13
18 14
1 7
6 7
18 10
7 2
7 6
13 75
16 4
36 82
8 42
7 81
4 23
31 28
7 2
16 5
3 1
3 7
13 16
6 14
17 5
3 16
8 8
33 128
21 107
34 68
8 49
7 108
55 55
46 68
16 24
7 5
6 18
6 2
6 2
12 10
6 11
7 6
17 18
3 7
69 55
58 16
11 34
8 2
15 14
6 6
15 18
2 8
8 18
10 10
19 2
14 8
4 9
36 14
14 24
45 21
16 13
9 5
14 15
11 16
19 5
15 4
2 8
9 12
16 13
20 17
11 13
2 8
14 58
12 111
7 2
4 4
1 20
17 2
13 9
8 8
9 16
4 9
5 9
13 23
44 10
1 91
36 18
3 27
2 1
2 10
10 5
5 6
56 67
3 127
61 10
58 2
19 5
1 3
6 4
10 9
75 154
54 25
29 121
34 133
67 117
41 57
28 16
79 125
31 5
21 26
10 4
17 1
18 18
13 20
8 13
18 5
7 11
16 1
9 18
20 14
9 13
7 5
37 126
10 104
46 70
22 110
31 70
39 67
14 55
8 1
4 12
8 5
8 14
11 5
7 2
14 19
3 19
2 2
9 9
45 4
43 63
57 14
51 73
12 9
4 94
6 56
42 106
2 83
2 5
20 14
10 20
5 1
13 130
12 82
23 101
10 2
61 93
2 2
2 14
16 9
1 3
73 114
3 3
5 4
18 6
8 17
3 9
44 66
23 15
17 6
3 2
13 4
9 16
12 15
1 10
4 161
6 3
12 14
4 11
3 14
5 14
13 12
2 19
7 4
26 28
69 30
11 109
8 139
2 106
3 96
17 8
6 3
6 14
16 11
14 1
13 13
11 3
17 10
5 4
20 97
12 86
67 69
3 76
82 114
1 3
4 9
1 10
48 34
10 3
8 16
10 13
3 6
7 5
12 11
2 3
17 17
18 19
9 15
13 12
2 3
46 47
35 106
10 3
20 13
19 5
1 2
19 11
5 19
18 10
19 4
4 8
14 17
17 17
4 6
59 6
63 144
38 117
46 127
3 3
15 12
14 13
15 8
5 5
22 44
4 44
42 95
50 69
20 97
2 1
10 3
16 6
10 1
19 117
46 120
1 90
35 48
7 117
50 61
52 134
27 16
12 2
50 88
8 1
11 16
18 12
8 1
19 17
5 10
18 8
11 2
18 3
3 3
16 22
40 74
27 33
2 1
10 8
7 7
2 10
56 91
52 12
4 1
5 4
9 20
5 11
12 10
4 4
2 105
15 130
10 7
45 66
9 2
8 20
5 9
7 12
13 6
16 15
3 3
16 18
16 6
8 4
4 2
42 106
54 89
4 87
4 18
2 2
2 13
13 9
2 5
21 99
55 78
9 4
17 10
10 18
6 11
17 19
8 15
10 7
14 13
16 19
14 11
10 8
64 64
44 149
53 56
76 156
74 59
31 23
56 42
66 46
43 73
70 73
6 2
7 10
16 10
11 19
18 18
5 16
15 12
2 7
36 13
39 62
9 3
5 16
12 9
18 3
11 16
5 17
11 8
17 17
13 19
15 4
2 9
8 10
16 57
3 4
11 12
13 14
15 4
8 6
78 110
20 18
82 91
26 57
6 8
45 97
50 109
50 30
1 4
14 15
4 10
16 94
45 64
33 24
13 79
3 5
19 9
10 1
7 12
10 4
23 4
11 112
44 85
29 77
25 117
42 79
4 47
25 17
4 73
60 139
9 2
8 20
18 3
17 20
15 14
8 11
11 15
2 6
1 13
11 14
4 7
36 133
54 88
69 16
7 72
7 1
11 18
14 6
6 17
12 13
16 10
19 6
10 6
10 10
67 91
4 20
55 126
6 138
6 14
60 154
75 145
45 54
21 82
77 102
1 5
18 6
9 7
66 147
36 122
12 9
39 11
15 54
62 104
63 127
41 35
67 120
8 1
2 6
16 1
10 5
12 19
2 3
1 7
3 11
13 13
4 3
20 163
28 27
38 98
69 108
2 2
7 11
16 1
8 9
5 68
36 102
14 149
62 163
3 11
31 147
35 24
22 74
5 3
17 14
12 15
19 20
19 10
8 15
8 6
54 104
27 43
57 47
11 127
58 33
26 46
37 44
24 81
6 3
15 1
4 18
9 10
5 4
3 7
20 4
6 1
35 49
31 82
36 45
34 8
38 30
9 77
8 5
15 5
7 7
16 15
7 17
12 4
6 2
16 14
13 6
3 10
61 129
57 118
73 87
4 2
13 4
1 18
1 1
5 1
2 7
36 145
58 9
4 5
11 4
12 18
20 9
3 1
9 5
15 41
34 51
6 77
17 17
2 47
30 22
38 45
21 56
25 3
2 4
9 13
10 7
4 9
24 118
7 5
13 120
64 70
3 3
18 5
20 12
10 4
3 2
59 45
73 106
79 164
6 4
11 3
10 2
14 20
4 14
4 17
9 4
4 7
26 51
45 12
6 49
31 72
7 3
7 9
19 3
1 20
19 17
12 18
10 4
2 20
6 4
17 159
27 11
84 166
66 156
88 144
82 116
8 2
3 2
12 10
15 4
6 18
15 3
1 13
16 5
2 15
4 5
30 19
34 34
32 27
38 64
7 3
7 1
14 7
7 10
16 6
11 3
15 4
9 6
2 4
18 17
41 2
10 4
3 10
15 15
15 20
18 15
3 2
3 4
7 7
10 2
1 1
13 3
1 3
10 144
2 3
6 8
13 15
4 2
55 89
23 99
6 38
4 82
2 1
13 9
7 9
4 2
14 29
31 18
19 3
24 40
8 3
3 2
8 6
6 9
16 15
8 13
9 12
12 15
18 20
3 6
51 43
13 90
2 101
8 2
4 19
8 2
14 7
14 7
2 11
13 1
4 5
12 5
6 3
1 43
28 25
1 60
9 33
4 58
5 65
8 3
13 12
3 13
4 20
10 13
11 18
11 7
12 8
10 12
1 1
42 23
2 4
18 12
11 5
7 2
23 16
2 114
35 84
15 123
4 110
33 154
24 25
3 2
8 19
6 5
19 7
4 9
56 14
23 54
49 91
47 95
8 4
11 19
4 7
7 10
18 16
12 2
4 18
6 17
12 20
3 3
66 129
66 121
25 164
4 1
19 13
9 1
12 4
14 15
6 9
32 42
7 88
42 84
54 11
43 63
34 39
2 4
11 3
18 3
4 4
14 53
24 86
17 62
1 133
9 1
3 15
19 1
1 8
1 15
7 5
2 20
8 12
17 9
10 10
1 8
35 12
5 1
5 11
14 11
3 15
13 11
4 11
2 8
17 25
35 20
4 3
3 17
14 1
7 20
16 19
7 7
19 15
22 5
15 70
23 47
34 71
22 76
4 5
10 2
9 6
12 16
1 20
5 14
13 2
7 16
4 2
18 14
5 7
14 15
5 10
22 5
32 40
23 48
23 26
22 68
2 2
8 8
6 14
4 5
48 94
52 12
39 74
36 109
10 4
20 12
18 16
15 12
15 14
7 19
15 3
12 14
10 20
12 8
13 1
1 7
25 76
9 2
3 15
8 10
16 7
4 5
7 9
17 12
19 17
17 1
1 4
5 5
83 53
43 142
30 98
80 158
26 71
1 5
8 2
3 4
39 31
9 84
36 60
9 1
19 1
10 6
17 11
13 12
4 15
12 2
7 5
5 12
3 5
10 1
16 57
43 7
13 7
11 129
51 22
11 131
64 1
66 37
34 53
69 28
1 2
17 8
8 4
33 58
17 72
24 56
10 46
23 51
38 78
13 42
3 6
5 3
20 18
1 7
4 17
17 18
1 3
5 3
20 61
10 43
50 60
41 71
48 41
2 1
3 9
4 1
9 1
3 52
73 34
46 32
52 43
19 157
79 158
42 86
26 24
60 43
9 1
14 13
3 8
1 20
15 7
19 1
13 16
17 10
17 9
12 8
8 8
16 95
39 78
53 80
53 136
34 57
65 103
4 99
10 26
7 1
2 3
2 7
16 6
11 13
19 10
17 19
5 10
5 10
21 61
11 81
33 90
27 14
5 87
5 1
19 12
8 19
4 11
1 3
12 18
1 3
11 72
7 5
1 20
3 16
4 12
19 10
3 20
7 17
18 6
10 3
11 55
44 91
46 101
43 88
59 86
37 9
64 77
7 80
12 66
12 73
2 2
2 6
18 2
5 8
13 99
72 118
41 90
9 84
80 136
8 4
14 16
7 9
5 5
10 13
1 13
12 14
9 19
13 7
10 6
9 81
34 86
53 39
54 12
26 69
41 67
10 79
28 91
22 11
19 74
9 3
17 11
16 13
19 15
11 2
16 20
17 14
11 18
12 10
9 5
4 8
11 78
1 6
8 48
20 100
6 3
8 8
11 8
17 15
19 17
2 3
11 15
10 8
17 86
13 70
21 70
5 45
36 74
28 35
39 6
47 85
28 76
37 26
7 5
19 16
2 18
12 14
20 14
19 10
16 18
8 4
6 7
9 72
42 60
21 26
9 37
12 27
14 27
6 5
20 17
1 14
16 11
4 19
2 9
19 17
5 10
74 69
79 105
11 51
49 36
31 151
3 2
12 16
5 20
15 2
6 6
46 9
46 22
43 19
8 96
8 89
52 67
9 3
13 5
2 20
2 8
4 7
2 7
19 7
12 14
11 4
5 7
8 7
45 123
49 132
18 130
67 94
42 14
11 59
25 66
22 40
5 3
1 5
13 19
11 13
20 2
6 8
10 1
11 24
30 73
41 67
12 72
36 46
9 72
15 6
10 56
4 39
2 31
2 2
7 2
12 17
1 5
37 155
5 4
12 20
7 5
4 13
18 18
11 3
1 6
72 129
2 3
9 2
6 19
5 7
63 91
5 97
58 21
56 149
60 78
4 3
5 9
12 20
4 12
4 19
1 8
21 82
7 4
12 16
19 5
2 14
9 18
15 7
5 11
6 9
10 10
38 9
12 19
4 99
31 80
18 87
35 64
49 73
49 120
55 22
9 10
5 4
7 12
9 5
11 18
10 18
12 19
4 3
53 138
13 53
16 128
28 12
2 5
11 6
5 12
8 1
57 55
3 55
64 100
8 124
58 49
59 80
3 17
33 122
4 1
14 6
5 14
8 17
13 20
3 5
30 20
26 28
22 70
2 2
9 15
1 13
7 7
4 85
43 136
32 33
44 130
3 58
48 25
43 118
6 3
20 4
13 19
13 7
16 4
9 19
10 6
6 4
30 131
75 149
22 36
49 73
32 59
14 46
5 5
13 1
16 19
4 14
1 3
3 9
1 3
35 78
9 1
14 9
9 18
17 8
7 5
20 16
13 12
1 1
19 19
19 5
10 7
80 35
73 123
22 90
28 60
15 140
80 77
63 133
46 108
31 102
2 52
1 2
4 16
1 8
62 56
2 3
16 20
14 8
9 8
29 105
70 110
38 106
9 112
61 16
16 25
77 61
77 97
31 60
2 3
9 9
16 10
6 9
24 78
7 120
66 129
68 25
56 150
12 36
5 2
11 8
18 16
5 1
18 17
2 3
1 1
35 62
6 2
14 5
4 7
13 14
13 6
6 18
1 12
7 10
14 71
48 71
38 106
14 14
13 103
3 8
49 3
9 2
12 7
7 9
19 18
14 15
15 10
2 1
9 18
14 15
11 9
5 3
8 139
20 132
51 38
40 122
16 151
4 3
3 1
12 13
10 2
16 17
5 1
3 25
11 41
41 50
37 59
14 17
9 2
11 19
6 7
12 8
8 20
6 18
1 11
10 9
13 12
15 11
4 6
53 61
32 48
44 46
31 100
9 5
13 3
13 7
5 8
9 12
1 8
18 16
2 4
11 8
18 12
10 5
10 49
23 20
2 56
5 24
11 36
22 52
36 23
28 80
14 12
4 84
6 5
15 16
13 19
9 14
4 8
19 7
9 6
5 7
78 84
28 68
51 120
40 87
30 62
3 4
8 6
5 13
5 7
9 6
18 74
7 23
24 11
38 80
2 58
41 29
1 49
23 42
22 71
8 3
13 10
19 8
18 17
18 4
10 19
18 5
4 15
16 16
4 2
42 50
31 59
24 32
39 35
10 1
2 18
1 8
20 9
10 2
3 15
12 8
11 11
11 1
3 11
2 12
3 7
68 34
24 73
58 133
4 4
20 20
16 19
15 3
13 15
1 4
55 26
5 1
1 11
7 3
13 12
10 3
9 12
1 4
46 32
5 3
1 16
17 10
15 10
9 12
19 2
9 1
7 113
70 2
70 95
32 36
49 129
36 59
68 48
65 30
66 101
6 5
8 5
16 13
12 14
19 1
3 15
3 7
3 1
4 101
16 24
32 132
1 3
17 3
3 10
33 75
48 98
44 39
2 2
8 1
3 7
9 3
7 21
49 63
43 44
15 85
12 72
30 36
14 45
29 65
36 43
9 1
15 9
14 11
20 13
9 20
10 7
13 14
9 8
15 14
1 5
2 7
32 18
32 18
3 5
19 7
5 12
20 20
5 8
71 104
2 136
33 153
50 126
64 168
8 4
7 19
8 14
4 17
5 7
8 12
10 11
6 16
16 19
8 8
11 79
32 4
41 48
45 81
3 1
40 71
16 61
16 8
8 4
14 20
4 19
15 3
12 2
3 2
8 7
6 18
19 9
6 4
1 72
30 97
25 3
55 63
2 26
7 94
5 5
14 13
12 17
6 1
20 2
18 6
6 8
33 97
6 33
58 10
29 69
19 4
17 172
6 3
1 1
18 3
5 12
16 18
16 8
18 13
8 9
17 84
49 1
32 151
9 9
25 137
8 1
62 59
2 113
10 1
2 2
15 19
11 18
8 6
18 12
18 1
20 18
6 19
2 6
3 1
4 4
41 73
40 20
30 68
43 59
4 1
16 11
18 15
1 2
5 3
7 10
16 21
28 117
2 54
22 72
37 58
19 132
70 6
4 2
11 5
5 2
8 5
10 5
3 2
38 143
17 34
11 63
8 1
1 14
1 20
2 4
7 19
12 5
17 20
13 14
1 16
9 6
30 65
79 88
62 143
13 13
34 66
8 70
8 130
37 168
6 173
8 3
10 7
5 9
12 5
13 5
18 1
18 11
9 20
14 8
6 8
3 42
24 59
48 5
25 82
5 60
24 73
9 2
18 4
1 19
11 14
18 12
8 15
20 8
12 17
1 3
15 2
8 2
22 9
51 1
45 52
4 87
52 89
26 11
25 72
9 5
3 4
20 14
17 14
7 4
1 3
6 114
7 1
10 8
16 19
12 11
11 1
14 14
8 3
7 14
6 7
18 75
17 71
38 16
36 29
35 28
8 12
7 2
17 14
11 20
9 9
2 3
3 15
16 11
7 17
8 3
14 93
47 43
11 71
11 80
47 93
18 10
5 45
46 16
10 4
12 15
4 19
13 2
20 1
7 18
14 12
17 11
17 12
3 3
5 1
4 7
27 29
40 32
11 70
10 81
1 4
3 19
3 6
11 61
26 69
6 29
9 1
7 18
20 15
1 6
7 9
11 13
2 6
2 12
14 8
4 8
5 6
18 18
43 77
43 130
32 27
27 70
5 5
12 13
4 4
6 1
12 5
10 12
9 7
11 23
32 22
19 51
31 87
4 4
21 82
11 26
43 58
35 82
3 4
15 9
17 9
3 7
1 5
9 63
9 3
13 7
11 20
13 16
2 17
13 17
8 4
14 17
11 18
9 8
3 10
2 46
61 1
34 5
10 4
20 13
19 14
11 4
4 20
7 17
19 20
4 12
18 10
15 11
8 15
10 3
14 82
39 62
20 85
20 82
19 85
9 87
53 23
36 32
38 55
6 38
1 5
5 14
10 7
31 1
24 154
24 142
43 123
17 110
33 130
44 34
31 111
11 72
8 14
3 5
19 5
20 16
16 5
9 1
31 105
22 88
8 5
42 49
41 104
21 68
12 4
10 69
2 93
2 1
9 10
9 6
2 5
4 11
55 78
1 1
20 15
9 9
37 27
4 79
55 67
14 89
20 114
10 3
54 28
42 122
42 115
7 5
12 20
11 11
8 5
4 1
18 11
9 11
17 5
4 2
49 96
11 6
32 30
41 80
9 2
6 6
13 2
16 13
15 15
14 13
6 4
7 16
11 3
3 20
1 1
7 16
8 5
17 1
13 18
18 19
3 15
16 19
15 2
15 3
10 1
10 9
27 159
58 47
3 61
75 170
90 112
52 1
14 30
65 151
11 74
31 81
8 5
14 14
13 4
15 1
7 3
8 8
20 9
11 20
6 1
8 9
36 58
9 95
22 33
36 13
33 11
45 17
40 50
45 50
1 1
5 19
10 4
42 84
11 14
22 17
22 38
14 94
48 17
14 24
24 26
20 24
15 77
1 4
4 5
10 3
41 55
25 21
58 7
51 68
42 94
40 84
28 98
11 31
23 27
29 30
3 1
9 11
16 17
12 4
3 1
13 21
48 34
17 36
6 3
7 8
18 7
6 13
2 11
20 4
19 16
3 1
49 56
77 47
80 20
4 1
14 19
11 12
11 13
12 16
2 7
21 58
16 100
2 1
1 13
7 5
8 9
30 23
21 78
4 10
28 23
20 30
6 60
31 59
10 78
4 4
14 1
2 11
1 19
6 18
1 8
54 81
6 4
17 10
20 18
7 19
1 11
7 17
4 10
2 9
22 91
42 8
6 5
2 17
19 12
20 4
4 1
3 5
2 7
6 3
46 10
15 121
68 48
31 116
15 49
28 16
7 4
5 20
4 1
1 5
3 19
19 17
8 11
18 10
6 8
44 8
9 60
2 58
2 5
40 89
25 38
1 1
3 16
2 6
18 68
62 44
2 4
3 14
12 12
2 7
84 91
34 29
6 2
14 14
17 12
15 8
15 15
6 2
18 14
6 10
51 26
38 15
46 43
2 106
52 67
16 86
5 1
9 19
19 17
2 10
13 3
15 7
4 5
25 10
26 24
13 54
22 35
4 3
5 3
16 20
12 20
2 19
2 9
18 100
56 63
9 1
7 9
13 9
3 12
14 19
18 4
15 3
11 6
1 14
16 15
7 5
34 22
27 32
49 78
31 76
28 100
23 62
4 99
3 2
7 7
9 13
4 8
8 5
2 92
45 24
47 97
46 28
33 131
35 106
22 111
38 107
6 1
10 3
7 18
12 13
10 9
9 19
4 10
1 10
24 7
1 3
13 15
10 4
40 116
52 32
30 1
38 118
37 89
42 79
11 55
13 71
11 22
44 72
10 1
5 18
20 18
13 7
18 20
10 3
9 11
11 1
6 19
3 16
14 1
7 2
26 27
23 57
55 31
25 76
16 31
3 25
9 122
10 4
9 19
5 7
17 4
9 4
10 13
11 18
17 17
5 3
19 12
3 15
9 1
12 15
28 35
4 66
14 14
36 68
35 65
35 60
30 21
28 66
3 4
1 4
3 18
13 10
9 1
1 66
26 54
20 98
19 14
38 88
32 46
25 110
20 76
18 76
10 4
20 6
6 17
7 5
18 1
16 6
19 12
8 19
13 12
10 2
1 18
10 3
29 108
5 81
8 1
72 134
70 130
76 149
60 11
30 117
44 99
45 42
8 3
5 13
11 19
5 19
19 2
14 14
3 20
17 18
13 13
7 4
3 96
18 12
55 29
38 142
78 157
42 107
56 151
9 2
4 17
7 1
8 7
6 6
14 15
13 15
20 12
1 11
10 2
9 5
33 58
30 72
30 12
23 40
4 74
9 55
27 55
40 57
4 58
4 2
10 2
13 4
11 2
9 13
7 9
59 35
56 118
23 96
47 60
57 90
42 61
33 73
10 1
6 4
6 6
20 6
6 19
16 13
18 17
13 6
5 12
20 13
18 5
8 6
22 14
68 78
19 71
9 79
8 116
31 40
58 2
45 24
5 5
1 3
7 15
16 11
1 11
10 15
1 5
18 7
3 5
1 9
9 8
16 3
7 10
11 78
27 52
62 79
34 106
10 29
7 79
41 66
3 3
6 8
1 12
4 16
1 6
56 7
8 4
14 10
14 8
10 18
1 8
3 12
17 12
1 6
20 8
4 3
63 51
32 7
47 62
35 53
1 5
3 5
4 10
68 41
31 91
4 130
1 9
10 1
12 3
20 15
8 16
8 18
14 19
2 4
14 1
15 15
15 19
10 20
3 10
23 1
4 9
18 20
3 4
12 7
17 19
10 6
8 2
16 11
37 62
19 18
6 84
30 108
46 29
57 35
6 68
8 2
19 8
2 10
10 6
18 15
9 1
6 2
5 15
13 20
4 6
49 42
24 25
43 81
49 70
2 3
3 6
2 10
8 1
48 10
31 122
44 30
26 12
9 34
29 92
11 14
58 70
6 5
11 1
6 10
11 4
14 18
15 1
13 7
8 1
28 40
12 76
11 35
53 44
38 5
28 39
29 75
9 107
8 1
11 20
2 16
3 18
11 3
19 3
15 9
1 11
11 3
5 9
70 100
33 85
82 91
34 112
5 24
9 3
7 15
20 5
1 6
17 19
2 17
14 5
10 17
16 9
15 18
10 3
22 78
19 44
12 26
8 95
10 91
55 69
45 73
53 89
9 69
24 104
10 4
1 9
12 8
6 12
5 20
11 4
17 4
20 13
4 10
3 4
7 15
5 9
44 43
3 98
15 57
32 22
28 82
5 5
11 10
12 5
19 8
8 1
16 20
7 10
45 66
30 18
52 54
33 84
51 32
27 33
55 62
4 5
9 7
6 12
7 17
7 9
9 5
43 48
41 71
1 37
7 109
12 100
38 108
50 11
16 104
49 39
2 5
17 10
3 2
1 1
30 36
3 3
20 16
13 19
4 10
5 4
52 21
7 76
38 84
28 68
11 64
3 2
11 8
7 8
3 10
5 3
18 6
20 113
5 33
24 92
1 49
9 2
7 6
13 18
18 3
14 15
1 12
12 13
11 14
17 20
15 6
9 10
29 86
20 4
42 70
18 49
6 2
36 61
32 71
18 83
43 77
2 1
14 8
3 6
8 3
49 68
17 4
69 68
73 31
41 164
78 142
11 36
82 89
8 1
5 10
19 18
6 17
13 3
19 3
13 15
6 16
13 5
6 2
48 89
38 35
14 116
20 72
13 17
7 87
2 3
12 3
7 5
1 9
44 53
5 5
13 3
3 4
16 6
11 5
4 16
7 10
25 56
3 46
37 114
3 25
59 96
59 42
5 121
6 3
8 20
2 12
17 5
16 19
8 4
6 9
4 2
68 6
33 82
11 50
19 137
1 2
5 2
2 9
10 74
47 165
2 1
4 8
12 19
9 10
66 169
63 21
78 65
14 13
38 63
39 13
62 152
5 58
76 125
2 4
7 20
20 16
3 8
45 26
59 112
34 87
2 4
16 15
8 13
4 6
32 12
54 69
80 171
40 4
8 2
16 10
1 7
3 5
3 16
8 20
12 19
19 9
3 19
1 7
49 32
3 1
5 18
16 15
5 16
7 4
20 168
21 152
13 45
19 55
6 121
21 125
26 23
7 2
16 6
5 15
16 6
10 16
1 6
2 11
16 10
5 10
44 31
26 48
25 17
30 90
31 76
9 5
13 9
10 3
7 20
4 20
11 19
18 18
5 19
1 16
10 12
7 9
30 72
62 152
64 136
22 37
31 126
33 126
36 99
2 3
19 16
1 16
5 10
33 59
22 88
77 28
15 60
44 52
1 1
12 10
10 1
18 56
15 23
34 93
5 52
14 79
9 73
6 67
7 74
47 3
31 52
9 1
8 1
3 7
7 14
7 12
8 16
6 17
8 15
12 5
14 2
1 10
66 74
4 1
14 8
12 16
20 19
19 2
6 2
4 39
59 100
13 8
2 94
27 53
56 52
5 4
9 13
2 20
14 12
12 2
18 14
10 7
28 22
37 40
10 33
30 44
39 4
40 64
11 57
21 5
40 2
18 70
5 5
12 16
19 2
14 9
18 14
14 8
3 4
39 61
29 32
14 43
1 3
14 19
9 1
1 50
32 81
16 23
19 22
8 49
32 46
15 25
10 60
23 38
4 4
13 17
17 8
4 13
20 18
9 8
26 7
9 56
10 8
57 70
21 31
34 19
10 14
30 32
18 95
3 1
7 18
16 10
15 15
10 9
41 19
46 101
45 60
43 104
68 69
33 26
4 76
7 68
59 107
25 78
6 5
15 2
12 6
20 3
16 19
5 19
13 12
10 10
5 76
32 9
46 95
23 131
26 28
23 37
63 58
45 12
21 62
46 72
6 3
7 20
8 16
17 12
17 3
14 5
17 2
3 7
36 130
31 17
63 124
8 2
16 9
2 13
6 17
6 2
15 12
2 4
17 4
13 5
8 3
17 26
59 79
46 94
15 51
60 89
13 77
14 11
54 117
4 3
6 8
7 18
13 15
1 13
1 2
16 14
2 2
18 5
13 13
4 9
41 109
77 79
11 107
13 120
8 3
1 4
9 1
8 8
9 20
8 12
15 5
19 5
13 3
9 5
15 107
27 6
37 129
29 76
18 139
35 19
30 110
73 101
54 139
3 4
15 14
12 15
16 12
7 4
24 55
7 141
9 93
56 113
41 130
50 95
56 74
3 5
17 15
6 19
11 6
8 8
39 97
8 38
16 50
1 69
21 55
35 31
8 43
38 74
2 4
2 12
4 9
1 7
15 118
2 2
20 10
2 20
1 9
43 144
1 1
9 7
8 10
12 58
60 118
50 140
74 77
11 41
56 95
11 90
29 87
6 1
18 19
19 5
1 19
9 1
3 12
17 14
5 7
66 29
4 139
79 34
63 135
75 117
3 3
20 20
12 15
15 20
6 6
14 51
42 34
50 24
49 99
13 33
15 105
2 2
12 19
1 11
4 9
36 30
48 63
65 15
4 77
6 2
8 4
15 20
7 10
13 8
16 5
5 14
9 9
40 35
47 71
22 64
26 17
14 27
10 64
23 105
53 101
46 72
6 4
12 14
2 17
20 17
4 16
4 6
7 17
2 4
4 88
37 110
5 4
5 6
17 3
12 18
19 1
18 16
5 1
35 10
7 75
38 13
10 126
4 42
7 3
7 12
12 4
17 7
18 16
2 6
14 8
19 19
5 9
68 75
71 121
56 38
45 92
48 140
3 1
8 2
18 7
12 18
3 4
25 89
5 61
45 62
2 4
17 4
7 3
1 4
38 47
3 4
16 2
17 7
5 4
3 4
36 57
25 70
10 25
4 4
12 20
9 8
4 13
5 5
10 9
30 67
73 13
24 52
21 5
60 9
69 7
65 52
26 126
65 4
29 68
10 5
1 10
7 17
16 16
20 17
13 4
11 5
8 20
9 13
12 5
5 6
4 1
56 94
64 35
50 105
10 49
2 2
13 4
15 14
9 7
48 28
65 48
49 27
49 113
61 61
27 16
9 124
60 38
1 39
2 1
19 7
20 1
2 6
3 86
54 114
9 2
13 16
17 17
17 3
12 6
19 9
9 7
3 7
13 3
5 7
9 10
24 87
7 38
6 16
39 42
11 52
22 40
48 78
47 94
48 95
6 1
2 4
10 11
1 6
1 12
18 10
6 17
6 8
52 98
37 15
63 46
54 24
46 12
63 29
9 5
1 9
14 19
2 16
7 9
12 17
15 6
17 17
9 1
14 5
2 2
10 20
52 30
9 2
10 10
7 7
18 10
18 19
19 16
19 6
17 10
19 2
9 13
4 10
41 2
38 45
31 18
11 44
3 3
15 19
5 1
3 19
2 8
57 97
46 70
5 4
13 9
19 19
13 18
15 13
8 9
6 5
19 35
40 41
42 31
16 16
35 32
14 69
2 1
19 18
17 13
3 4
16 102
56 36
21 8
1 2
5 8
1 7
30 35
1 2
12 2
5 5
19 58
41 39
60 123
16 43
42 77
5 4
18 2
19 11
7 12
19 6
11 5
3 3
16 54
32 39
19 94
1 5
4 2
4 4
5 65
29 73
49 6
40 83
7 5
12 14
16 10
4 4
15 5
16 20
14 15
4 4
8 5
24 14
17 76
21 25
7 47
38 18
13 80
12 24
24 44
3 5
19 20
6 18
9 18
2 9
66 67
18 68
10 3
7 2
16 3
11 18
18 4
20 6
12 9
17 17
3 14
20 20
19 6
3 6
47 38
53 68
19 49
7 1
17 10
6 20
18 1
11 9
9 4
4 8
4 15
2 3
43 16
57 92
9 1
17 6
4 20
14 3
13 1
18 1
1 4
12 11
15 17
7 16
2 6
9 53
5 2
1 1
1 18
7 7
50 126
9 138
19 3
20 105
66 112
33 116
14 74
10 4
12 11
6 15
17 10
16 15
9 8
4 16
18 8
11 8
6 16
4 3
3 10
36 69
6 138
80 30
7 4
20 16
2 12
4 14
3 20
2 17
4 11
10 16
3 8
31 40
40 28
8 47
2 1
19 20
14 11
5 4
45 66
30 115
44 108
13 28
57 120
9 5
19 1
6 20
1 15
20 17
7 2
14 10
15 12
5 14
16 7
4 3
31 77
15 39
38 26
72 173
4 3
14 3
17 6
16 19
7 17
5 3
3 73
11 88
29 50
22 57
37 97
8 5
7 14
10 14
15 3
12 1
4 11
1 2
20 12
16 4
3 5
57 94
29 88
14 64
3 1
3 11
14 1
8 7
5 7
3 21
46 68
18 82
43 94
43 6
9 2
8 1
19 12
5 5
14 8
14 19
14 18
10 10
13 3
15 15
9 3
45 85
3 30
46 38
3 85
35 52
26 22
13 60
45 47
35 10
8 5
17 18
6 4
16 19
1 20
12 15
10 7
1 11
5 7
1 9
5 57
1 1
3 9
1 9
76 17
5 1
4 19
12 20
20 12
7 6
10 9
5 10
21 82
19 55
39 28
55 36
47 26
6 1
7 4
17 11
11 20
9 18
16 15
15 12
8 7
43 111
4 67
23 71
27 62
39 31
37 13
52 100
13 104
4 2
17 12
14 9
7 15
1 2
2 8
37 100
9 76
6 3
20 3
7 10
9 5
12 4
10 7
16 17
3 6
68 84
27 62
66 58
3 3
7 9
5 10
8 8
9 1
56 127
2 24
22 137
44 93
67 61
26 62
50 128
27 132
42 77
2 5
3 14
1 14
2 5
40 72
41 74
10 3
4 10
15 5
1 3
14 2
12 6
20 4
5 16
19 14
9 18
12 20
7 9
28 45
47 79
1 2
38 11
10 94
48 22
14 86
10 3
12 17
13 3
18 20
12 3
14 4
16 4
2 11
1 12
17 11
13 16
6 5
3 57
39 9
19 28
35 56
2 54
5 48
6 2
18 12
8 7
16 9
13 10
5 14
18 3
1 1
64 7
7 5
17 16
17 15
11 16
1 9
18 3
14 9
10 19
2 4
58 43
68 124
10 1
10 9
12 20
4 5
18 15
3 16
2 9
10 5
17 15
17 4
14 14
3 3
32 47
14 26
12 27
6 5
16 17
16 5
11 14
10 6
9 4
1 3
6 1
17 63
25 53
37 97
19 62
33 66
37 75
5 3
11 8
18 3
19 12
8 2
2 20
2 1
22 10
39 4
8 5
12 17
15 20
18 2
4 17
2 8
15 5
2 6
14 14
3 3
58 28
54 30
4 25
8 3
10 5
9 7
6 11
16 2
1 12
15 6
13 18
20 11
8 6
40 81
19 49
18 17
33 60
5 56
7 51
5 58
8 77
2 1
19 13
16 18
1 3
71 34
9 3
9 16
9 18
2 4
15 7
16 16
18 15
4 8
18 18
2 16
9 2
30 33
44 7
20 43
7 73
19 47
37 44
26 31
22 4
28 77
1 5
9 6
3 3
43 6
14 5
51 51
9 4
2 16
10 9
17 11
17 17
3 9
10 6
6 16
9 5
12 20
6 7
8 47
52 71
59 88
2 11
1 70
33 79
1 4
9 16
1 4
62 79
3 4
12 18
20 10
12 8
1 3
29 166
1 2
6 8
3 4
9 10
37 10
17 26
3 2
4 12
11 1
12 7
7 4
37 68
32 118
20 126
49 4
15 12
38 27
43 47
5 2
11 12
5 11
2 8
10 3
20 5
4 6
51 91
6 56
44 41
32 12
3 1
18 18
5 7
10 20
10 6
30 133
40 123
4 81
62 54
7 48
38 100
1 30
14 16
64 92
18 89
6 2
12 20
8 7
1 3
5 11
7 12
15 9
10 5
2 36
7 75
43 55
39 68
53 61
2 76
15 29
53 10
50 35
30 31
4 1
10 2
9 15
10 4
6 7
1 3
24 24
7 2
6 15
10 11
1 4
4 17
12 17
12 10
2 2
4 9
69 23
76 118
84 47
52 72
1 1
12 13
2 2
18 67
6 73
7 5
7 6
8 5
13 20
12 1
9 9
6 16
17 15
3 10
43 75
39 71
57 53
4 3
18 4
18 9
15 15
17 3
10 2
27 37
40 91
4 96
2 6
30 93
19 36
20 87
5 71
29 42
15 13
10 4
2 2
8 16
10 11
3 10
1 16
4 11
1 14
18 1
10 6
14 15
1 2
13 31
5 1
3 6
11 18
9 8
4 19
7 5
1 6
52 57
9 4
20 16
2 12
4 4
2 11
8 15
18 3
8 7
7 9
5 8
9 2
21 137
34 51
64 82
62 106
32 66
27 143
4 1
57 51
18 102
10 4
3 19
17 14
15 1
20 18
8 14
7 14
19 16
20 15
10 12
11 15
1 6
20 85
1 1
1 16
7 8
12 63
45 51
37 109
47 130
54 122
53 55
49 112
5 2
9 1
4 19
13 18
8 4
4 20
2 6
17 36
10 40
6 5
6 16
6 9
8 7
5 11
20 18
17 6
2 9
12 95
57 88
1 4
13 15
2 1
14 21
28 112
5 4
19 3
7 8
18 9
10 12
19 13
6 8
12 106
64 126
14 59
40 66
25 37
36 42
1 4
6 8
1 7
25 72
10 5
5 6
3 3
15 11
8 17
7 5
5 9
3 20
12 12
20 15
6 11
7 10
54 138
7 137
50 110
11 145
56 115
66 36
64 12
1 5
12 16
3 4
25 152
6 86
16 130
3 1
11 4
3 9
15 9
1 2
48 139
4 2
1 12
15 4
7 4
13 18
7 5
35 39
26 33
46 2
8 60
25 27
7 99
44 80
1 3
6 2
3 1
59 90
25 34
21 22
2 5
18 6
14 17
7 10
34 76
44 46
82 153
9 70
31 60
19 126
51 151
7 5
4 2
11 15
3 4
12 6
11 17
8 2
20 20
6 6
48 91
45 83
25 96
12 32
31 30
4 6
1 3
3 15
9 6
39 63
24 68
57 50
13 90
52 2
3 47
64 11
11 13
5 121
5 5
19 13
18 3
14 16
6 1
14 14
4 8
29 130
37 126
31 50
64 50
3 3
10 6
9 13
14 19
1 7
20 57
6 3
3 1
12 13
17 5
19 10
8 6
20 9
7 8
12 74
7 139
76 71
80 165
34 90
38 107
52 127
7 5
20 2
3 19
17 4
3 14
4 5
19 2
5 12
8 3
69 55
4 82
22 84
55 121
22 108
13 84
66 137
63 129
2 1
18 7
15 6
7 4
13 101
14 41
10 96
21 106
41 68
38 102
23 46
5 3
5 15
8 12
15 17
15 8
7 7
8 1
87 137
4 8
36 161
47 21
48 84
74 103
4 152
42 159
10 1
12 1
5 3
16 9
18 11
17 4
16 1
19 18
18 12
18 11
16 5
1 1
34 26
10 2
4 9
10 17
20 18
16 20
2 5
13 3
7 16
3 6
3 4
18 16
5 2
20 53
34 100
53 124
47 127
73 2
4 4
3 10
16 6
19 1
4 17
10 1
4 117
54 76
47 20
16 9
47 94
33 117
30 124
42 95
4 1
51 91
10 1
18 12
15 17
9 15
20 18
13 19
3 4
4 16
7 5
3 4
18 4
9 2
12 110
28 5
4 105
25 10
22 118
50 60
60 40
31 83
41 28
6 2
18 6
19 20
11 8
7 10
10 13
5 9
8 10
65 42
61 57
69 39
19 1
15 173
80 175
58 128
61 175
6 1
16 13
1 12
17 6
6 10
9 5
19 19
1 3
38 23
10 2
17 18
4 6
1 12
10 3
4 3
18 3
9 1
13 15
19 7
10 13
9 1
30 83
42 35
26 61
10 89
33 32
65 60
6 44
3 102
30 144
9 2
6 8
12 12
6 17
8 8
3 10
4 17
18 3
12 12
6 11
2 1
9 1
39 98
7 5
11 18
18 20
7 13
11 15
20 13
17 16
13 17
9 3
3 30
7 81
7 63
10 8
5 7
15 11
26 59
16 53
32 75
5 1
9 10
7 5
13 3
18 20
7 18
10 3
41 93
20 135
26 80
3 43
3 23
9 36
17 51
61 82
58 131
9 114
1 5
14 6
8 2
18 75
40 45
52 28
25 64
27 109
34 29
3 46
18 59
1 2
9 11
4 8
18 45
34 54
16 70
46 78
4 5
10 13
15 10
17 14
11 14
10 6
26 167
2 118
32 63
6 20
43 66
86 103
79 104
49 138
20 75
83 4
10 2
3 5
11 6
9 4
9 20
8 13
6 18
1 7
14 19
7 18
4 19
1 1
3 63
7 5
20 10
8 20
13 2
16 1
20 20
17 19
4 9
8 3
32 30
12 13
22 12
22 70
48 109
39 98
10 41
41 14
7 1
4 1
2 10
19 8
4 15
1 4
20 1
5 1
10 1
52 83
43 117
10 126
61 75
9 20
41 37
8 115
57 79
70 61
71 25
8 5
6 8
9 13
4 15
13 15
17 2
6 9
6 17
18 12
1 7
30 8
3 4
2 15
16 2
7 3
5 2
4 94
56 81
54 45
50 106
33 90
7 4
18 7
11 12
18 2
8 18
4 20
5 12
19 18
7 8
10 18
37 68
38 95
53 22
43 35
3 97
5 100
7 4
2 5
3 17
5 9
5 4
4 7
20 12
7 5
3 5
37 108
6 43
3 95
2 3
4 3
15 3
8 7
2 74
50 62
10 41
3 38
53 39
43 30
23 54
41 112
6 5
3 11
15 4
17 20
18 12
3 17
10 4
7 7
18 41
45 15
32 78
21 80
35 54
37 23
43 97
8 3
5 20
6 16
9 19
5 20
8 18
5 1
2 9
19 17
3 1
44 146
41 109
15 66
9 4
19 14
14 13
6 15
18 2
6 4
4 13
14 12
11 14
12 7
3 6
59 4
23 79
6 2
1 4
1 18
5 8
73 156
36 43
4 65
24 71
24 120
2 4
18 20
12 16
8 3
49 124
45 123
8 3
5 25
48 124
36 45
21 125
34 73
4 2
4 16
3 1
12 3
17 13
7 6
14 51
50 55
52 103
44 72
12 90
5 90
53 115
7 3
7 11
9 16
13 16
4 1
17 17
2 11
12 19
2 1
20 8
30 126
1 5
19 7
10 9
16 30
35 47
1 14
4 53
45 84
34 6
47 61
39 8
26 6
48 93
3 5
1 2
19 9
10 4
8 5
6 124
51 13
49 82
24 90
11 84
53 8
45 77
40 111
2 4
19 2
8 9
4 4
12 87
6 78
32 106
9 35
6 4
2 20
8 7
13 1
19 18
15 14
20 7
4 3
55 4
49 136
78 20
69 77
6 4
8 1
10 5
2 4
20 14
20 1
10 1
3 9
72 136
9 127
46 101
8 2
6 11
5 19
3 17
11 9
11 2
4 3
20 8
9 3
3 9
39 68
38 109
25 92
3 5
7 3
1 17
9 17
8 6
23 93
35 43
9 91
9 78
3 92
21 34
2 4
41 68
7 2
8 1
17 5
15 3
5 1
7 11
16 10
13 12
5 4
29 118
19 139
31 108
79 79
78 93
7 4
19 20
15 15
19 2
7 13
8 3
16 18
14 1
1 1
4 123
8 5
2 11
20 15
11 3
13 20
17 19
7 5
5 20
3 1
9 2
7 111
36 66
19 76
8 48
42 32
23 87
19 52
5 13
47 57
10 2
6 11
11 11
11 18
5 1
11 16
13 7
9 1
6 15
8 19
6 9
4 6
7 3
7 31
58 112
44 36
6 5
1 9
1 9
13 3
18 11
10 8
4 16
7 7
1 14
18 103
57 124
14 13
58 118
1 21
34 8
6 5
20 13
11 15
4 10
17 1
16 10
9 14
2 7
29 92
26 47
5 1
16 16
5 8
2 8
17 19
17 14
10 4
75 90
20 61
36 84
27 116
45 142
74 40
58 154
27 82
53 71
15 101
4 2
18 17
3 6
8 1
8 4
8 8
4 45
6 86
7 128
26 104
10 120
67 98
53 122
5 57
5 2
2 4
2 17
18 19
9 17
4 17
4 5
16 49
47 60
13 39
24 92
9 3
4 6
17 6
13 18
15 2
10 3
10 3
1 20
2 17
10 9
6 9
48 85
28 27
24 3
36 12
4 51
2 35
4 3
4 8
2 14
18 6
17 3
10 4
43 83
26 4
55 24
9 43
7 37
19 112
51 109
50 7
49 107
33 33
4 3
3 6
19 6
8 2
3 17
2 2
38 20
35 26
2 1
11 19
11 7
9 1
68 87
47 53
63 95
14 32
35 59
19 76
40 88
45 122
50 65
4 5
2 13
13 12
7 16
10 3
4 5
38 46
30 24
8 30
30 26
7 2
12 1
10 17
13 19
5 18
4 16
17 1
3 1
5 4
7 109
31 34
70 133
28 12
69 89
10 5
4 20
15 3
18 9
8 8
19 5
15 16
17 10
17 7
2 14
7 1
9 6
18 40
17 1
47 90
2 12
31 77
52 96
41 99
31 93
2 21
3 4
7 14
18 14
1 9
7 8
4 86
18 85
20 39
38 38
11 17
52 15
40 103
6 4
12 17
11 15
13 9
17 12
6 16
2 6
5 4
20 33
43 70
30 122
56 82
30 41
5 5
19 17
5 3
17 2
2 19
15 4
4 2
36 128
37 74
44 51
17 123
1 3
2 5
5 1
45 59
7 3
9 43
42 53
21 52
9 1
5 4
5 14
1 13
15 1
2 7
10 10
8 9
20 1
1 9
10 8
57 87
27 137
19 41
17 113
12 78
65 139
46 66
16 22
36 131
37 34
1 4
5 9
6 2
11 17
54 55
38 44
59 10
37 125
49 14
8 2
3 19
3 4
9 10
4 5
20 15
4 16
9 18
10 13
7 6
20 85
19 63
47 64
30 89
2 70
39 13
1 88
3 3
14 4
19 9
3 19
10 5
9 20
36 8
11 79
26 75
17 79
9 29
24 69
7 16
3 37
1 49
10 5
20 19
11 10
20 20
11 5
19 7
16 15
17 15
13 15
13 2
10 8
5 4
79 139
53 170
50 136
10 164
50 9
10 4
12 17
6 9
16 5
1 17
4 17
19 10
11 12
19 9
11 2
18 1
7 5
59 142
59 120
30 36
53 6
76 42
43 159
55 113
6 1
16 19
5 20
10 18
2 7
9 1
17 10
8 5
42 59
9 65
10 60
22 52
3 24
13 82
33 46
41 12
4 1
16 2
6 12
20 2
20 19
8 3
68 2
15 119
55 4
5 103
5 92
49 32
59 8
63 106
9 4
12 16
10 6
8 16
1 5
1 9
12 12
13 16
3 12
12 9
9 8
25 87
32 96
30 17
4 36
31 72
38 43
18 41
7 80
28 1
10 1
9 11
15 3
13 3
15 7
4 19
10 17
2 8
17 18
3 16
9 10
2 3
22 40
38 66
6 5
3 3
20 6
7 1
19 15
12 4
5 16
4 8
7 86
27 81
42 64
37 63
4 5
10 13
9 12
14 6
1 19
3 1
28 2
76 93
48 90
9 1
11 4
11 16
20 18
4 1
15 17
15 12
6 3
9 14
12 1
9 3
4 112
59 154
36 45
80 53
27 26
50 64
15 135
48 125
17 85
1 5
2 12
8 10
19 99
52 14
11 96
13 6
59 4
34 10
13 96
69 121
3 5
20 6
3 2
9 1
4 9
60 120
50 103
10 28
59 115
4 1
4 5
6 3
4 5
2 4
10 7
42 27
38 89
31 16
49 93
15 55
47 12
9 100
10 80
45 53
38 77
7 5
6 4
11 8
19 9
6 19
8 5
6 16
15 14
3 9
19 104
75 28
58 60
10 5
18 2
9 8
13 16
3 6
3 3
1 19
7 7
12 1
8 15
14 16
6 6
69 46
62 34
24 51
65 142
62 114
24 67
9 4
14 2
5 10
8 14
7 3
3 1
16 6
13 5
2 3
3 10
6 9
48 17
30 33
39 42
19 52
27 19
42 25
2 2
18 4
13 13
8 10
1 58
36 55
8 80
22 44
40 46
44 14
39 108
54 103
6 3
6 20
10 11
8 14
8 12
6 1
19 15
3 3
13 86
41 66
49 30
6 5
19 3
6 12
20 19
7 1
13 20
3 17
4 1
5 15
19 58
42 20
46 77
8 5
20 19
19 15
6 18
2 9
11 15
16 13
8 7
1 6
8 7
12 12
4 52
36 50
9 43
7 69
20 53
23 80
28 47
6 4
14 17
18 16
10 3
1 18
11 7
10 17
7 4
65 17
21 134
26 123
51 54
28 71
34 86
32 13
4 1
8 2
10 8
16 12
16 3
5 9
24 6
19 9
45 167
77 82
28 171
7 1
5 18
9 10
16 1
20 14
10 6
9 3
14 18
1 6
2 7
2 1
1 13
11 12
7 2
26 30
27 15
21 25
16 80
4 10
3 58
1 31
6 3
6 1
7 7
6 15
3 4
11 20
3 5
5 8
6 37
55 5
1 21
31 6
21 56
9 1
2 7
13 7
13 20
16 7
1 2
15 8
6 18
2 15
18 3
4 5
36 19
9 90
68 140
57 136
3 1
16 9
7 15
18 11
7 4
5 75
38 121
27 40
55 15
29 65
2 49
12 3
9 4
4 8
12 4
14 8
17 4
11 11
1 18
13 14
4 11
6 10
2 2
15 30
20 15
8 3
11 1
2 20
4 10
17 19
18 12
4 13
1 17
3 13
9 3
58 50
17 109
52 49
14 89
24 95
5 30
67 120
59 44
16 110
9 1
10 1
10 7
2 7
5 15
11 16
6 3
3 16
16 18
11 2
10 4
67 111
20 79
27 115
73 33
5 50
36 37
17 125
63 34
22 24
64 37
3 5
3 6
7 3
8 20
10 8
28 97
25 67
22 79
46 131
14 92
16 37
62 117
70 9
6 21
39 4
1 1
11 18
5 7
44 11
23 96
36 106
44 17
32 44
2 2
18 20
4 1
7 2
40 6
20 114
56 76
40 55
57 50
42 8
19 112
1 1
4 13
6 3
59 91
16 49
26 121
52 107
59 58
5 121
3 5
7 19
19 5
12 20
10 3
36 94
31 65
43 80
43 11
19 5
9 176
5 23
42 58
48 41
52 75
10 3
12 6
18 13
3 10
5 19
4 4
4 5
10 4
16 14
16 14
1 4
1 10
29 13
9 2
6 18
16 11
15 14
6 17
6 4
8 11
7 8
10 17
3 17
4 1
15 63
23 61
10 14
32 102
6 2
17 14
16 10
6 6
5 4
2 11
5 3
7 1
75 80
45 157
49 81
5 83
46 66
26 19
50 159
1 1
3 2
8 1
38 76
5 110
5 9
35 107
77 132
34 170
8 87
8 174
1 3
11 17
3 6
47 15
13 7
45 37
9 4
13 8
5 15
9 2
6 13
2 9
4 11
16 8
19 7
6 7
9 6
9 116
7 4
44 21
25 68
53 76
38 19
58 75
12 40
10 35
6 5
14 17
18 17
12 9
7 17
18 17
11 11
2 3
32 147
27 59
5 3
12 10
3 15
14 18
2 20
6 3
5 5
66 135
25 32
86 54
72 114
72 76
7 5
5 3
7 12
4 5
12 13
14 18
16 4
6 20
4 10
22 22
43 5
24 16
5 3
1 5
8 9
2 4
52 39
27 23
9 1
11 6
9 12
6 13
16 17
19 3
18 3
5 7
17 4
15 9
9 2
2 8
48 74
14 18
7 86
4 111
6 14
48 17
45 23
8 79
10 1
1 6
8 18
18 12
8 16
4 7
9 2
17 3
9 8
9 14
12 7
9 3
24 36
40 168
26 65
3 108
41 7
17 157
7 130
5 139
41 84
8 5
4 14
7 3
19 15
2 5
4 1
4 16
17 10
2 13
3 3
13 79
53 92
63 35
3 4
11 2
16 9
1 14
7 2
14 62
21 158
13 75
49 6
5 49
30 140
27 66
2 5
5 15
9 13
3 9
34 4
7 48
34 105
2 5
17 12
9 14
2 7
27 107
21 54
4 3
2 5
19 12
19 2
20 3
3 5
26 15
36 76
40 41
7 1
16 5
18 1
18 8
15 7
4 19
1 2
1 1
6 6
63 91
5 155
24 16
44 172
26 58
84 139
2 2
9 15
13 8
1 8
14 112
9 2
15 1
3 15
9 13
20 9
17 2
11 19
7 1
6 5
20 17
1 8
27 89
5 2
5 17
16 19
1 8
7 4
16 11
7 3
57 104
62 32
51 24
44 30
71 139
8 108
75 4
10 3
19 14
20 19
18 9
4 14
11 7
10 13
16 19
15 8
7 4
13 3
5 9
62 54
54 117
53 5
18 47
47 25
3 5
12 4
18 10
18 13
6 8
51 45
36 109
37 31
20 25
15 32
18 81
6 3
2 17
17 3
5 5
17 12
4 10
8 19
1 1
34 84
8 2
16 8
1 1
17 8
1 4
15 7
19 4
20 10
8 5
10 6
20 73
18 91
44 34
3 31
43 92
46 100
44 92
36 95
8 7
45 18
8 5
13 9
4 5
20 8
11 2
7 4
18 8
17 19
4 13
9 2
2 46
14 22
12 29
3 10
27 47
24 18
44 50
16 17
12 16
4 3
5 19
2 8
2 10
10 19
9 4
43 58
33 4
44 25
36 1
55 40
26 1
54 52
30 10
4 98
7 4
1 12
13 1
8 12
12 1
6 3
1 18
12 3
8 5
40 169
80 24
58 164
63 41
13 107
4 18
21 162
36 3
7 4
9 12
15 8
12 16
14 9
17 18
18 10
4 7
3 9
61 75
37 63
84 33
5 1
1 15
10 18
12 7
2 18
3 1
5 2
42 68
42 38
42 49
64 129
71 145
1 5
18 16
5 3
22 67
50 91
74 87
11 14
48 127
1 4
10 9
6 5
56 149
2 63
12 9
12 80
10 19
17 50
5 2
2 8
4 6
14 2
7 6
4 14
5 7
7 82
28 26
34 17
34 65
6 71
5 5
9 15
17 1
3 16
10 2
4 2
4 6
13 39
37 94
23 63
28 51
10 2
16 18
3 17
1 18
8 17
10 3
4 9
9 10
15 14
18 10
19 6
9 4
40 75
8 50
31 76
13 82
42 4
16 19
19 59
4 13
36 16
10 4
4 1
20 15
12 10
12 16
12 9
10 15
10 19
11 13
5 5
19 4
5 10
39 90
37 85
22 89
8 27
10 91
5 3
4 14
17 20
15 6
14 16
7 7
8 8
35 37
18 80
27 89
50 50
37 5
29 96
8 51
28 20
1 4
1 11
10 9
71 22
57 26
52 44
62 27
74 4
63 77
50 125
32 140
38 16
52 128
1 5
5 5
1 3
83 77
5 1
2 6
20 15
5 18
14 9
2 18
3 5
26 96
12 114
73 149
8 2
13 12
2 1
16 6
2 2
10 7
17 13
13 20
14 10
4 1
29 124
77 146
50 94
64 63
9 1
9 16
17 12
19 8
13 18
15 16
17 7
17 10
1 4
15 16
6 7
36 119
12 96
15 57
6 27
18 58
64 10
8 2
13 15
20 8
11 7
7 7
20 18
3 15
18 1
10 6
9 4
32 106
36 91
2 16
13 2
10 101
7 93
36 23
51 75
37 83
7 3
18 11
16 12
9 11
16 2
8 17
19 10
14 15
5 5
19 64
22 33
40 6
17 35
22 70
8 4
11 12
9 1
15 15
12 10
10 14
12 18
10 20
11 8
8 2
33 25
3 4
18 65
26 111
8 32
34 99
66 83
35 40
10 1
4 12
17 8
19 7
3 8
3 8
3 4
11 15
14 16
3 6
13 14
8 6
34 24
18 37
35 65
21 87
32 11
34 39
30 70
42 56
10 4
8 13
8 5
20 2
12 6
2 15
2 12
20 15
19 12
8 7
11 5
7 3
19 4
28 94
28 61
14 88
14 73
18 72
35 33
7 2
3 8
6 8
18 6
6 7
1 13
4 2
14 14
1 7
35 150
9 3
13 13
6 14
9 18
18 6
14 17
17 13
6 1
10 15
4 11
4 3
67 66
57 68
11 37
20 62
7 3
16 2
5 13
9 15
8 13
17 7
11 8
4 9
7 10
22 35
45 70
8 97
30 82
43 47
48 9
37 9
4 1
14 3
15 2
13 10
4 1
6 7
26 20
65 73
47 10
73 131
64 14
21 71
10 4
9 13
15 8
4 11
12 15
15 9
16 16
15 5
2 5
3 20
3 6
6 2
46 117
8 78
25 45
62 96
29 83
64 27
1 1
13 3
7 10
4 108
16 97
8 103
45 37
20 23
16 59
38 29
6 4
8 6
19 16
10 12
10 14
3 9
8 9
9 8
17 63
9 25
21 15
37 54
45 12
37 82
27 10
21 42
27 90
8 5
17 20
1 3
18 18
9 20
10 16
5 8
15 3
19 17
3 5
65 85
57 24
29 18
7 3
3 2
4 9
18 14
10 9
10 15
9 19
4 4
10 6
19 93
68 85
47 134
66 80
70 116
2 17
6 110
6 47
38 85
61 49
3 3
6 2
20 6
14 7
5 2
25 86
31 98
7 53
49 30
23 23
2 4
4 14
5 5
9 9
40 91
26 22
68 127
27 101
64 51
6 115
48 10
28 14
30 80
2 5
6 17
3 5
2 10
29 44
20 54
4 5
8 2
2 6
6 20
3 5
2 4
43 44
46 36
4 5
16 13
8 12
16 4
12 15
7 8
52 9
17 11
30 73
48 5
34 17
23 12
3 100
7 1
4 4
7 3
18 20
8 19
2 7
16 20
18 18
9 9
46 43
1 67
13 32
6 96
63 144
73 15
55 118
51 14
18 61
9 5
2 15
18 18
17 14
2 8
13 2
5 12
7 16
14 20
1 1
4 3
2 48
1 43
17 82
9 10
3 2
17 17
11 19
15 8
4 1
65 20
26 108
8 33
66 144
2 3
5 7
11 11
4 4
29 34
6 74
53 7
16 39
4 2
6 15
15 20
19 3
20 19
7 9
19 38
17 15
3 48
16 65
14 57
24 83
27 9
10 3
19 18
20 10
15 4
17 5
8 16
17 11
3 1
17 9
14 17
15 20
9 1
13 113
23 80
34 68
31 49
58 115
32 94
11 3
4 45
73 21
4 5
20 13
20 14
13 12
14 11
6 9
51 58
39 32
19 74
10 103
30 20
52 48
3 4
8 3
7 17
10 19
3 2
34 78
27 2
39 68
10 5
10 6
1 2
10 14
6 14
4 1
7 17
3 2
1 14
12 6
13 10
6 9
48 161
3 34
22 24
54 160
15 120
68 175
2 4
4 17
11 1
4 7
62 159
54 142
50 131
60 41
9 5
16 6
15 9
7 14
10 3
12 19
16 19
20 8
9 10
19 9
1 1
45 68
10 5
16 1
6 3
1 6
11 11
3 4
14 5
6 12
15 12
19 8
6 1
2 6
35 46
30 58
1 2
2 2
6 2
38 51
23 119
55 84
65 1
48 131
42 83
5 2
4 6
4 18
14 17
7 13
3 12
7 4
58 93
42 156
5 33
82 61
57 133
4 137
10 134
7 4
20 17
9 8
12 19
8 11
5 7
10 12
18 19
5 3
60 61
84 79
73 31
25 139
39 74
8 5
13 13
3 17
16 2
7 4
15 18
5 1
13 7
9 13
3 5
24 139
63 57
67 82
9 3
20 4
18 10
2 20
7 7
15 12
2 9
16 14
9 5
1 12
10 3
27 67
10 118
9 30
29 114
37 104
18 38
73 28
22 1
8 131
51 54
5 4
20 20
2 8
4 13
16 2
18 4
6 7
27 61
61 128
1 127
61 101
37 110
2 36
9 3
10 14
15 1
6 9
16 8
7 16
10 7
12 8
20 9
12 12
6 6
33 133
62 56
45 33
21 50
29 70
12 30
8 2
8 19
7 8
16 5
9 16
7 14
13 6
8 3
4 2
2 2
29 38
5 50
8 2
13 14
1 6
2 3
2 5
15 3
2 11
19 13
13 18
7 10
56 160
20 60
43 84
30 92
35 16
58 23
17 85
5 1
10 6
18 15
4 1
16 19
4 19
7 1
39 20
2 10
56 16
18 105
16 89
52 8
10 60
2 5
11 16
3 3
6 6
21 80
22 76
45 62
38 109
47 42
46 38
6 1
11 7
10 7
20 12
6 20
11 5
6 18
5 7
5 84
9 52
44 76
36 83
1 62
9 2
16 1
14 18
10 3
16 1
11 19
15 2
10 9
17 10
16 10
10 7
45 9
37 45
2 73
25 42
29 87
14 48
41 52
44 91
3 55
46 84
4 5
14 9
13 5
3 13
20 14
2 6
63 78
24 129
7 5
17 16
20 2
6 8
1 16
10 14
5 7
5 15
8 7
40 2
50 80
29 25
62 4
7 23
32 72
67 41
52 109
7 1
8 11
8 4
1 14
3 11
6 4
18 7
8 3
4 1
25 40
8 42
38 40
20 36
1 5
4 17
5 7
3 9
24 72
1 29
32 110
22 57
4 1
19 6
4 1
19 5
9 7
5 10
22 10
41 55
3 22
13 94
8 20
5 1
12 18
15 16
1 11
15 6
8 5
7 9
31 62
18 88
53 89
26 95
21 49
16 56
33 56
3 2
16 9
10 17
19 8
5 3
14 14
12 34
1 122
34 24
10 47
3 1
20 1
16 4
4 3
6 1
16 5
48 132
35 43
11 138
44 4
57 64
1 3
16 13
2 10
49 45
54 77
3 5
18 19
7 5
8 19
6 4
32 78
18 7
33 113
45 61
25 64
43 104
7 2
13 18
11 4
2 4
20 4
16 12
9 14
12 16
2 9
26 12
65 107
2 3
11 11
2 19
5 6
28 29
10 2
34 66
39 17
16 23
10 5
8 20
14 9
5 18
9 3
8 14
11 5
18 7
17 8
5 3
14 15
7 1
36 78
14 103
21 49
16 61
6 30
14 17
29 102
8 5
9 9
15 11
20 19
10 12
20 11
3 9
3 15
15 2
9 8
37 124
64 8
49 111
64 133
13 110
5 87
40 35
19 44
58 5
5 2
12 1
8 5
3 12
14 1
17 8
3 7
38 106
9 61
57 109
8 1
6 12
6 6
5 11
2 16
17 15
6 19
3 8
10 9
5 2
73 156
9 51
71 83
24 48
51 42
9 5
12 20
8 13
20 10
5 3
18 14
6 11
5 15
1 1
20 15
3 7
18 19
1 71
14 57
7 5
4 17
1 11
2 13
15 10
11 14
14 9
5 19
6 10
19 29
39 74
5 27
28 8
11 73
13 26
8 1
12 3
10 3
2 18
17 15
4 17
14 14
14 3
11 16
6 7
4 90
21 77
9 23
41 102
2 5
32 34
1 1
1 5
7 5
42 89
22 94
10 14
5 51
19 1
36 66
32 57
9 3
9 12
4 13
16 18
7 8
9 5
7 19
3 10
7 15
12 19
1 7
3 99
6 4
8 2
12 11
7 12
12 2
4 16
3 1
7 6
1 114
56 108
73 133
6 110
41 137
34 7
5 61
4 5
2 3
4 9
5 2
15 14
7 1
12 84
38 56
22 21
37 55
28 52
27 45
43 59
1 1
17 17
9 4
27 72
4 65
8 46
41 51
26 73
12 3
34 81
12 1
22 11
1 4
18 11
7 6
53 82
70 19
62 34
3 10
36 93
12 115
19 130
1 2
14 8
9 3
6 99
29 20
62 104
46 80
18 22
51 156
15 153
67 99
61 35
8 4
14 2
19 15
8 12
14 11
5 5
18 1
3 3
15 8
8 7
42 17
17 119
1 99
1 5
71 111
20 41
24 139
47 62
3 4
9 20
14 13
19 14
3 2
16 84
49 95
14 10
6 1
11 9
6 5
11 3
8 14
8 5
14 5
6 5
50 35
13 40
7 80
49 109
41 19
22 5
3 4
4 20
16 18
20 18
6 6
4 149
68 142
36 55
57 156
4 42
71 140
7 1
15 9
20 18
15 8
5 17
4 14
2 9
1 8
8 5
39 12
64 71
34 17
40 104
68 28
28 172
16 103
59 44
1 1
15 12
4 8
66 116
43 72
77 43
13 41
5 4
9 3
14 3
14 20
9 19
11 1
4 4
8 165
10 121
66 68
50 59
10 2
16 1
17 12
15 6
4 6
11 16
7 15
5 15
19 17
3 18
10 2
8 2
55 29
20 21
48 93
18 118
46 125
16 131
52 86
52 116
2 1
16 16
5 13
9 3
46 84
18 105
22 66
18 30
20 64
23 82
4 27
7 92
38 34
6 5
4 17
5 6
6 5
2 11
15 8
8 12
2 9
27 75
16 58
2 3
11 11
16 3
1 6
26 79
3 4
12 7
3 2
1 5
7 3
26 43
7 24
30 21
2 42
17 19
12 15
20 65
4 4
9 4
1 2
1 7
13 17
6 3
57 5
14 121
43 86
61 74
34 42
6 131
5 4
13 6
18 8
4 20
12 2
3 19
6 8
8 24
2 50
47 37
27 14
10 13
5 106
3 1
13 1
6 18
15 13
9 1
63 28
68 12
60 39
15 65
56 46
19 49
31 134
8 16
23 44
6 2
11 4
4 12
2 15
12 1
20 17
20 2
10 9
50 89
23 26
18 62
34 113
45 25
48 53
19 108
34 112
21 121
24 37
9 1
7 1
6 20
20 6
2 3
10 18
17 16
11 20
1 17
18 2
5 4
12 14
45 98
14 28
47 26
38 31
7 1
2 4
9 7
5 8
18 8
8 19
10 11
20 12
6 10
60 104
20 51
19 2
46 120
2 77
34 63
9 3
12 10
14 20
18 11
17 13
4 20
15 17
13 5
2 14
17 9
6 2
28 49
71 71
48 90
69 6
66 71
20 17
10 5
14 1
5 8
20 15
2 12
19 13
5 5
6 9
9 14
19 16
9 14
10 1
79 144
26 70
24 5
28 66
73 166
22 72
27 165
50 85
8 125
14 28
3 3
10 11
5 4
2 13
5 9
14 87
34 36
20 97
14 104
4 69
6 1
20 13
9 7
10 13
12 15
20 14
11 4
5 2
32 93
17 65
2 15
10 14
55 20
8 5
16 18
5 16
13 18
15 2
4 2
14 10
8 12
15 14
1 6
41 161
6 3
17 17
4 13
11 11
14 9
1 14
7 9
2 8
36 43
52 94
6 5
6 19
12 2
15 2
10 20
1 4
13 14
1 3
52 39
7 5
13 14
14 18
3 4
17 16
4 12
5 20
14 6
7 4
21 64
44 77
18 86
2 84
37 28
5 90
42 102
1 2
11 15
2 10
35 113
54 52
3 1
1 2
17 18
13 11
4 4
3 37
60 84
21 120
20 43
5 2
6 12
2 3
9 15
2 15
11 14
2 3
65 20
11 92
10 2
12 5
4 15
11 10
11 10
17 2
7 13
2 11
17 16
17 9
4 7
7 7
56 113
39 115
16 159
80 32
75 148
76 91
15 90
3 2
19 18
3 16
14 7
7 6
3 57
37 69
28 91
7 74
46 88
21 29
4 70
3 3
9 16
11 4
9 15
7 2
32 93
12 32
28 55
37 81
21 78
45 28
3 100
10 3
11 8
8 1
2 14
6 16
6 17
12 14
7 20
20 9
16 12
19 16
4 10
73 24
19 108
23 114
1 146
8 1
4 20
10 14
7 15
19 1
16 10
16 8
1 3
14 8
9 7
30 103
12 126
7 35
44 16
2 34
40 34
13 41
36 27
20 33
4 4
8 18
20 18
18 18
1 7
4 6
10 17
58 74
14 125
6 13
10 4
15 12
15 19
6 8
2 10
4 13
20 18
17 15
15 1
4 5
1 13
4 9
11 73
47 3
49 9
46 51
8 1
7 5
17 5
14 2
7 10
20 19
12 14
4 15
19 13
8 4
50 11
1 80
10 128
2 49
57 8
17 20
48 55
21 40
5 3
2 1
6 2
19 15
18 9
14 11
6 9
70 149
43 96
8 19
35 122
33 55
64 88
7 1
1 12
2 15
6 20
14 5
12 15
4 16
16 17
1 8
59 25
9 3
13 3
19 19
13 19
9 1
14 10
14 17
12 17
7 7
5 1
8 9
12 46
15 41
23 85
53 78
17 75
52 77
33 29
27 6
5 5
10 1
3 6
9 3
17 2
14 8
3 5
14 24
62 112
37 77
5 4
8 1
11 15
8 5
13 9
7 8
10 3
1 51
2 65
1 5
5 37
22 91
1 89
19 84
26 68
13 20
9 87
3 2
17 13
20 17
7 14
1 6
17 119
3 2
18 12
12 11
13 8
7 10
42 87
84 122
66 161
34 111
9 128
16 117
28 12
5 4
18 4
9 8
5 8
14 9
11 8
4 7
23 6
44 28
30 17
2 16
2 4
10 1
12 11
6 10
40 60
47 24
14 121
27 32
47 124
39 50
4 1
10 2
12 1
8 12
6 20
1 8
40 10
7 1
2 18
8 19
11 15
12 3
2 12
14 1
13 14
7 3
41 75
6 97
40 5
36 5
39 42
5 60
6 91
5 4
14 4
2 12
19 2
5 9
19 3
10 7
16 103
29 133
48 136
40 34
63 83
37 50
45 132
64 96
47 14
20 75
5 1
15 8
10 7
17 17
5 11
16 11
10 10
43 30
14 126
29 123
19 124
37 141
18 45
52 76
18 18
72 99
29 122
4 1
15 12
14 9
12 12
19 4
6 10
10 99
61 55
7 14
18 99
27 8
62 132
1 1
1 14
4 6
4 42
6 79
18 49
43 25
2 2
1 12
17 3
10 10
45 2
61 76
6 70
49 10
11 105
27 62
30 53
18 80
29 82
47 106
8 1
7 14
8 1
15 6
15 15
18 2
20 2
5 4
8 2
7 10
68 8
52 97
54 120
22 130
52 44
15 133
7 120
3 5
4 15
20 4
5 14
6 3
43 3
19 9
36 10
21 93
13 2
54 110
7 5
14 17
19 16
18 3
12 3
6 3
5 7
9 6
9 4
11 156
41 56
25 106
72 145
1 2
22 114
63 44
75 58
71 13
6 4
5 8
13 17
18 13
2 4
19 1
11 7
6 2
40 21
57 19
35 138
16 110
67 18
41 22
6 2
20 19
4 12
13 4
5 4
17 15
3 8
7 10
41 49
50 30
15 38
10 82
35 83
12 85
19 71
6 3
17 17
18 10
13 10
10 9
10 2
20 3
9 6
44 120
36 4
58 14
25 41
47 35
62 111
30 133
55 132
26 65
4 1
12 19
20 5
4 9
8 16
5 4
9 2
27 91
10 42
14 91
21 86
1 1
3 5
2 3
28 49
15 1
7 4
3 12
12 19
12 2
17 5
14 2
9 17
10 17
8 1
17 10
24 125
4 107
58 42
44 109
17 130
39 10
50 80
2 1
9 2
16 1
7 7
9 74
64 74
64 147
27 98
24 40
55 132
24 154
3 3
10 12
13 15
17 15
2 4
15 40
32 3
9 5
8 9
5 11
17 2
5 19
19 3
17 8
10 7
4 8
20 18
6 1
53 58
23 26
13 26
48 106
12 94
53 99
8 4
8 12
17 2
18 1
11 1
3 20
16 7
8 8
20 15
3 4
9 82
9 10
36 20
8 4
6 2
1 16
18 7
6 7
1 16
3 7
4 15
15 5
10 9
57 127
36 100
48 8
40 16
55 20
36 67
67 23
2 110
10 127
5 9
4 2
6 10
11 20
16 19
5 17
9 1
28 77
41 73
23 63
30 14
41 46
22 83
30 4
1 50
2 41
9 3
2 14
1 16
6 3
13 20
11 4
8 2
11 20
6 11
1 10
4 5
40 106
17 22
23 6
40 101
1 3
2 12
8 9
20 65
38 68
1 8
8 63
35 83
11 83
3 49
41 4
1 5
1 8
4 4
7 80
32 66
35 29
41 46
9 3
6 15
5 13
14 12
19 12
7 17
8 17
18 12
17 5
16 13
1 7
43 3
9 1
6 16
17 19
15 20
15 13
3 7
2 10
14 17
17 9
3 1
7 6
7 46
23 17
44 43
2 63
30 18
4 17
4 49
8 3
14 10
12 10
17 17
13 19
14 16
7 6
19 12
3 18
3 8
49 31
34 92
42 119
6 3
10 4
5 5
1 19
10 12
20 3
10 1
5 4
38 20
31 82
41 50
2 56
6 4
2 2
20 13
1 15
5 3
6 132
54 68
28 91
9 137
18 95
6 4
14 12
17 12
15 7
4 17
15 20
6 11
4 5
5 14
7 38
34 100
12 101
4 4
13 13
16 19
17 18
20 4
7 9
35 91
53 22
51 142
66 153
62 130
8 96
68 24
9 1
7 2
13 10
12 17
20 9
1 8
2 14
3 7
16 5
11 11
7 3
36 85
33 96
39 96
52 94
28 109
5 3
26 109
3 4
12 10
2 13
11 10
10 8
20 17
25 50
40 25
15 76
40 77
38 30
41 10
11 10
3 19
18 15
3 2
14 15
9 11
19 1
2 1
6 77
39 103
7 4
4 12
12 14
14 1
2 6
17 15
11 16
11 10
3 4
71 48
7 114
78 40
3 3
7 20
17 9
14 18
3 8
64 108
70 82
26 100
1 4
1 8
2 1
52 12
42 66
1 3
14 1
7 3
23 93
45 27
18 19
30 25
13 49
34 9
51 101
9 5
5 16
4 14
17 17
13 2
10 9
16 13
11 20
19 16
12 9
9 5
72 143
14 129
15 153
43 17
13 95
63 146
46 22
83 133
19 33
9 4
2 5
5 7
7 15
20 20
6 13
15 1
11 10
8 19
19 5
2 2
15 44
64 41
10 4
19 14
3 12
9 17
1 9
3 17
17 17
17 9
20 4
17 7
8 9
6 4
11 74
47 92
44 63
11 49
3 63
60 139
5 2
12 16
14 5
20 8
5 12
19 7
1 5
54 28
1 4
11 4
7 6
37 86
28 31
26 14
15 107
32 2
33 113
8 70
7 3
14 5
2 12
2 16
12 9
16 5
9 20
14 6
1 2
10 104
9 2
17 16
15 7
13 19
20 13
7 19
9 9
17 10
16 3
15 2
8 6
2 33
43 121
59 36
52 159
53 61
71 35
59 77
51 7
9 2
19 2
19 4
6 10
8 18
19 17
18 8
19 9
1 1
20 8
8 2
39 49
37 77
9 92
48 74
16 6
24 14
34 36
23 21
4 4
11 1
1 5
8 4
13 12
2 9
45 78
19 25
8 2
1 19
20 18
17 3
15 14
12 8
13 9
4 13
5 2
5 6
7 36
8 90
12 37
12 1
11 45
5 5
11 1
11 10
6 4
16 5
17 2
8 4
52 16
74 4
79 119
76 58
48 2
63 20
42 137
18 93
9 1
7 16
9 17
8 18
7 16
12 2
12 16
13 1
9 14
16 14
10 6
55 36
79 72
20 162
82 123
74 101
68 8
59 141
53 119
61 72
29 79
6 2
5 20
19 3
2 1
15 8
1 16
20 5
6 2
2 120
10 11
23 60
22 73
57 122
12 113
9 4
12 14
11 19
13 16
9 2
19 3
4 10
10 7
3 5
6 20
2 4
5 45
46 9
3 5
9 9
1 19
20 9
9 3
29 83
23 89
29 10
16 59
24 38
18 17
22 47
43 29
37 52
10 3
8 6
14 6
14 17
11 12
11 18
1 19
20 12
3 7
3 12
8 3
3 10
72 43
76 56
60 43
3 1
17 19
16 4
14 19
1 5
6 78
3 2
11 13
15 20
1 19
2 9
30 137
64 55
10 5
4 18
6 16
5 3
20 14
5 1
3 20
3 15
9 9
14 2
6 15
7 10
1 54
5 107
1 107
27 13
24 73
47 65
26 116
1 5
4 15
3 3
39 62
19 26
20 55
9 2
11 19
20 17
20 12
2 10
16 20
10 20
12 4
2 6
17 7
5 2
8 25
20 27
16 33
11 77
20 33
6 4
16 2
17 20
2 7
16 12
4 5
9 11
5 7
24 36
15 56
20 75
39 81
13 57
10 3
4 5
15 12
8 10
9 16
6 8
14 9
2 1
4 16
8 20
7 4
5 4
25 38
48 24
47 23
53 18
48 52
10 3
5 14
18 7
12 5
12 9
3 15
9 17
3 9
13 20
3 9
8 13
5 1
80 78
63 165
57 128
9 29
63 1
3 1
2 11
5 20
14 16
8 7
18 43
42 92
60 16
59 42
61 85
8 3
2 58
10 17
3 4
11 15
8 3
9 8
3 8
46 52
26 46
75 79
4 5
15 8
18 11
17 8
11 14
3 4
11 16
13 79
33 68
1 4
4 8
4 2
56 145
71 148
63 40
78 147
3 3
9 5
20 14
10 2
7 6
27 56
55 50
14 71
60 57
4 92
22 103
22 56
1 1
17 3
7 10
11 86
6 75
30 66
16 76
16 26
28 73
36 25
8 1
20 2
12 11
10 4
14 19
11 8
3 11
2 20
15 10
6 8
44 110
14 128
8 64
11 5
25 114
36 30
5 2
16 15
13 10
16 10
4 8
9 19
4 7
65 130
38 37
57 125
71 46
5 2
6 8
12 18
11 2
2 19
3 13
6 4
23 62
37 7
31 56
2 76
32 26
11 86
3 4
5 1
6 8
2 19
9 9
22 123
65 95
45 138
48 169
77 7
78 77
12 102
42 154
57 32
1 3
10 16
10 2
75 25
20 12
47 81
88 14
57 94
23 164
87 147
15 67
62 102
71 17
6 1
14 16
2 16
15 11
16 4
13 15
3 18
4 8
74 34
3 50
39 31
48 81
5 1
17 11
13 9
13 4
10 18
1 10
7 9
6 19
23 13
41 29
49 34
26 97
44 89
19 33
5 3
16 9
5 3
7 14
13 18
20 17
2 4
20 37
25 73
4 5
18 12
15 17
9 3
1 5
8 6
27 81
16 126
56 83
34 83
39 149
33 69
17 105
66 40
5 5
16 2
13 18
9 6
12 12
12 7
5 9
27 130
35 39
18 35
42 92
38 49
8 2
17 11
11 12
20 12
3 13
15 20
17 19
19 15
6 10
8 2
4 86
7 30
26 51
62 35
62 29
66 111
43 20
38 126
6 4
4 1
13 6
18 2
15 5
5 9
12 5
9 2
18 34
39 66
4 14
10 62
22 20
23 26
3 8
24 72
42 80
3 3
10 11
6 14
3 11
6 3
35 116
69 120
16 40
6 130
36 120
41 107
2 5
16 15
3 19
6 9
37 3
36 27
9 59
26 72
50 73
41 102
1 2
18 10
7 4
38 91
80 126
30 124
26 7
28 128
54 147
73 97
2 4
3 3
16 15
10 4
6 100
36 118
36 57
55 33
26 96
46 13
48 55
2 22
12 2
42 86
8 4
10 16
16 11
10 11
10 2
13 1
9 15
11 13
1 1
6 8
4 152
34 138
56 59
6 15
55 6
81 3
9 3
6 17
8 6
20 3
12 20
20 7
4 1
8 12
10 14
8 7
10 1
19 4
58 149
67 21
15 101
3 58
9 11
11 46
9 141
44 2
6 108
1 2
19 2
7 10
42 174
79 58
61 98
42 45
19 70
84 97
35 138
6 3
3 1
10 6
7 3
7 9
6 7
10 17
5 9
63 38
13 33
47 44
35 47
32 99
6 3
15 8
14 4
3 3
1 5
6 1
9 5
10 3
34 77
30 103
47 12
24 89
39 80
43 57
51 76
4 55
15 70
44 46
4 4
18 11
10 14
17 11
2 12
9 10
67 131
22 61
38 35
1 140
47 61
7 59
27 103
68 54
59 135
2 1
17 17
20 18
8 1
51 161
26 155
76 49
84 80
47 157
56 141
68 144
84 47
3 2
3 15
13 8
12 12
6 5
21 144
81 73
80 158
78 168
23 87
19 177
2 5
5 2
8 8
3 10
9 85
7 79
43 90
2 1
7 3
3 9
10 9
37 28
47 46
11 22
16 18
25 81
40 74
26 3
9 99
32 91
7 56
6 3
16 12
13 5
19 20
10 12
1 12
3 1
3 6
10 135
14 136
11 120
4 4
17 16
7 14
14 10
13 13
5 8
4 147
26 4
40 111
50 169
66 131
10 2
8 5
16 18
17 19
4 9
20 1
12 8
17 13
6 16
9 15
5 18
7 1
35 18
22 86
20 96
42 127
22 95
67 51
67 87
8 2
4 4
3 1
9 3
15 19
20 10
6 1
4 9
5 12
8 5
39 142
60 1
22 168
60 110
49 124
40 69
8 78
16 127
1 3
4 6
5 10
22 21
53 75
28 99
48 72
26 26
10 2
2 2
16 13
10 2
7 15
5 14
1 9
16 8
20 11
17 4
12 20
7 5
17 135
20 8
47 5
16 3
3 100
1 62
30 4
1 3
7 11
2 10
25 15
19 91
3 4
9 18
4 13
19 11
1 2
23 7
1 5
17 3
3 5
34 56
54 118
23 119
8 1
5 7
10 9
15 7
16 1
8 19
5 4
8 12
9 7
4 2
47 15
33 124
2 26
42 50
2 2
13 14
6 7
8 9
85 74
56 110
31 50
77 132
12 44
17 95
46 60
62 6
1 4
11 3
8 6
42 73
44 1
13 48
62 90
25 64
43 25
63 50
52 74
4 1
7 10
17 3
11 18
18 5
1 8
48 1
7 3
14 12
7 17
19 16
1 9
1 12
15 6
4 17
2 6
5 33
57 125
6 3
11 4
10 17
4 11
19 2
8 5
12 7
4 9
40 72
17 50
5 36
5 1
4 1
10 8
12 17
1 6
12 5
6 4
21 15
27 61
5 45
32 87
34 48
27 64
5 4
12 15
4 14
7 7
5 17
19 15
6 6
45 66
51 106
17 74
37 135
66 138
27 8
2 3
10 17
7 4
5 1
10 84
53 80
54 83
55 109
61 39
3 1
3 7
5 18
5 13
7 5
5 4
6 42
22 108
48 87
33 5
24 5
26 75
5 3
4 17
12 20
15 19
14 12
6 3
6 3
39 8
6 45
14 81
49 5
12 19
60 115
5 1
1 2
9 2
12 5
7 5
16 8
7 1
28 14
15 21
38 7
17 2
9 35
31 50
30 66
8 2
16 5
1 19
19 17
14 10
10 6
1 17
15 12
1 16
9 1
25 47
21 28
15 15
34 77
40 8
7 85
16 30
42 23
4 29
6 4
1 4
4 4
5 18
8 10
7 11
4 3
9 9
31 50
26 8
26 41
69 156
76 45
62 118
9 83
77 75
37 72
2 3
3 10
1 15
7 7
59 68
13 40
42 26
35 58
56 72
53 22
53 38
7 3
10 5
15 9
15 13
10 20
12 14
6 9
6 2
5 2
23 108
50 14
5 87
8 4
32 77
6 2
16 13
1 2
8 4
11 8
17 8
6 18
10 10
51 36
35 109
62 38
7 31
32 81
12 76
31 100
43 101
16 79
54 106
1 4
2 20
1 4
34 79
9 1
19 17
8 3
3 17
18 12
3 11
20 13
9 14
11 6
8 9
6 7
21 69
19 114
2 77
52 67
58 73
52 114
4 3
10 13
6 20
20 14
2 8
2 2
23 30
59 55
6 5
6 6
10 7
7 14
15 11
3 12
11 13
5 2
26 52
16 2
63 116
63 79
46 30
2 5
19 19
8 3
8 9
33 69
7 62
39 73
15 35
14 76
39 8
22 103
47 69
1 5
10 9
5 5
48 74
49 43
8 13
7 42
46 27
3 4
12 1
3 18
17 9
9 10
60 11
48 42
64 101
75 91
38 53
85 116
79 168
51 160
77 93
2 5
9 10
20 2
1 2
37 119
5 2
2 13
15 13
8 1
18 7
3 10
3 3
52 114
47 127
58 99
3 3
10 6
2 4
7 17
9 3
5 25
15 41
33 72
31 46
30 10
8 29
18 14
11 48
22 30
5 5
12 18
17 18
19 13
5 19
2 15
9 1
26 67
48 49
8 67
40 10
26 44
46 1
46 39
35 81
44 87
7 4
5 15
8 12
7 7
14 14
14 14
9 17
2 16
3 4
54 76
2 115
16 123
2 5
17 13
4 4
4 7
12 160
81 78
18 97
12 162
2 5
19 20
8 13
9 5
53 42
51 152
64 10
54 144
50 38
2 11
80 112
48 48
57 102
8 1
10 17
15 20
2 18
14 17
2 1
6 5
18 4
18 12
3 9
64 92
63 12
26 139
10 1
18 16
13 2
3 19
19 16
5 4
5 19
14 2
8 2
12 2
8 7
2 7
31 48
11 42
6 2
8 12
1 4
20 14
16 16
1 9
2 4
9 8
1 30
21 2
38 39
18 83
15 29
22 42
1 21
30 82
26 70
9 2
18 18
14 14
7 6
1 15
15 11
4 13
19 19
11 3
11 18
3 5
10 27
12 119
5 47
10 3
2 4
18 13
10 16
11 20
9 9
16 10
12 13
11 7
12 18
1 16
6 2
3 95
43 96
66 116
42 20
10 3
52 101
1 2
3 11
10 2
12 21
31 71
6 18
52 22
59 3
35 15
41 61
18 39
22 68
37 11
6 2
19 2
12 12
19 12
12 13
8 8
2 18
1 6
4 15
3 2
19 19
12 14
1 14
9 10
66 8
20 32
51 102
8 5
12 18
37 24
14 18
50 105
31 67
1 5
2 9
1 2
19 66
8 3
11 8
7 9
15 10
8 10
20 17
7 15
11 3
1 12
4 8
22 74
29 53
23 57
30 69
2 5
4 18
5 19
9 4
26 75
36 73
9 40
21 6
77 140
58 54
80 140
49 88
27 62
3 5
11 16
6 17
1 2
6 6
43 114
5 41
25 85
34 87
55 83
2 24
2 2
8 17
6 13
3 5
48 64
22 38
35 46
4 5
1 13
4 12
3 5
5 4
6 9
4 69
11 155
16 105
42 44
43 159
32 77
9 3
17 7
12 15
4 16
5 5
4 6
4 4
17 18
11 18
9 19
6 5
37 19
9 90
37 2
10 77
41 31
35 45
6 3
14 20
16 5
16 16
20 1
20 19
6 13
4 2
20 62
32 34
7 40
19 17
8 4
12 16
6 19
11 10
9 16
1 2
11 1
16 6
3 16
9 9
59 126
24 153
2 157
70 138
5 93
47 124
65 66
74 59
48 65
8 5
3 2
13 20
12 13
2 17
8 1
14 12
10 8
20 8
4 8
26 89
58 64
47 29
24 92
3 3
3 17
19 2
19 9
4 3
32 37
44 87
49 86
58 97
3 5
17 1
16 7
4 12
1 5
42 3
2 5
17 11
13 14
6 8
63 97
49 148
70 43
42 89
6 77
20 102
10 2
16 2
10 19
1 20
1 12
16 13
12 1
6 12
16 14
11 5
18 16
2 8
57 44
68 148
5 2
12 4
4 14
17 9
8 6
16 5
2 2
10 68
31 22
10 3
17 13
15 2
11 11
8 8
14 15
5 13
2 2
7 7
9 15
12 10
7 4
46 134
57 86
46 133
28 92
51 142
71 50
4 88
10 1
20 14
11 7
5 17
3 3
18 2
14 4
10 10
13 9
13 9
3 16
5 8
1 165
2 141
80 127
62 5
57 164
9 3
8 13
1 9
2 17
17 4
3 1
2 19
11 15
19 2
5 19
4 5
69 138
2 106
42 136
54 164
5 5
9 10
14 17
18 5
10 18
9 9
4 10
75 126
71 48
17 67
8 91
2 4
13 1
16 17
8 4
1 65
7 44
35 38
34 14
9 15
21 54
20 48
20 5
7 2
3 1
10 11
10 15
7 4
14 15
13 10
1 9
9 3
7 123
46 77
77 54
32 163
47 139
58 115
6 70
76 101
48 165
3 4
8 15
1 14
18 6
4 8
35 19
10 5
27 8
32 50
5 4
9 7
10 13
18 11
16 4
8 6
2 2
27 10
23 31
8 5
15 18
9 18
13 1
19 9
9 8
12 5
9 20
19 3
6 6
60 88
55 30
67 75
3 8
11 118
19 88
1 2
12 3
1 5
53 35
2 3
5 12
5 11
2 7
70 63
67 11
8 2
4 10
4 19
6 4
9 9
2 15
6 1
1 1
5 11
2 10
1 18
11 41
2 5
1 3
10 12
9 4
60 37
2 100
4 110
53 118
39 35
39 132
55 96
13 115
43 92
2 1
8 20
9 11
3 6
50 126
1 137
55 50
7 1
17 2
18 10
6 20
11 2
18 16
19 12
17 6
2 7
6 32
47 71
5 3
15 20
17 2
19 3
11 16
5 5
9 5
49 40
54 123
52 11
56 97
43 37
31 15
70 112
40 59
69 28
4 4
16 4
11 11
2 20
17 3
6 3
31 6
34 68
30 77
54 27
16 29
2 17
7 5
15 6
11 3
14 2
4 18
17 4
5 6
18 11
5 6
13 119
10 47
3 79
3 20
37 147
10 1
10 12
17 16
5 9
2 20
12 18
16 18
11 18
6 12
20 3
8 15
6 3
6 67
69 138
77 15
17 114
15 109
23 10
2 4
11 2
11 7
7 9
25 54
24 118
33 94
48 68
22 103
55 127
11 105
7 4
14 1
19 1
17 17
4 12
5 9
18 19
13 5
7 8
3 76
5 57
30 19
37 55
6 78
9 53
23 68
8 5
18 11
5 19
12 8
18 3
14 8
8 18
1 13
14 1
1 6
13 61
8 3
4 10
9 6
7 9
8 8
9 1
13 13
9 16
12 18
3 7
12 1
33 104
31 71
3 4
6 8
3 8
20 7
5 6
27 144
44 98
75 78
71 50
73 27
9 5
20 19
14 18
17 7
12 7
7 20
10 5
2 19
3 2
15 11
9 8
40 52
28 77
28 82
62 80
62 66
47 94
23 12
26 104
6 58
2 3
12 1
1 11
1 10
48 60
7 2
6 11
5 5
18 17
18 12
4 12
16 5
14 8
7 5
14 111
13 25
1 98
62 6
4 6
26 69
21 71
6 1
4 7
1 6
18 13
16 1
12 6
6 7
5 6
37 54
23 4
45 26
7 19
4 32
2 5
6 1
6 16
2 1
11 26
30 28
9 2
12 1
2 2
14 17
11 7
6 16
4 4
2 9
11 10
15 17
6 9
11 77
28 17
29 13
20 82
10 72
45 20
8 3
16 6
11 9
13 6
10 14
12 6
10 16
5 11
16 2
9 10
12 91
26 54
14 59
28 92
22 21
8 46
18 18
24 57
18 29
1 1
7 2
3 2
38 98
83 147
11 145
6 4
20 16
14 5
11 3
15 5
5 15
13 13
9 3
6 60
26 43
41 89
52 33
12 107
37 18
11 59
18 72
11 81
5 2
14 17
16 16
13 1
9 4
17 9
3 3
34 69
37 90
46 90
9 4
3 16
15 1
1 18
13 4
19 1
6 20
10 12
3 15
19 18
8 6
52 104
46 24
51 103
28 54
38 59
23 20
44 93
35 115
10 5
19 20
19 6
18 4
5 18
15 6
6 15
3 2
12 11
7 15
14 9
8 9
42 142
54 107
21 142
57 153
24 99
56 158
3 112
19 4
8 2
2 17
2 5
16 10
17 4
7 7
13 12
11 14
11 8
7 7
15 71
14 34
30 53
17 42
12 70
32 71
32 5
8 1
9 11
17 3
19 13
5 5
13 11
9 3
10 17
20 2
8 3
64 13
39 79
4 5
40 102
38 60
62 45
12 69
58 12
3 4
16 12
7 20
10 16
2 4
59 33
53 128
9 2
13 4
5 8
6 10
4 6
2 19
1 9
15 13
4 10
14 3
9 4
16 58
38 4
27 44
49 75
38 7
49 12
8 99
29 98
49 61
8 3
18 3
4 9
3 2
15 7
5 1
4 19
9 5
9 10
9 10
15 6
12 50
41 59
10 16
21 2
1 66
24 28
20 23
39 47
7 3
1 2
5 3
4 6
3 5
4 2
14 10
1 3
8 10
74 36
63 20
31 78
40 52
22 23
21 18
18 137
1 104
1 4
11 5
3 3
11 45
46 31
37 108
1 5
11 17
4 9
36 41
17 29
26 40
14 45
7 2
1 19
5 1
2 8
10 15
7 7
16 16
11 20
3 8
42 49
3 72
13 37
2 4
3 18
13 3
1 2
5 21
4 2
14 8
12 4
20 7
12 12
4 1
12 23
17 38
41 69
44 45
9 3
12 15
18 19
15 9
19 20
6 14
5 3
14 18
16 2
2 19
1 4
10 51
6 3
12 13
6 11
16 20
8 1
1 19
12 17
5 1
19 30
46 62
13 8
46 66
45 96
3 1
2 18
6 13
9 15
4 6
17 62
24 80
3 61
21 45
7 5
11 13
20 10
5 15
4 13
8 4
11 6
11 19
1 1
35 134
3 4
15 4
20 5
17 14
10 2
3 95
63 115
57 99
26 102
52 140
83 147
35 159
65 31
36 67
53 8
6 2
1 15
4 2
12 16
5 16
10 4
12 17
8 6
75 106
66 64
40 67
69 24
48 47
59 44
27 138
28 34
1 4
3 10
6 9
44 110
60 65
32 83
15 107
51 16
23 71
8 2
2 19
2 7
6 3
2 1
7 14
16 1
17 2
6 16
8 8
34 12
39 85
25 105
13 71
27 101
26 91
41 112
22 46
10 2
1 15
4 12
9 15
1 16
14 4
3 2
8 10
1 5
9 19
18 1
5 8
2 27
49 122
11 51
14 92
50 34
7 4
2 1
1 7
13 12
20 5
9 9
6 5
20 20
8 7
85 149
62 81
12 111
43 140
16 3
45 45
16 174
86 167
4 4
4 9
17 14
18 2
10 12
6 10
62 128
6 133
6 24
42 80
1 122
46 25
8 2
5 20
6 17
7 6
9 17
16 9
13 10
20 5
12 10
3 3
58 77
16 116
24 100
2 4
11 15
1 9
4 7
47 92
24 58
28 57
24 9
10 3
15 15
5 10
16 18
15 12
16 3
9 18
12 13
9 5
12 15
6 19
6 8
12 88
68 138
12 62
26 20
29 29
8 142
9 3
1 13
5 13
10 16
5 13
1 20
14 12
9 1
14 2
6 3
6 9
63 20
28 54
22 60
11 93
61 13
11 72
4 3
15 20
3 12
4 5
12 18
4 10
20 122
62 81
20 36
56 103
9 3
8 4
3 10
6 4
11 18
19 18
17 17
5 7
11 2
13 20
5 5
65 85
21 111
8 53
60 55
60 28
4 1
20 8
14 5
15 19
17 1
5 9
56 92
10 43
63 77
28 106
79 47
3 4
3 10
2 8
12 12
8 8
20 120
13 94
42 6
65 41
72 42
40 38
64 45
54 74
8 2
6 16
19 1
9 7
14 18
18 1
8 18
6 3
9 16
8 8
38 10
27 83
47 23
46 60
29 68
27 13
39 5
3 30
3 4
20 16
2 14
6 14
3 3
23 75
23 62
15 59
4 3
3 16
6 12
11 8
12 15
10 8
11 4
36 74
32 42
27 77
14 51
16 12
31 77
30 90
8 24
6 72
1 1
17 17
10 10
16 88
27 76
41 87
42 20
7 89
39 108
48 21
22 56
23 45
31 10
9 5
9 12
19 20
1 11
20 3
18 14
12 14
5 4
18 7
10 8
6 6
27 51
16 26
24 68
57 95
39 5
43 79
3 4
4 17
12 15
1 14
9 3
30 13
23 71
25 72
40 5
38 51
24 3
37 64
2 64
35 79
8 2
7 18
6 12
9 17
19 15
14 19
11 8
2 14
11 6
2 9
19 57
23 43
10 5
18 8
9 5
16 14
16 3
18 11
11 15
2 16
17 3
3 12
15 17
8 4
23 8
13 1
1 8
18 92
18 16
3 66
25 62
29 38
1 3
3 2
10 6
23 156
62 59
23 150
50 2
69 66
50 93
20 40
57 74
13 96
75 164
8 5
16 11
8 4
14 8
1 8
18 7
18 17
6 16
16 2
5 3
68 8
62 45
45 30
24 99
48 39
3 1
4 9
16 2
7 5
5 9
44 115
47 74
21 13
11 52
18 122
6 4
13 12
4 5
5 8
8 9
5 18
12 7
8 9
5 6
18 35
4 9
24 8
34 101
13 12
2 32
17 46
1 4
16 16
10 7
31 6
39 51
11 40
23 62
19 69
5 12
39 22
41 14
37 116
26 114
9 2
19 6
8 1
6 14
20 7
11 8
11 5
1 20
5 2
13 16
2 4
20 79
57 77
4 4
12 3
19 10
17 13
6 14
5 3
50 56
88 103
35 139
86 158
62 104
10 3
4 18
16 16
3 18
17 6
4 7
14 11
6 11
18 2
7 7
4 12
1 2
35 60
10 5
4 9
9 16
3 2
5 11
20 13
15 7
13 18
4 14
15 19
19 19
6 7
40 38
35 59
33 60
35 8
35 75
10 65
5 1
19 2
20 6
1 8
16 7
4 4
9 4
31 63
35 37
10 66
14 114
31 100
28 55
2 15
62 109
36 66
9 5
10 7
4 16
14 15
5 10
17 3
13 5
8 10
4 18
12 15
2 4
31 107
30 68
8 1
10 15
19 16
18 2
11 18
15 15
7 20
15 4
8 4
7 2
19 36
39 53
36 6
35 19
37 74
24 40
12 43
10 4
9 11
4 3
16 18
7 16
16 9
14 18
12 3
17 6
13 16
2 2
1 5
28 71
1 4
14 12
1 4
39 41
1 4
13 13
3 5
51 50
48 49
55 53
6 2
17 8
7 16
5 7
8 4
11 16
7 16
3 5
27 91
48 107
34 50
2 1
3 15
14 7
5 9
64 10
43 32
15 13
7 123
54 63
7 4
14 1
17 10
19 11
5 14
8 15
12 17
9 1
2 8
32 97
68 33
10 3
5 9
2 7
14 1
6 7
9 19
2 17
20 18
1 9
9 5
3 13
6 7
55 29
28 67
58 87
15 109
60 107
46 15
7 5
5 15
1 7
4 19
5 5
11 11
12 9
6 1
3 6
13 127
2 111
67 12
6 4
14 1
8 5
10 6
1 19
16 11
14 11
2 9
18 46
22 31
1 2
5 14
10 2
42 160
8 47
9 145
47 24
34 53
19 161
51 77
24 44
9 28
27 34
10 1
13 20
20 11
10 18
17 4
10 7
5 9
7 9
2 7
19 12
15 2
6 7
8 62
39 12
12 54
60 108
54 79
36 132
10 4
16 18
2 4
18 3
10 10
14 16
13 1
15 12
16 16
10 15
18 12
2 9
16 91
56 86
9 3
8 20
18 9
18 9
2 14
8 6
1 10
6 1
4 18
16 15
5 2
19 17
51 54
7 65
18 47
34 10
1 3
14 18
8 5
43 45
48 59
4 87
39 2
22 105
40 1
7 82
39 102
8 4
17 7
5 1
16 8
7 2
2 16
2 6
17 8
16 2
9 10
29 12
4 16
20 30
67 160
27 157
47 88
31 51
43 102
11 160
9 1
10 9
9 18
19 13
17 18
20 13
20 18
13 19
14 16
8 19
5 5
29 1
56 10
39 56
33 61
40 50
8 2
14 17
13 17
15 5
2 10
20 20
2 11
1 8
5 1
9 6
27 117
60 36
75 143
25 122
29 105
45 111
57 31
33 7
74 54
8 1
4 19
18 2
16 20
13 11
13 5
12 2
19 12
17 11
7 2
7 33
50 134
27 90
61 14
66 64
74 112
62 98
3 3
17 11
4 4
12 9
5 4
14 41
13 99
41 53
32 43
26 32
3 1
14 12
3 12
15 4
8 1
13 108
51 41
54 3
29 90
52 54
12 122
45 19
38 78
2 3
19 1
18 13
5 10
57 110
22 133
53 67
6 93
62 118
5 2
16 8
12 9
14 7
6 5
7 18
3 6
11 82
28 37
23 1
2 2
6 12
5 18
6 5
41 108
19 13
1 132
66 139
62 66
33 6
8 4
20 18
15 14
15 20
4 18
20 14
3 18
6 5
1 16
6 8
39 104
74 86
1 36
70 40
77 25
58 125
10 4
12 12
7 2
20 18
8 10
17 8
20 14
11 7
15 4
18 12
14 13
2 8
14 58
50 20
5 4
2 15
8 18
5 9
8 10
6 5
2 8
9 28
22 32
10 4
4 7
18 20
3 20
19 16
2 13
20 3
19 1
16 19
11 17
9 6
9 4
66 99
13 6
9 66
66 94
7 140
78 64
12 30
46 119
24 26
2 4
14 13
16 20
3 5
42 128
15 115
19 90
8 2
17 19
3 4
3 15
11 2
4 20
15 6
3 18
7 5
7 9
18 65
51 126
48 50
23 56
34 151
26 124
54 20
5 4
9 19
2 13
16 10
3 14
17 4
8 2
34 16
11 49
40 99
21 57
24 67
21 52
58 56
4 100
5 4
6 18
5 16
13 12
6 7
16 6
5 4
1 94
66 106
59 135
20 92
38 53
6 4
14 20
4 13
16 10
12 7
4 5
4 7
5 1
87 134
5 119
80 167
37 35
84 43
2 1
4 3
7 9
2 6
55 13
21 71
2 1
16 20
6 9
8 8
73 47
31 108
16 83
55 35
15 10
60 138
8 17
59 105
2 4
1 18
5 20
2 7
17 37
43 63
6 2
11 1
3 7
13 20
8 11
19 13
5 19
8 10
24 62
14 42
14 40
9 50
14 24
48 3
8 47
12 2
7 4
1 13
5 18
11 17
6 1
8 15
7 14
11 14
9 3
37 93
36 91
68 150
5 113
66 114
10 85
71 106
4 127
61 130
4 4
10 8
3 15
20 8
12 10
2 9
70 79
15 82
7 5
19 18
13 18
11 18
10 10
9 15
12 4
16 3
3 5
15 24
40 25
26 65
3 3
10 8
1 11
17 6
7 5
49 38
29 38
78 33
31 172
49 62
15 34
27 59
7 3
13 11
10 9
11 19
8 7
1 16
1 1
2 14
4 5
35 53
56 105
39 55
78 89
5 4
17 19
10 15
18 20
5 10
11 9
4 9
59 83
51 17
72 132
84 170
1 4
18 17
5 7
22 50
19 66
14 7
50 76
8 77
7 5
5 14
1 6
1 8
6 12
8 13
10 7
3 18
8 3
28 147
57 67
30 61
43 47
63 130
4 10
68 111
59 43
1 3
11 5
5 3
27 173
79 99
63 9
85 134
51 69
10 2
5 14
4 8
20 17
4 2
5 3
14 12
18 1
5 13
2 10
4 10
8 4
56 17
59 55
51 47
28 87
72 136
24 75
24 41
73 62
1 5
1 13
1 10
31 47
1 4
6 10
9 1
33 75
36 79
17 37
24 54
39 11
23 4
40 3
10 29
22 67
1 4
5 3
10 2
17 34
37 44
38 142
33 43
59 83
19 75
10 83
43 52
4 136
34 123
10 2
5 4
8 1
1 20
9 17
17 8
11 20
8 9
4 20
8 2
16 2
1 2
44 92
1 2
20 16
4 4
32 28
33 63
28 33
1 90
5 5
16 16
8 13
6 15
12 8
9 12
4 7
18 17
36 37
5 15
26 62
7 4
6 9
13 11
7 4
5 3
7 12
13 14
11 8
1 1
53 156
7 5
3 8
4 4
2 1
9 14
9 1
11 12
8 8
6 8
47 126
5 127
28 103
40 143
50 47
12 58
5 4
8 16
7 19
19 1
11 14
18 12
4 5
46 10
5 73
30 17
15 44
4 3
20 2
3 5
19 1
9 10
4 4
38 90
24 118
48 154
67 124
1 3
12 17
9 10
46 51
8 75
58 61
29 84
15 50
13 3
48 44
44 87
26 21
3 2
3 20
20 1
8 11
1 1
36 14
7 1
7 6
2 12
8 19
14 1
14 11
2 3
9 18
8 5
35 102
13 75
49 49
31 15
48 79
23 37
31 29
47 42
10 3
2 1
19 5
15 18
9 16
6 2
15 8
13 8
3 17
8 18
7 5
8 5
4 56
42 84
34 19
12 38
37 83
25 53
39 90
25 32
9 1
3 15
11 10
13 5
15 15
20 16
17 17
15 18
5 17
3 12
1 10
8 109
4 1
15 18
9 17
14 1
13 13
5 4
14 53
28 76
41 47
31 79
40 54
5 3
7 16
19 3
11 6
4 15
1 10
8 7
1 126
52 59
28 88
81 23
15 162
21 91
35 44
28 68
2 1
3 6
15 8
4 8
16 21
24 26
3 14
32 1
5 3
14 20
14 19
19 16
13 19
16 14
9 6
24 50
39 38
11 60
7 36
12 80
12 53
39 25
36 10
4 69
4 4
6 1
16 18
8 6
12 19
4 8
27 91
47 26
63 105
29 58
5 5
13 11
20 7
3 10
5 5
11 13
5 10
65 134
24 74
39 65
43 133
24 146
10 3
7 13
18 20
16 3
6 18
10 6
8 16
12 10
9 14
10 16
20 13
10 7
25 94
26 77
45 118
46 40
78 83
54 5
34 112
11 119
77 118
27 43
10 5
2 2
4 14
15 16
1 1
11 16
3 14
16 3
6 14
18 12
14 5
9 9
22 124
47 17
67 134
53 116
31 51
18 66
27 118
35 33
23 51
4 4
5 4
18 19
17 7
3 16
3 3
41 65
16 83
12 42
5 1
16 4
10 16
2 5
15 18
3 13
4 1
12 49
39 17
39 19
3 97
5 3
20 13
18 14
11 20
12 2
14 20
10 8
44 34
12 18
22 4
23 35
28 80
14 47
33 78
13 46
26 126
63 77
8 2
3 16
6 2
9 8
5 9
10 7
5 3
9 13
20 2
5 5
8 99
28 173
81 67
87 142
24 50
1 4
17 17
1 7
68 41
3 3
11 13
8 2
8 7
5 9
54 101
26 109
42 17
8 105
60 52
9 4
14 2
2 14
10 10
17 4
6 2
1 20
11 2
7 5
18 17
6 5
27 110
27 14
17 59
58 93
43 28
3 63
1 4
9 1
8 5
23 80
29 51
41 41
11 39
41 4
40 57
37 4
42 51
5 5
4 8
14 11
13 4
3 6
14 18
2 6
80 124
29 74
6 4
15 2
13 17
18 1
6 6
7 7
1 10
9 7
63 92
68 67
68 19
8 58
36 12
1 107
41 4
21 117
24 110
7 3
10 6
16 8
9 15
18 2
1 20
19 8
6 5
9 5
39 8
50 132
60 128
45 107
59 136
51 80
40 60
53 70
12 124
1 5
17 1
4 10
56 143
71 99
55 85
3 16
9 5
5 6
4 10
3 20
11 8
6 12
3 6
10 7
3 10
16 19
3 4
15 30
53 34
58 83
2 5
1 9
1 13
3 9
36 93
62 124
45 6
3 5
2 6
15 7
6 7
9 7
4 39
8 70
59 109
59 118
48 94
12 59
7 106
30 47
56 37
9 2
4 12
18 4
9 10
20 5
20 13
17 13
8 18
18 8
4 6
4 1
5 58
34 75
31 53
11 102
1 1
8 12
3 5
20 69
33 100
7 7
3 4
13 7
19 18
10 19
2 5
41 94
82 40
9 4
16 11
16 19
2 19
5 8
15 7
6 3
7 20
12 15
11 8
6 5
62 82
19 100
65 162
2 21
78 104
66 113
7 5
18 3
17 4
5 3
5 16
10 14
2 5
6 15
4 4
46 68
3 38
50 5
47 26
10 5
20 2
1 7
2 4
20 20
12 4
11 13
8 4
3 17
2 10
1 20
5 5
28 96
31 25
25 96
11 46
20 118
8 4
16 13
16 14
16 14
18 14
4 20
10 19
5 13
13 8
10 5
52 143
59 72
62 120
46 111
44 72
34 69
61 6
33 54
12 25
64 145
7 3
19 2
8 9
5 13
17 20
13 20
15 12
6 9
4 7
52 37
3 22
7 43
48 30
8 5
3 20
10 11
12 20
5 14
10 17
6 7
3 9
16 16
4 9
22 47
44 57
11 31
10 7
3 4
19 15
1 7
17 2
10 1
11 40
41 78
11 115
58 93
10 15
24 29
47 105
31 104
10 116
25 30
4 5
13 10
12 15
11 19
20 9
9 3
56 13
26 35
32 117
17 109
21 12
45 109
17 120
28 123
65 38
10 4
19 4
10 20
6 1
3 20
13 8
5 20
11 7
12 2
12 7
10 3
5 10
11 38
46 167
48 104
6 34
2 51
7 2
4 8
19 3
19 15
20 8
13 13
2 19
19 15
2 1
16 66
4 53
3 4
14 17
13 3
8 10
2 4
11 61
19 71
10 3
14 1
17 11
6 18
13 7
13 10
14 9
2 20
14 7
17 19
2 8
2 1
2 2
57 120
1 4
5 9
9 4
2 62
6 33
12 12
24 13
31 15
33 80
32 52
16 7
9 48
3 4
1 9
15 19
15 5
7 2
22 99
72 124
55 44
35 88
78 100
2 146
26 57
10 2
18 11
12 10
2 7
13 6
14 7
8 6
16 18
7 12
1 8
16 5
3 2
24 152
56 108
5 22
3 1
2 3
13 12
2 1
8 10
6 118
75 22
32 113
14 101
11 155
7 144
30 108
22 79
7 4
1 18
2 8
13 12
3 17
19 8
9 10
13 17
9 7
60 95
23 80
39 115
6 135
76 151
12 125
18 90
63 89
76 39
3 2
2 7
11 5
16 17
5 2
11 77
44 31
4 97
36 109
63 90
3 5
3 8
20 9
18 12
10 3
30 31
73 131
72 137
40 102
2 133
45 27
45 113
12 61
69 61
8 44
8 2
16 5
14 15
15 5
9 7
3 15
10 3
6 10
2 15
2 4
21 117
45 15
8 2
18 6
4 14
16 15
6 1
16 14
20 19
18 11
18 16
4 1
25 16
36 8
14 94
12 60
5 3
6 2
2 8
1 20
15 15
5 15
8 1
69 146
12 15
37 129
41 106
45 42
25 133
72 73
19 135
1 2
16 20
6 1
54 96
39 58
23 30
37 66
29 35
51 38
7 4
4 19
9 17
16 3
14 5
7 1
9 20
10 16
10 3
59 52
45 9
49 54
59 47
44 96
40 40
22 123
46 97
59 101
8 63
5 3
10 13
17 18
9 19
1 13
14 13
2 3
54 23
30 11
4 2
10 4
3 2
12 17
17 14
5 4
60 80
55 22
11 105
10 79
41 125
1 1
4 15
8 8
22 61
31 29
26 65
16 83
7 11
4 41
3 48
48 17
8 4
14 3
5 12
11 6
10 20
8 1
13 5
17 15
8 9
7 6
18 40
51 58
8 63
49 43
17 90
32 5
49 118
6 4
19 6
8 12
2 11
18 15
11 17
12 20
6 6
1 11
24 53
24 53
19 88
48 39
48 42
4 5
12 6
2 9
18 20
1 15
3 10
4 18
38 47
10 58
4 3
12 12
13 20
5 17
5 15
6 10
13 21
32 13
65 20
65 10
42 132
19 34
2 2
16 13
2 9
4 5
41 97
22 111
50 98
53 137
2 5
17 8
14 13
6 2
42 79
4 94
44 29
23 90
23 62
1 46
3 2
10 13
17 4
5 13
3 1
66 65
72 160
19 91
9 3
7 8
10 14
2 19
20 2
6 1
13 15
19 8
19 11
20 11
3 1
2 93
27 3
58 120
4 3
6 13
13 10
7 1
18 3
9 9
43 75
35 48
9 1
38 74
4 69
54 87
24 119
26 50
13 49
4 4
7 4
13 7
9 18
13 4
6 4
27 51
12 35
26 7
24 6
9 83
10 77
4 1
3 15
16 4
9 14
5 16
2 4
16 20
79 18
3 1
7 4
16 14
3 7
8 8
45 150
2 61
48 157
70 5
20 124
68 9
68 130
79 41
8 1
14 9
18 9
1 13
10 9
17 15
15 6
6 20
12 9
10 6
44 59
32 71
40 43
35 15
11 44
46 91
44 38
1 65
32 90
18 29
8 2
7 14
4 14
17 4
19 10
15 16
18 8
2 1
15 7
6 2
56 4
19 111
52 100
17 40
72 119
67 60
5 4
1 20
6 14
20 1
8 13
13 4
10 6
55 82
51 24
28 45
16 51
51 102
52 56
46 60
53 68
13 70
42 46
9 2
17 17
12 14
8 5
3 17
13 20
3 3
1 1
13 4
8 12
9 6
34 10
9 8
45 89
21 35
26 89
32 45
39 29
35 20
30 79
5 3
11 6
9 20
11 1
18 4
13 5
9 5
32 95
1 4
25 87
43 43
25 33
3 31
23 22
26 11
26 5
3 5
18 16
2 16
10 18
5 5
15 66
44 31
22 42
40 20
28 58
7 2
8 17
18 11
7 4
7 2
5 16
2 4
9 3
1 4
11 42
10 4
11 17
17 3
11 9
19 6
8 20
17 6
2 5
12 11
5 8
12 18
1 9
26 16
1 2
17 20
8 7
3 31
24 28
40 12
7 87
6 69
22 21
9 16
39 110
5 2
1 5
6 14
14 9
20 2
9 12
1 3
34 83
8 5
2 1
6 10
4 6
20 5
14 2
16 12
10 17
20 7
7 8
11 122
5 1
8 98
13 26
36 57
12 136
71 78
6 2
17 12
16 18
1 2
4 12
14 8
12 15
1 3
74 44
8 1
9 13
17 16
5 1
3 14
11 2
12 12
4 19
20 12
5 1
26 118
40 35
23 1
66 15
40 22
6 4
10 14
14 9
9 10
8 13
19 12
11 17
2 1
25 91
21 48
5 1
17 8
10 17
20 9
1 19
18 19
3 5
60 18
31 134
19 105
4 2
16 1
18 6
10 16
12 2
3 2
16 28
1 70
38 21
2 4
19 4
13 3
10 8
42 16
33 29
34 95
8 64
47 85
47 7
34 25
27 51
41 4
14 19
10 4
4 13
18 3
18 2
11 1
19 20
17 9
16 16
20 1
9 7
1 9
6 4
52 41
52 33
76 146
20 57
33 87
64 38
8 1
8 12
3 18
5 5
1 18
20 14
1 5
5 2
14 13
9 2
44 155
21 109
27 110
75 115
80 160
63 142
20 23
24 96
63 45
9 1
14 3
19 1
16 17
18 10
3 14
16 12
5 19
10 5
9 17
2 4
6 11
42 100
2 5
19 6
4 10
4 3
40 48
25 59
44 11
31 38
7 5
3 5
19 10
3 3
3 5
13 8
6 16
11 4
3 2
54 94
65 94
61 120
10 5
5 15
6 3
15 10
18 8
20 19
12 10
9 1
18 4
15 13
18 1
4 3
27 13
33 70
50 83
24 59
8 2
20 11
15 5
10 10
8 5
9 8
19 9
1 4
20 13
8 5
30 94
34 108
23 3
28 34
45 82
36 105
12 54
13 25
8 4
16 14
18 12
15 18
4 7
1 11
20 12
12 6
17 13
7 10
71 40
45 60
11 51
55 136
48 123
3 110
45 4
4 2
12 20
13 3
4 9
4 13
5 5
39 15
27 4
38 89
27 37
36 43
5 2
20 5
3 7
19 19
12 18
8 15
6 7
16 9
55 104
39 69
54 102
15 44
19 108
9 3
14 10
7 5
2 15
17 9
6 19
8 7
18 9
13 1
2 19
1 5
53 38
1 4
17 10
5 9
44 107
46 99
51 99
8 130
16 119
5 2
12 14
3 20
17 18
4 1
1 2
5 10
48 89
40 96
17 12
16 83
6 20
6 1
6 7
2 1
9 10
3 18
5 20
15 18
8 3
65 113
60 140
47 23
62 81
51 114
12 76
58 99
3 34
2 1
6 6
12 18
7 5
71 54
76 166
48 161
54 166
51 70
69 117
46 79
4 2
10 5
11 17
15 3
16 20
4 6
64 107
54 67
67 75
71 160
7 1
8 1
7 20
1 7
7 14
2 7
14 12
16 10
6 3
38 15
22 122
61 34
11 30
42 151
11 141
5 5
2 6
8 15
17 1
4 11
16 19
1 2
1 116
5 2
7 9
14 1
2 17
7 16
12 3
4 7
29 12
5 25
30 31
27 72
10 1
15 9
19 18
13 7
10 3
10 3
10 11
3 3
10 10
7 16
2 5
5 3
47 14
43 8
44 59
28 38
13 56
3 5
11 9
1 15
5 2
5 9
25 28
34 11
36 40
65 74
62 6
7 3
20 19
15 16
15 12
14 14
13 13
14 5
2 8
10 8
19 59
36 79
4 75
7 18
1 12
27 60
11 3
27 37
4 51
41 58
8 1
18 17
11 2
17 8
13 19
5 5
1 15
8 16
16 8
9 4
24 103
19 70
54 20
21 105
18 29
24 79
1 53
18 96
45 82
1 4
9 19
3 6
22 42
5 80
25 32
4 4
18 10
12 6
12 5
13 2
6 3
33 70
34 116
14 91
53 72
17 165
23 118
10 5
16 8
7 2
13 5
2 6
13 1
12 6
20 16
4 3
2 11
19 5
10 8
12 76
48 77
32 3
19 17
46 26
48 121
21 79
48 71
55 74
12 21
3 1
9 15
11 2
8 9
3 2
19 128
38 68
32 161
3 4
15 16
11 15
8 10
10 6
23 65
16 18
19 118
6 81
52 21
70 126
71 69
4 62
15 109
8 65
6 1
3 5
15 7
5 1
18 1
12 7
9 19
4 3
18 33
64 118
28 152
17 145
5 1
19 15
12 2
11 3
5 12
11 16
7 10
4 13
6 98
50 78
51 69
55 91
15 72
51 100
8 3
3 14
13 15
3 11
9 10
13 9
15 10
13 19
11 12
8 5
56 8
17 15
21 98
69 30
7 36
44 78
42 19
66 58
7 2
13 8
2 6
3 10
18 4
8 2
14 9
17 1
2 10
8 43
18 40
5 3
2 14
6 5
4 9
11 4
18 2
7 6
61 109
51 137
37 143
8 149
84 79
49 29
48 64
2 1
18 2
18 2
6 4
35 170
83 149
22 81
25 20
47 66
85 83
4 5
16 8
6 11
5 10
15 20
6 9
5 26
3 2
12 22
7 36
6 62
44 38
8 5
11 10
18 5
17 4
6 10
5 19
15 14
3 14
19 16
4 3
35 26
19 16
76 48
45 161
10 2
5 19
6 1
5 7
13 14
12 20
20 1
14 2
6 5
10 11
13 15
10 3
25 82
12 22
23 15
1 48
35 82
10 1
24 70
44 7
3 10
31 6
7 1
6 13
8 18
4 16
8 19
12 15
1 4
12 9
6 9
4 66
22 58
31 77
2 50
30 24
27 43
6 5
11 11
19 14
3 3
1 20
14 1
14 6
4 9
16 78
6 44
54 56
26 91
2 3
10 9
17 18
9 5
6 103
8 91
16 82
57 101
2 35
47 17
15 66
36 43
48 41
1 3
10 16
5 1
2 62
69 45
14 110
43 123
27 87
2 1
13 3
1 18
6 3
35 59
37 13
41 38
33 21
16 114
62 36
9 3
17 13
6 8
15 16
18 9
9 1
17 10
15 16
14 12
18 14
6 9
15 1
42 90
12 104
47 48
44 89
27 27
8 3
17 5
14 1
7 12
8 12
6 13
18 17
5 14
14 13
5 2
27 8
14 40
57 26
16 84
8 49
6 1
3 5
5 3
12 19
7 17
20 18
16 18
8 2
13 108
27 67
4 87
32 72
16 126
51 122
4 17
65 31
9 1
16 13
10 2
1 12
14 17
11 17
16 3
4 20
1 15
17 6
10 5
63 9
51 104
34 46
27 137
24 3
5 84
65 134
14 13
1 7
16 26
3 5
19 17
1 4
13 19
3 9
14 118
74 124
55 3
7 1
11 7
1 17
3 13
17 14
17 17
5 14
5 8
4 6
54 112
15 76
41 98
14 109
7 4
16 8
8 14
15 17
10 18
17 16
4 5
6 12
5 2
40 66
15 59
7 10
3 16
6 31
9 5
2 4
12 15
11 10
20 11
18 7
2 17
6 8
3 18
10 1
4 4
36 26
7 21
62 79
53 60
9 3
19 19
18 10
20 13
13 13
13 5
7 18
4 16
18 20
20 5
5 10
14 94
16 65
42 7
11 77
30 34
8 4
17 16
10 17
16 14
20 9
20 1
11 5
12 8
12 8
9 6
19 3
35 149
33 63
80 122
20 128
77 147
74 159
6 136
11 112
10 5
8 11
7 13
5 6
8 2
13 2
2 1
1 3
16 16
8 5
13 17
9 7
25 72
27 32
4 126
72 58
22 163
37 132
75 21
63 151
34 103
1 2
8 20
9 3
43 60
43 101
23 77
13 46
31 10
42 15
35 51
5 98
12 46
6 4
17 2
9 8
6 2
18 4
18 17
15 4
7 3
26 122
33 139
70 163
72 73
18 31
25 40
79 109
6 5
13 12
11 7
5 5
14 9
4 16
1 11
3 3
21 48
3 72
25 22
7 2
18 9
12 1
2 6
2 17
4 8
5 2
9 18
5 3
17 80
39 72
25 29
1 85
37 33
2 2
18 20
20 11
7 1
19 103
70 144
21 120
41 63
8 40
66 123
65 89
10 3
19 15
1 2
6 17
7 3
15 14
4 1
9 19
7 4
19 15
3 18
2 7
39 33
2 30
3 4
18 9
11 17
1 5
2 4
47 120
11 63
7 1
7 20
20 14
4 5
11 20
15 9
13 8
20 15
2 7
30 70
3 20
1 1
16 14
10 4
12 26
55 161
77 55
14 99
80 36
30 115
45 150
43 91
53 157
1 40
1 2
15 5
6 1
47 65
49 36
49 55
49 59
44 12
27 89
8 2
17 13
8 5
3 7
18 17
7 4
17 16
17 12
2 16
3 3
56 9
52 2
33 71
10 2
18 3
18 16
15 16
18 5
9 11
19 10
17 14
5 16
3 3
12 14
6 10
39 30
44 96
34 38
42 10
22 71
53 59
8 1
7 10
18 20
7 5
10 12
13 13
1 7
15 10
17 8
6 10
70 100
89 81
70 13
7 107
65 61
20 64
7 4
11 9
20 20
16 14
20 1
14 4
13 8
12 19
7 1
43 112
7 92
61 8
69 124
68 128
13 26
73 126
5 2
1 3
1 11
11 12
10 18
13 11
2 2
44 83
46 105
3 2
18 17
9 6
6 18
5 5
45 2
42 98
21 108
25 44
28 28
5 4
4 14
7 7
6 2
11 9
20 5
3 10
44 7
59 116
38 93
1 2
14 9
3 2
81 103
72 141
13 115
1 3
7 11
3 6
4 100
32 53
4 65
7 3
6 12
16 12
17 15
7 3
4 13
10 20
1 6
10 1
26 110
45 96
90 169
46 20
57 58
89 77
71 141
25 35
7 115
86 149
7 2
7 17
12 20
3 16
10 14
13 16
11 20
4 8
2 6
27 12
45 30
3 4
6 12
18 3
15 4
7 3
9 3
47 90
5 44
27 90
18 59
19 173
83 109
10 4
6 6
20 13
1 14
2 8
16 8
16 20
18 17
18 14
12 19
12 2
6 4
4 66
39 144
46 9
43 12
30 17
71 115
10 4
18 3
18 13
13 18
14 12
18 15
8 16
20 2
5 10
20 13
1 11
1 3
13 15
9 3
2 4
19 5
6 1
2 20
8 10
8 13
5 2
8 11
7 2
9 4
37 36
16 97
45 47
22 76
47 94
56 19
6 21
12 106
32 35
7 3
4 20
13 15
13 4
6 19
18 4
9 19
3 17
8 1
22 10
35 80
33 84
27 60
72 14
32 83
39 84
52 97
1 3
6 9
3 5
28 92
83 56
28 82
2 3
8 17
7 17
3 9
20 3
35 122
35 97
2 1
20 15
13 2
10 4
60 124
71 74
67 75
33 96
44 103
31 39
40 8
62 32
31 118
36 62
8 2
14 7
14 1
9 14
2 20
14 1
4 12
13 1
9 7
8 7
29 57
28 80
28 147
19 144
47 116
81 97
56 120
32 9
10 2
5 14
4 1
4 7
11 4
13 19
17 12
11 20
7 2
2 10
5 6
3 10
62 85
1 98
14 65
2 1
6 19
10 17
2 10
28 69
47 28
6 5
11 20
12 14
10 12
5 12
5 19
6 2
6 7
12 29
35 28
50 4
64 90
45 127
49 90
4 4
11 13
18 8
1 9
11 8
2 9
12 118
69 61
1 1
15 1
9 4
41 128
18 10
18 3
73 92
9 102
4 29
42 44
68 12
47 139
6 4
20 11
11 4
3 7
9 3
17 1
8 6
4 1
41 5
29 83
44 7
28 10
9 4
7 14
1 4
16 17
14 4
10 18
17 8
14 8
5 3
4 20
1 10
4 95
2 5
20 8
15 17
2 9
3 17
11 61
10 3
16 12
7 10
8 8
19 18
13 1
10 6
9 6
10 20
3 12
12 11
6 3
56 104
54 106
19 64
26 97
1 15
24 16
9 1
17 16
12 17
14 13
7 19
3 3
10 16
4 9
3 1
9 17
6 6
26 89
23 75
52 10
5 76
29 19
31 91
2 4
18 11
18 4
3 7
34 51
24 66
20 10
5 5
7 3
11 19
6 17
5 17
3 13
1 8
7 12
9 5
14 9
1 5
3 3
1 13
1 18
8 3
8 15
8 2
15 14
7 4
11 54
27 28
28 20
16 80
45 92
18 67
26 21
10 5
6 4
4 7
17 15
15 20
19 14
12 16
2 15
6 5
20 7
10 1
6 3
22 71
27 89
41 59
14 85
29 12
40 19
1 3
1 11
2 9
62 109
68 30
6 2
13 2
13 4
17 20
6 13
1 20
4 4
6 8
17 13
25 53
34 20
12 46
43 86
43 71
1 5
6 10
4 10
18 82
31 54
68 106
35 11
1 2
19 2
4 4
12 78
62 15
80 28
35 108
10 2
9 10
7 12
16 20
8 14
4 20
11 16
6 2
2 17
17 16
11 9
9 5
34 16
39 70
20 29
4 58
37 84
37 68
3 47
25 84
16 76
6 5
15 13
8 14
8 20
3 7
14 1
3 5
8 4
77 72
21 59
66 165
59 124
15 136
30 61
27 86
51 10
1 2
8 18
3 4
21 17
81 38
14 174
2 5
14 14
12 9
1 5
46 12
7 4
17 11
1 9
17 11
3 16
11 16
14 14
20 8
9 10
27 16
39 25
9 16
1 34
11 87
29 47
16 9
21 34
13 78
8 5
15 8
13 19
4 7
20 10
3 12
1 11
12 9
8 14
8 1
43 50
17 10
33 17
2 26
32 67
33 76
27 33
47 70
7 3
11 18
17 13
1 17
4 7
13 17
12 19
19 5
1 7
39 26
7 4
15 8
9 2
8 16
15 14
13 20
10 16
4 5
1 6
65 28
7 2
19 9
15 17
10 17
18 20
7 10
8 8
15 16
2 1
20 29
56 25
1 5
12 4
1 6
10 48
7 4
10 11
18 8
4 15
17 9
13 17
9 1
6 4
5 9
38 24
19 35
48 20
8 26
29 23
5 5
15 20
1 12
13 18
4 11
16 9
1 8
60 151
3 4
11 3
6 19
17 16
7 5
27 49
4 5
32 4
16 71
32 68
28 30
31 36
1 4
17 3
7 4
57 36
28 48
22 55
47 90
36 85
12 18
34 40
7 3
2 16
2 13
9 12
14 15
15 6
1 18
1 18
7 7
73 138
70 75
9 68
20 139
18 25
44 121
2 39
1 4
1 1
3 1
25 77
28 56
1 85
3 4
8 1
6 20
20 9
7 5
47 70
17 8
36 50
50 19
12 39
48 16
6 16
6 4
10 15
6 4
18 9
1 8
16 20
10 17
5 8
19 39
48 6
27 33
20 76
19 28
2 5
8 20
15 13
7 3
21 126
48 88
77 71
45 24
66 85
54 143
50 24
3 1
20 1
16 13
12 1
1 3
44 13
1 2
16 2
2 1
26 87
4 6
7 2
15 19
19 13
10 2
13 17
9 20
11 13
6 2
7 1
75 93
55 12
33 5
30 18
62 104
74 15
55 64
2 2
2 5
9 4
2 4
31 25
37 49
3 3
6 7
17 1
19 6
6 1
34 79
29 5
1 6
43 68
33 92
11 96
6 2
7 4
14 20
12 6
12 6
3 9
15 12
7 1
84 4
15 91
76 56
54 103
55 119
79 56
81 83
4 1
20 1
17 8
16 12
4 15
9 5
12 107
45 127
64 151
45 91
61 57
35 154
63 88
72 141
65 145
9 2
9 14
14 15
3 5
15 19
9 7
17 10
10 13
19 6
10 5
8 7
59 31
27 102
26 26
50 4
37 22
45 104
46 16
10 44
2 1
18 12
5 4
10 4
71 151
39 122
22 126
73 17
53 16
38 122
34 147
2 136
1 137
63 12
3 1
13 13
10 7
3 19
9 1
68 32
33 64
48 87
37 13
36 104
56 10
64 52
52 138
34 35
2 3
12 8
5 7
10 10
54 17
51 24
45 118
21 88
50 46
11 96
3 60
38 56
54 35
22 28
1 1
8 20
6 10
28 95
6 77
18 85
34 50
9 90
22 51
7 5
16 20
1 13
7 11
6 1
4 16
20 4
2 19
9 4
59 81
18 62
29 65
51 45
58 11
53 84
57 102
4 42
53 66
7 4
15 13
11 15
17 13
4 5
1 1
13 4
19 12
7 5
14 27
37 33
51 36
31 42
30 69
33 69
50 108
10 3
6 9
12 1
19 5
13 10
16 18
16 9
4 4
3 16
5 2
17 15
5 10
18 64
7 31
25 7
37 8
35 37
1 1
6 16
1 7
56 92
5 2
20 6
3 18
12 7
8 7
1 3
6 10
36 129
22 87
47 100
51 93
11 73
25 26
4 3
8 3
15 2
3 14
20 13
5 4
29 78
23 16
13 39
10 78
32 49
9 1
1 7
16 9
14 6
15 4
16 16
12 11
8 19
13 10
4 11
5 10
11 163
83 4
32 100
5 126
21 57
4 4
5 4
13 4
17 1
1 5
8 4
1 105
20 102
43 125
22 47
26 17
12 117
36 41
56 113
1 5
11 19
1 4
36 132
3 2
4 5
8 17
9 4
7 3
55 41
10 138
6 129
27 131
63 132
20 151
72 80
8 1
17 7
13 1
8 14
7 13
1 6
6 1
11 9
15 9
6 8
53 75
42 90
26 25
23 1
3 61
54 8
1 5
7 2
2 5
36 74
5 103
8 2
7 2
2 9
8 16
6 1
20 6
7 4
13 16
12 1
5 7
53 134
52 133
32 75
39 73
58 6
4 5
18 19
20 8
20 12
11 18
2 10
15 8
6 88
7 3
17 12
8 5
3 14
2 3
13 10
10 15
4 16
10 6
2 7
44 101
54 52
5 45
65 52
11 10
29 52
22 74
19 48
46 57
10 3
15 10
16 3
17 14
10 4
13 6
2 5
6 4
1 4
15 3
9 4
2 2
9 53
32 36
6 2
5 13
18 8
12 9
11 20
6 9
17 15
8 10
37 45
23 54
21 88
52 75
37 69
34 51
37 21
43 112
8 3
18 6
4 1
3 16
2 14
11 8
16 17
16 7
3 13
9 5
1 61
10 11
11 93
32 20
45 39
23 91
50 15
9 13
8 45
1 5
20 10
2 7
2 50
58 109
3 3
7 14
12 19
14 12
8 2
44 104
42 70
52 17
19 66
31 59
51 89
17 45
26 27
5 2
4 18
17 9
5 16
13 7
10 9
4 9
59 54
34 24
20 23
32 124
4 3
8 19
19 6
19 10
14 12
1 5
5 81
4 5
14 20
7 15
20 7
19 15
4 7
18 95
17 97
33 39
21 69
8 3
5 8
10 16
18 20
18 14
15 3
9 18
8 5
10 19
10 7
37 36
18 14
1 58
24 9
22 52
2 99
5 9
24 31
9 8
2 11
2 5
9 7
9 9
3 6
12 68
38 107
21 48
3 3
4 12
5 7
13 20
8 4
28 131
52 101
42 2
16 135
61 64
70 80
20 124
45 15
3 5
2 10
18 7
13 7
2 4
50 167
11 105
6 2
6 2
7 6
3 1
8 3
17 10
17 2
10 4
35 88
41 11
10 25
53 38
11 101
63 17
74 18
10 68
27 126
56 68
9 5
6 14
20 6
17 5
18 10
19 15
14 20
19 6
19 5
3 16
8 6
10 32
42 88
18 16
12 74
17 56
27 25
31 29
4 77
4 3
9 4
19 13
20 3
3 6
5 6
28 58
6 45
36 51
34 1
24 72
6 1
18 13
17 20
16 20
1 10
18 20
9 4
2 3
71 143
39 70
5 4
16 11
13 16
17 1
17 18
10 15
5 7
16 44
3 71
27 65
4 54
21 98
4 4
8 8
8 5
1 3
1 4
1 7
30 1
10 5
11 16
8 12
20 19
16 9
5 10
3 14
2 5
10 11
13 18
17 7
10 4
48 168
63 58
76 28
84 15
56 97
60 139
55 67
74 141
52 112
81 104
7 4
16 6
15 12
12 14
11 11
1 20
10 5
12 13
1 5
35 112
9 4
17 8
5 7
7 8
4 12
9 9
4 7
10 4
7 6
17 19
3 7
10 157
56 108
44 130
3 1
7 19
14 19
20 20
2 2
1 72
2 24
5 5
9 6
19 12
3 16
4 16
20 6
9 3
26 93
2 101
8 15
59 136
44 7
4 120
25 130
15 71
53 96
9 5
15 9
10 14
20 12
6 12
14 12
2 11
4 13
14 4
1 20
6 9
19 2
24 24
16 49
14 104
14 63
35 68
7 3
15 20
3 20
4 20
14 18
6 3
9 4
20 5
8 10
23 7
35 57
24 42
34 44
16 32
2 19
43 35
28 70
4 1
18 15
10 10
4 7
4 11
6 5
20 77
4 42
10 24
20 19
18 1
8 9
2 2
6 13
11 20
5 9
47 7
27 91
16 92
54 27
10 2
7 1
16 1
10 8
6 3
14 5
9 11
12 5
8 1
3 9
21 24
69 137
57 117
3 2
5 19
11 1
10 20
3 5
46 6
10 5
72 109
9 4
4 3
11 3
12 12
20 19
19 6
18 4
18 5
17 5
15 9
6 2
53 61
37 165
14 157
39 54
68 6
65 160
6 3
20 1
13 8
4 8
2 2
19 5
3 6
5 5
49 148
1 128
77 65
42 14
45 88
5 3
16 16
16 4
8 18
14 15
20 19
5 7
53 60
28 37
2 74
30 87
6 74
7 4
1 6
19 5
15 13
13 9
4 3
8 19
6 3
7 3
38 43
11 59
2 12
6 99
46 55
43 31
2 16
3 5
18 20
8 4
11 3
3 5
11 114
25 33
43 97
5 4
15 12
9 2
5 3
14 6
18 17
2 9
56 143
35 118
2 1
8 3
4 3
7 5
76 52
64 8
49 96
2 74
62 55
46 136
54 32
3 5
10 19
7 10
13 15
1 10
48 5
6 3
14 6
18 8
9 2
15 1
3 1
3 7
9 7
12 74
51 56
78 126
64 49
65 54
47 69
7 113
48 31
12 46
1 5
16 12
2 6
61 93
76 146
6 3
17 6
16 10
14 9
3 17
13 2
3 10
3 1
22 61
1 11
21 35
3 1
7 14
17 2
16 8
10 5
60 19
39 52
83 2
59 77
45 93
3 40
23 12
71 110
23 103
22 158
10 1
9 1
8 18
1 15
7 15
7 4
16 20
17 11
16 17
8 19
5 5
4 5
5 37
13 73
4 15
35 82
5 1
6 10
17 2
19 17
10 7
19 10
5 5
38 28
37 15
61 48
16 99
29 28
1 3
5 17
5 9
46 12
21 82
7 82
6 39
21 17
10 4
7 3
13 17
11 19
2 8
7 20
7 4
19 17
4 9
20 16
7 19
10 5
7 65
33 70
25 12
13 43
31 56
44 4
37 2
1 20
40 50
13 63
8 5
14 3
14 18
10 14
2 20
11 19
13 18
10 4
16 3
10 2
6 69
20 136
6 112
59 24
26 48
41 75
62 123
10 26
40 61
54 94
1 5
4 12
7 3
32 46
28 17
63 53
9 153
18 115
31 61
47 110
4 2
19 16
17 17
18 3
15 17
8 4
21 27
20 49
15 19
43 27
38 51
23 20
39 45
16 26
4 3
6 8
8 8
7 8
4 16
6 9
29 67
56 41
15 24
1 72
23 39
4 10
5 5
9 11
11 18
19 6
20 5
12 8
8 9
33 74
72 148
14 134
44 58
42 50
14 14
31 140
69 83
6 4
19 20
7 4
1 10
19 18
3 19
11 11
9 2
18 102
22 54
2 58
20 51
32 26
30 15
49 94
44 67
7 70
1 2
14 9
6 3
28 100
4 16
10 38
22 56
18 72
31 4
8 5
15 1
5 18
11 4
16 15
18 8
4 20
9 6
18 3
6 3
20 52
3 47
41 57
46 23
4 20
28 19
4 1
4 17
4 18
9 10
2 11
8 7
21 43
21 66
9 66
18 39
26 70
7 57
16 90
24 31
6 5
11 5
14 9
9 17
12 6
3 8
17 12
6 8
50 62
28 24
38 59
17 59
33 88
36 47
4 5
11 9
15 17
9 6
11 1
7 4
19 83
17 95
22 9
19 93
34 66
58 105
43 116
7 1
3 12
1 3
17 15
16 4
19 18
8 1
15 3
7 9
29 56
19 49
3 85
39 18
7 21
20 40
14 40
1 3
14 14
3 5
29 8
39 64
3 21
1 2
18 14
6 8
10 1
14 105
25 52
15 40
58 55
13 56
8 1
11 6
20 16
9 10
4 2
13 9
15 1
9 9
4 15
5 7
53 73
8 26
45 107
11 27
69 64
2 5
9 9
14 4
7 4
87 48
14 7
81 75
49 55
76 98
79 91
25 12
4 3
12 18
14 4
19 13
14 5
2 2
39 85
27 85
7 5
11 3
20 17
5 9
19 12
7 10
8 20
18 18
8 9
47 113
62 123
53 46
2 102
60 32
54 18
49 74
47 98
8 3
14 20
4 19
5 16
2 4
4 7
15 3
3 17
1 19
1 2
80 68
6 3
15 20
13 9
5 13
12 4
8 11
2 18
5 3
36 114
2 136
45 7
2 103
69 121
8 3
9 12
20 12
17 1
20 12
20 7
11 15
6 8
5 9
6 1
7 122
12 55
51 88
61 21
19 41
20 91
3 4
4 11
3 3
17 3
7 9
58 66
44 65
7 103
58 94
35 49
2 95
64 55
9 5
3 16
11 20
3 5
12 13
13 11
1 11
15 14
15 11
13 12
10 6
43 114
51 91
28 40
57 2
31 95
12 83
25 20
54 34
33 115
54 34
9 5
16 16
16 12
8 15
2 6
8 18
3 5
1 7
5 6
15 4
3 6
1 14
12 28
18 84
2 5
16 3
15 2
8 10
17 83
5 5
38 22
6 20
35 86
1 54
14 79
20 82
7 2
1 4
1 16
15 9
6 10
14 19
17 18
4 16
6 6
40 110
81 136
27 94
1 9
49 141
6 106
1 2
7 10
3 3
7 84
11 17
14 3
5 5
13 9
5 2
18 6
20 19
7 2
6 8
18 14
22 70
4 20
41 43
15 78
17 71
2 3
17 7
1 11
6 8
13 39
46 112
25 86
41 105
51 134
43 65
9 4
15 8
11 10
3 4
12 1
20 17
9 8
9 17
18 17
4 11
8 1
64 60
1 102
21 11
7 1
10 147
56 103
18 120
51 93
10 5
1 12
4 8
2 18
19 6
10 4
8 11
8 18
4 6
12 2
10 17
1 5
44 135
1 5
6 12
10 8
14 19
42 34
3 50
35 87
44 53
22 79
41 60
35 29
23 88
38 43
3 3
11 16
18 18
8 2
6 8
29 41
11 91
42 95
41 16
42 53
10 47
9 1
19 13
17 19
5 18
10 13
15 11
14 16
7 17
7 15
13 13
10 5
46 51
40 138
33 54
42 116
53 5
54 122
3 32
41 129
59 86
75 166
7 3
15 15
12 14
13 3
17 10
12 11
15 17
9 12
3 8
10 91
56 54
51 93
4 3
18 20
15 10
18 4
2 4
6 3
9 43
36 31
4 79
13 76
4 2
26 58
2 5
13 9
17 15
2 10
1 48
20 75
9 4
8 18
5 19
20 10
12 14
3 15
19 19
20 15
14 7
12 6
4 6
43 54
44 7
31 50
16 80
1 4
18 15
6 7
35 16
26 13
21 73
25 51
42 82
14 36
10 1
19 20
11 18
3 8
3 19
6 7
14 20
15 16
8 8
8 8
1 15
4 1
7 68
2 68
10 8
23 29
2 3
3 1
4 20
8 1
6 79
22 51
48 27
4 8
38 115
47 19
16 86
28 93
3 3
6 19
8 7
17 10
4 6
71 27
64 144
60 23
36 12
6 3
1 14
15 7
10 7
17 12
5 4
11 15
9 5
7 16
48 2
22 56
7 95
29 21
12 64
24 65
6 52
12 73
7 3
3 5
2 14
15 12
13 3
15 1
9 11
13 10
8 6
61 22
36 106
8 99
62 43
74 76
55 138
16 56
67 69
7 2
3 19
1 20
2 14
19 16
12 19
16 15
13 2
5 2
11 37
27 89
46 36
33 90
19 67
5 2
13 6
20 15
10 16
2 11
2 20
1 4
8 83
2 3
18 2
17 5
3 5
9 130
20 59
60 95
9 2
11 4
15 13
20 17
14 18
7 3
17 8
9 1
2 2
12 17
3 8
27 35
29 64
9 31
8 5
1 15
19 14
3 20
16 20
15 17
17 7
15 8
13 2
2 7
49 92
6 7
1 4
11 18
8 1
35 98
41 51
52 118
62 18
29 57
32 11
57 65
9 75
7 3
12 8
19 20
8 4
14 5
16 9
10 15
9 15
10 10
87 140
48 120
75 53
13 86
4 114
42 69
72 25
37 159
46 8
40 69
3 5
7 1
19 5
10 20
10 7
25 95
73 90
55 106
22 125
11 118
54 110
51 111
72 87
18 34
56 104
10 1
13 13
20 6
9 6
1 19
5 20
11 16
4 3
5 3
14 17
9 10
1 6
64 23
4 1
9 9
17 17
19 11
1 5
10 3
2 70
42 99
7 51
67 19
40 87
17 12
43 124
6 126
62 12
23 74
8 4
5 5
19 5
2 8
3 5
6 14
15 19
1 11
2 3
10 6
9 46
24 71
2 49
61 87
60 87
54 112
47 14
25 90
28 39
25 62
9 3
4 18
6 17
2 3
7 14
16 14
13 5
11 4
19 1
20 2
9 3
35 11
15 31
2 40
28 7
14 8
11 47
39 2
33 20
10 61
1 5
15 5
8 4
6 30
31 48
19 2
35 85
19 85
29 77
23 92
36 88
6 1
3 7
14 20
15 17
9 12
7 6
12 8
10 2
4 7
23 13
38 27
29 23
36 38
17 2
14 29
18 60
27 80
18 34
6 3
13 2
5 20
15 8
2 12
10 2
13 17
9 1
1 68
5 28
21 52
15 52
38 18
17 36
26 47
9 54
15 2
5 1
11 3
12 14
17 5
13 1
15 7
4 4
11 7
34 63
24 13
40 37
10 4
18 9
7 3
6 7
8 11
12 7
3 6
12 11
20 12
10 1
19 6
4 3
71 43
43 100
66 80
21 48
3 2
15 2
9 11
9 19
1 6
32 3
5 4
17 10
1 19
18 17
8 7
19 14
8 10
24 5
24 47
24 32
12 49
38 58
8 91
20 43
39 28
10 1
8 14
5 8
14 5
1 6
19 16
10 17
13 12
16 3
15 9
15 15
8 7
65 65
45 21
30 4
29 79
70 84
24 84
72 31
54 131
2 1
3 18
20 18
8 9
60 98
82 35
39 95
50 74
40 77
82 83
64 86
38 98
4 1
5 14
8 2
20 16
10 18
4 7
13 16
20 52
73 59
52 106
5 4
19 7
7 3
18 7
16 3
19 9
9 10
27 93
4 92
11 49
27 90
12 46
35 73
6 41
20 67
12 25
7 5
1 9
16 1
19 16
5 8
7 16
14 7
5 13
5 5
29 44
13 56
22 41
13 57
14 75
2 2
14 20
19 16
8 10
32 23
58 6
8 116
2 60
15 120
4 84
56 3
4 55
8 1
10 15
9 5
3 13
3 6
10 8
7 13
11 5
11 16
4 6
34 9
9 55
15 11
44 71
3 5
1 5
14 18
20 15
4 8
16 81
4 76
16 35
19 74
4 2
6 14
17 11
14 12
16 8
3 5
55 83
55 152
64 23
9 4
20 9
3 8
11 2
10 17
3 4
18 8
17 2
16 13
18 14
1 5
54 7
3 3
13 14
1 3
5 20
7 7
65 43
5 65
48 85
40 127
15 108
13 103
27 62
9 2
16 5
7 4
16 1
5 1
19 18
8 13
19 9
20 14
15 12
5 8
44 4
3 83
20 16
34 52
6 26
9 4
11 12
4 14
18 8
14 9
5 5
4 18
11 18
4 5
20 5
5 6
74 121
36 144
53 86
10 56
20 28
3 1
8 11
10 18
9 5
8 10
35 63
13 92
19 33
10 25
1 3
37 77
18 91
38 10
2 1
14 19
14 13
7 2
35 28
61 113
19 38
48 132
21 87
47 130
61 2
2 4
2 14
15 7
6 6
40 38
3 78
40 92
48 82
18 71
11 62
10 5
12 7
17 14
13 11
17 18
9 18
11 18
20 11
2 10
1 7
1 7
7 2
9 47
23 39
3 18
28 68
34 82
13 37
7 64
6 3
15 15
8 4
2 9
7 13
3 18
17 15
5 8
1 72
32 27
24 77
29 45
25 105
10 4
3 5
13 2
5 1
2 15
10 18
20 19
5 15
19 15
12 19
14 20
10 9
2 143
29 85
34 29
28 143
72 143
67 112
78 162
62 13
52 145
9 86
8 5
20 9
18 15
10 9
17 17
1 9
14 7
19 2
10 17
1 7
22 111
4 4
14 3
11 10
18 4
11 4
3 10
30 28
22 102
59 90
2 4
14 2
13 6
6 9
59 88
6 80
57 61
33 147
79 105
52 136
8 2
19 7
5 3
10 8
4 10
10 1
1 7
8 5
13 4
10 6
1 131
32 169
1 140
40 136
26 60
15 40
9 132
37 145
35 7
63 95
9 3
9 15
7 16
17 6
20 8
9 4
15 11
2 10
15 16
17 5
7 10
7 79
14 20
22 81
14 18
21 27
9 80
34 72
3 1
8 11
1 2
13 16
5 3
22 52
15 82
4 43
4 47
35 82
6 5
10 7
16 4
19 9
6 10
13 17
20 8
5 4
9 172
18 147
11 42
81 63
65 167
6 1
10 3
9 15
12 8
7 16
17 11
15 15
8 10
7 13
5 82
5 26
2 63
27 40
1 27
43 54
37 43
9 2
5 8
19 10
5 3
6 17
10 1
8 18
16 16
9 11
11 16
4 8
5 34
8 73
36 56
40 14
10 1
16 15
5 20
2 9
9 10
8 13
7 5
2 19
8 15
15 6
6 19
2 9
59 14
26 108
7 1
15 3
1 7
9 18
6 2
16 18
15 12
13 20
1 3
55 71
10 3
1 11
12 18
7 10
12 9
17 14
7 17
19 10
2 12
18 8
7 9
2 6
22 89
8 23
10 3
4 15
5 1
2 12
19 6
19 17
4 11
8 7
17 10
6 18
18 6
4 3
7 122
3 104
39 91
88 70
5 3
12 16
3 2
10 4
4 10
18 13
4 9
75 20
76 59
49 26
10 98
5 4
6 18
4 18
17 18
9 1
12 19
9 7
13 45
30 96
24 96
3 55
10 34
9 12
10 46
41 37
51 65
6 5
8 12
8 1
11 14
12 7
16 9
17 10
8 6
47 85
20 89
22 129
14 69
67 128
66 7
61 1
35 127
8 2
14 5
19 16
4 16
14 1
18 19
10 12
7 13
4 6
1 6
1 74
2 2
12 20
4 10
4 7
41 28
29 62
60 118
40 119
7 2
7 11
19 16
3 18
1 4
13 17
16 13
2 5
6 6
21 80
28 30
21 22
24 57
44 85
34 53
5 5
15 20
15 16
9 13
2 16
2 2
1 8
79 57
4 5
12 15
18 15
2 12
14 19
1 5
51 18
6 5
1 10
6 5
4 12
1 8
17 7
12 14
2 8
35 33
5 87
8 5
4 14
3 10
3 5
3 13
16 13
7 18
13 20
1 9
3 5
3 98
25 57
52 97
10 5
19 8
9 20
13 7
20 17
6 8
7 5
4 10
15 16
14 4
16 1
10 1
49 38
39 6
7 108
28 15
4 95
51 66
12 10
17 17
17 7
50 21
9 3
8 12
15 19
6 11
18 6
2 12
13 2
11 17
11 4
5 10
2 4
27 55
44 72
6 5
13 5
19 19
2 19
3 16
1 5
8 8
4 1
13 51
30 3
28 48
46 50
1 2
12 5
5 9
33 68
19 9
23 21
20 1
23 1
3 5
8 13
3 9
5 6
9 10
10 58
19 1
16 64
18 34
4 99
11 37
53 32
51 60
10 88
10 2
18 2
6 6
5 12
14 6
6 18
6 18
6 1
6 17
11 19
14 2
4 10
74 159
32 71
4 46
63 103
5 5
8 8
13 3
8 13
9 16
8 5
1 8
7 85
4 1
2 20
6 5
9 10
6 19
5 5
28 159
12 72
69 172
7 144
44 141
4 5
20 17
15 17
5 3
20 10
5 4
47 77
21 25
35 36
53 77
57 97
8 1
9 5
20 7
4 1
12 17
16 4
10 9
11 10
8 8
6 6
1 50
36 103
61 53
20 62
20 119
26 77
7 1
5 7
15 20
6 10
20 18
12 18
3 17
10 10
6 10
39 81
18 119
72 158
9 85
53 82
1 72
3 3
10 11
8 1
1 13
9 8
44 57
51 25
34 124
55 148
26 106
35 35
58 126
80 135
84 43
2 1
15 17
3 17
7 7
14 66
32 39
30 42
42 68
27 42
21 28
1 61
1 1
14 8
8 1
22 52
49 46
30 85
4 14
41 6
14 12
25 65
23 67
3 4
20 14
19 6
14 3
6 10
29 10
42 58
43 31
25 86
31 2
26 84
10 5
13 1
4 11
7 13
13 9
1 17
9 2
8 11
16 5
1 1
15 18
7 10
41 130
52 61
59 8
12 63
8 90
23 17
34 134
6 3
4 2
4 12
5 1
19 11
3 2
1 9
6 3
47 62
24 70
28 31
33 93
14 118
51 122
3 1
6 10
2 14
4 15
2 6
40 15
28 51
1 4
15 20
4 6
44 113
42 36
41 39
71 84
8 4
15 2
17 9
6 5
19 8
19 18
7 16
18 1
4 19
7 9
23 72
32 129
37 71
54 107
61 40
65 85
43 68
3 1
14 9
9 5
3 1
6 6
8 63
38 20
7 78
10 55
33 25
8 36
2 1
1 8
13 3
4 5
67 126
11 110
24 174
78 129
4 3
3 10
6 5
3 3
7 5
2 9
14 88
12 127
8 2
5 18
10 9
9 2
8 15
6 17
4 3
6 1
19 6
7 6
8 51
37 83
58 53
57 83
11 120
9 59
46 94
5 4
7 17
15 10
1 4
14 20
1 2
9 3
7 13
50 69
40 26
9 71
44 93
52 64
23 56
4 40
33 78
4 2
16 11
12 6
11 19
20 6
6 9
3 121
20 162
49 125
21 92
60 137
31 76
9 2
8 16
10 6
10 8
11 8
18 1
17 9
11 17
11 13
3 7
2 5
82 59
61 34
6 2
10 11
14 5
4 8
10 12
12 15
11 1
9 7
19 27
12 28
18 53
50 56
38 79
11 6
46 57
18 60
7 35
6 4
15 15
5 14
7 19
3 4
10 11
8 5
4 2
50 55
39 80
27 28
10 55
8 5
12 1
1 1
8 1
5 12
5 14
13 12
20 4
13 1
3 5
60 131
54 129
60 71
6 5
3 10
12 16
16 6
15 4
13 16
15 14
6 2
17 123
43 20
55 117
41 129
23 87
21 70
5 5
9 10
5 17
2 16
6 7
8 5
5 4
44 48
14 75
47 92
23 79
50 37
6 1
20 17
5 19
13 5
2 20
7 20
9 3
2 3
58 69
27 53
2 4
5 6
12 8
6 8
33 54
30 55
1 16
30 30
20 70
31 49
3 4
9 18
13 19
11 11
1 3
6 52
2 2
1 18
3 11
8 10
11 95
42 71
40 76
75 152
50 130
11 4
4 32
37 134
6 2
13 2
4 1
20 12
17 7
12 5
8 18
9 2
50 31
14 55
28 19
13 14
46 63
25 45
2 34
16 71
59 42
4 3
16 1
19 19
1 19
9 9
6 9
11 17
19 50
21 57
17 42
31 81
34 86
2 5
3 20
20 15
6 3
46 91
72 58
57 53
23 1
50 141
28 44
10 5
17 9
16 5
20 2
1 19
9 11
11 8
6 9
7 3
19 1
9 14
7 8
4 65
27 34
37 83
21 96
28 78
23 62
29 102
9 1
6 10
5 11
15 20
14 15
17 9
10 16
11 4
12 4
4 15
9 8
43 20
8 53
42 35
20 1
13 90
11 33
7 89
36 21
40 3
3 1
6 14
14 17
18 11
10 4
16 20
20 109
55 97
70 108
20 65
37 33
45 16
49 56
17 65
5 154
7 1
3 8
17 5
7 14
15 9
12 14
20 6
17 12
10 6
12 75
18 4
54 77
39 69
57 106
82 170
77 133
46 111
4 163
57 33
7 1
8 3
10 3
1 18
13 6
15 7
4 20
5 3
3 3
12 150
19 2
69 69
10 5
18 5
10 17
16 13
3 10
10 18
1 9
8 6
18 14
6 16
6 19
7 8
33 166
81 161
21 140
26 167
27 134
82 21
33 20
2 2
12 13
15 9
2 8
70 90
40 95
10 3
10 6
9 1
13 17
19 18
10 11
5 15
10 13
8 17
5 15
17 15
1 9
47 57
6 5
11 2
6 5
8 3
9 16
11 5
13 17
6 3
38 125
44 119
43 28
32 56
57 45
28 40
6 5
5 7
4 20
2 15
8 4
6 18
7 4
6 4
29 9
41 74
16 20
32 32
15 55
1 39
10 2
8 9
7 2
17 7
1 13
8 11
1 19
4 2
3 16
14 18
16 1
1 1
5 117
2 2
19 10
3 12
4 1
19 79
15 41
33 53
40 78
7 2
8 5
18 3
14 3
14 2
15 12
3 3
13 3
6 6
14 99
33 1
37 23
34 12
49 70
39 92
8 3
13 4
9 8
5 12
15 10
20 12
15 14
20 17
10 7
8 1
5 44
46 43
47 30
36 63
30 14
35 8
34 95
22 50
6 3
15 13
2 20
9 3
11 11
9 11
1 5
5 8
64 59
67 109
46 165
16 71
8 61
4 1
3 6
15 8
13 12
17 16
4 10
35 22
39 45
21 39
12 80
10 1
19 19
17 10
20 5
18 13
7 8
16 12
19 10
16 5
16 3
20 18
4 6
2 121
36 135
50 30
71 114
5 5
8 12
1 4
19 3
11 15
15 16
10 7
4 73
70 27
24 29
23 64
26 73
51 127
7 61
20 44
15 83
43 138
6 3
14 4
19 2
9 7
11 10
17 15
17 1
7 8
76 9
72 135
66 152
72 90
43 43
43 81
71 174
9 5
15 3
3 19
7 15
1 3
6 1
6 5
5 19
8 7
18 5
2 3
26 80
38 29
4 4
2 13
3 16
19 17
8 10
6 3
39 136
45 45
46 128
75 34
9 167
16 95
9 2
13 17
7 4
10 16
20 9
3 16
18 18
10 18
5 19
11 15
8 9
49 55
29 39
45 103
36 30
29 64
39 105
10 56
25 65
8 2
2 1
2 8
7 7
1 19
2 7
1 7
2 14
4 10
8 9
36 70
45 66
40 14
33 72
30 68
4 24
13 60
11 91
9 1
9 12
9 20
5 7
5 17
14 16
8 7
5 12
1 11
13 20
2 1
3 95
29 92
5 3
3 2
12 14
7 9
3 5
19 11
2 2
56 73
26 26
3 1
3 15
14 5
15 11
1 7
1 44
4 1
14 6
11 9
3 9
1 8
8 3
27 56
1 52
30 145
25 71
77 11
73 137
32 105
73 84
4 3
9 14
3 3
11 18
13 6
9 8
1 14
42 65
2 50
57 52
40 81
48 55
11 19
34 80
24 14
1 2
18 4
4 9
33 60
1 3
27 75
41 59
5 5
8 1
1 5
2 12
12 10
19 16
1 7
31 39
6 2
19 12
1 19
10 17
15 15
5 15
7 2
8 9
20 76
24 97
28 32
19 56
30 43
18 130
37 83
51 82
1 4
10 7
1 10
48 19
10 5
14 8
8 12
17 7
10 1
4 5
14 2
9 3
7 14
5 7
6 4
7 1
35 5
31 86
33 26
13 54
5 61
22 79
44 76
1 5
20 15
6 6
76 87
41 75
30 130
18 22
13 25
44 157
6 3
14 9
13 9
17 16
12 17
6 15
9 9
6 2
1 114
5 29
54 73
17 57
3 46
29 106
10 4
2 15
7 8
5 4
9 6
9 1
1 14
7 10
15 9
20 5
3 13
1 7
38 4
7 5
7 20
14 15
1 16
12 4
5 8
15 11
18 9
2 5
25 79
18 32
5 1
6 10
14 4
12 18
14 11
12 14
1 1
26 55
2 1
14 7
16 10
7 10
34 25
20 73
1 79
10 25
21 35
14 28
3 43
7 5
11 6
14 18
7 13
5 18
4 4
13 17
7 8
7 7
77 136
65 171
61 9
39 83
12 57
89 55
4 154
3 5
4 16
18 1
18 4
9 2
46 128
51 115
70 3
24 8
40 87
56 87
42 66
2 92
47 127
2 1
1 2
6 3
8 1
30 135
18 20
17 122
16 28
60 39
21 111
46 140
10 152
6 3
2 3
13 2
2 1
19 6
6 14
12 16
6 10
3 19
32 37
15 83
38 46
42 63
20 68
4 1
3 12
3 16
5 4
6 7
7 8
36 96
44 90
27 118
42 65
72 3
60 117
28 56
5 3
8 9
2 12
3 9
14 5
11 18
8 8
80 31
1 173
45 37
24 19
63 163
2 65
21 92
50 123
3 4
1 8
1 15
2 10
2 9
59 38
15 116
2 3
4 7
5 1
9 10
37 36
21 118
57 85
19 12
67 34
47 48
71 8
21 117
41 51
8 4
17 13
2 19
8 19
9 5
8 14
9 17
2 4
2 2
5 3
39 74
31 10
11 32
1 43
41 46
2 1
19 7
14 8
3 2
29 8
26 9
43 93
4 2
1 2
14 15
3 4
17 14
2 3
9 65
14 52
10 3
17 3
6 13
9 2
8 10
13 15
12 16
16 18
15 4
15 1
9 12
4 4
10 110
69 169
79 89
51 89
4 1
1 16
16 13
19 14
17 10
8 2
26 85
16 50
22 63
13 10
39 48
15 57
12 64
39 10
2 1
17 15
5 13
4 1
50 62
20 31
32 15
45 63
8 5
18 12
17 7
11 19
16 5
11 6
13 17
18 9
12 2
4 1
60 29
49 113
59 68
59 116
2 1
2 10
15 18
7 5
31 2
42 67
31 33
4 84
44 42
55 47
27 49
1 4
20 19
10 3
38 73
33 40
20 72
6 86
9 54
21 6
40 30
6 44
29 44
49 28
1 3
20 19
8 2
23 83
28 68
26 13
63 127
62 89
33 33
47 80
53 68
5 4
19 12
1 20
18 20
3 15
1 9
5 4
37 92
5 5
33 92
5 69
30 53
3 2
8 18
20 15
19 2
3 5
21 23
7 101
35 80
1 2
17 6
1 10
10 97
1 1
16 2
4 4
23 77
42 39
9 72
9 24
4 2
16 10
1 6
17 7
10 3
3 4
15 71
10 65
44 32
4 2
16 9
4 13
10 20
6 15
9 3
25 25
51 86
13 41
34 37
51 14
42 17
9 76
4 76
23 67
5 5
3 5
19 12
16 5
9 3
18 2
5 3
23 29
22 73
40 64
8 110
53 52
2 4
3 2
13 5
4 7
36 9
17 31
31 82
28 51
9 2
16 12
3 10
8 6
14 10
11 5
7 17
11 6
4 16
20 7
8 8
16 59
8 78
37 44
42 14
35 25
7 8
17 113
58 62
2 5
10 16
16 1
5 2
24 47
26 46
14 38
2 5
23 49
9 1
6 16
11 2
5 3
17 14
14 13
1 15
16 14
5 20
9 12
7 8
10 98
40 164
74 67
8 97
37 3
48 135
9 81
9 4
11 4
1 11
11 1
20 10
8 3
15 18
7 16
18 8
13 1
6 5
53 20
14 105
45 38
55 170
66 91
17 79
2 3
5 7
19 3
8 7
53 97
54 131
32 33
53 74
62 20
4 93
46 83
62 35
10 5
13 20
8 13
1 11
4 2
19 2
16 2
9 7
16 18
11 14
18 18
9 8
1 68
43 20
13 42
45 90
22 60
26 11
25 2
32 83
1 26
1 2
6 9
7 10
13 52
59 36
15 50
9 33
66 127
49 71
67 58
9 1
6 11
4 12
19 19
12 15
15 2
13 4
7 11
1 5
10 2
6 5
39 8
1 7
14 83
35 73
34 40
28 20
3 2
15 6
20 19
1 8
8 10
41 29
1 73
39 27
5 130
64 11
8 3
50 44
20 35
8 5
6 12
19 2
4 12
4 16
4 14
5 8
13 12
14 5
3 8
21 60
22 94
41 5
2 5
10 13
19 14
4 10
59 103
9 1
24 10
57 54
10 2
20 10
8 1
13 9
16 8
15 18
7 5
2 17
9 19
4 20
6 5
8 6
23 60
25 70
13 81
35 57
43 120
22 58
9 16
28 21
8 5
7 9
20 16
9 15
6 17
14 12
9 14
8 15
16 11
5 2
40 80
30 47
39 23
22 72
27 18
8 5
17 16
20 4
13 3
4 20
3 19
12 7
8 15
16 2
9 4
40 19
29 48
13 76
23 28
41 94
12 73
44 35
39 68
14 31
2 4
9 12
12 1
8 8
49 32
20 98
12 69
13 43
35 74
55 14
10 37
51 3
6 5
6 17
7 15
1 8
19 9
15 7
20 2
1 1
22 72
5 5
4 4
5 4
6 10
10 9
11 3
6 2
32 118
83 28
41 113
83 48
70 134
40 153
8 2
5 17
14 15
18 20
17 1
16 4
6 19
11 11
9 5
9 3
24 28
29 147
67 25
47 30
67 156
69 99
15 10
25 70
78 120
1 2
15 7
1 3
36 157
4 5
7 12
7 7
2 1
5 7
10 8
7 57
22 68
41 60
41 33
5 73
18 71
8 51
16 25
17 5
23 26
3 1
11 17
3 18
19 3
3 5
9 4
12 17
4 33
10 3
6 13
2 17
14 11
3 15
19 8
2 15
19 12
3 20
9 11
2 20
10 9
52 70
22 56
28 50
34 97
36 8
59 133
47 101
3 80
8 133
46 10
2 5
4 10
15 13
3 10
28 63
5 77
10 29
3 3
17 19
4 10
9 16
4 10
8 68
24 110
6 137
29 14
5 4
3 16
10 11
4 7
2 3
18 5
3 10
44 67
5 112
6 24
1 2
18 3
2 10
41 20
30 71
6 1
7 5
20 7
11 1
7 12
13 4
17 18
6 5
71 68
37 31
19 33
2 129
77 25
4 10
7 5
6 19
12 12
9 16
1 9
2 17
13 17
12 2
3 10
48 16
15 30
39 119
5 1
9 20
3 18
20 19
4 4
4 16
2 6
35 93
28 14
5 2
11 3
14 10
20 2
18 14
20 2
10 10
29 51
12 60
1 16
2 18
29 27
6 62
10 69
18 79
6 25
30 28
8 5
14 15
15 2
3 4
7 9
8 9
7 15
19 10
2 5
8 6
15 14
21 130
64 11
22 98
12 3
28 101
41 129
61 113
3 5
20 4
4 1
14 14
5 2
15 56
30 19
19 21
28 64
23 50
3 2
14 1
1 18
3 10
4 2
64 167
70 42
23 167
64 107
1 1
6 6
3 1
19 48
2 103
31 36
4 3
18 16
8 17
14 10
13 15
3 5
49 111
41 80
60 11
2 1
11 1
16 5
3 7
35 50
21 47
40 4
3 4
3 9
20 15
16 10
10 7
29 78
66 145
14 154
27 50
32 66
45 152
18 64
2 23
27 93
45 44
6 4
7 11
5 9
4 10
9 9
8 8
2 11
10 4
8 144
40 135
26 144
68 31
16 152
80 144
81 5
50 92
19 44
37 17
5 3
18 1
17 19
19 10
17 10
14 8
3 9
22 58
17 25
14 68
1 5
4 20
6 6
5 70
19 1
28 48
40 22
15 44
13 47
5 5
12 13
11 19
9 20
16 13
5 6
10 3
16 143
73 71
16 60
50 140
60 160
7 7
39 164
53 75
36 42
76 94
1 3
5 10
1 8
31 117
2 5
8 6
14 9
5 5
13 3
55 1
58 6
58 18
31 73
3 5
3 19
2 3
3 6
8 8
32 118
28 19
58 95
35 63
43 37
17 38
3 8
23 115
10 4
17 19
7 12
20 12
20 2
6 6
9 4
6 9
6 16
15 15
16 15
4 5
8 53
53 87
68 104
42 118
5 2
8 6
12 19
3 6
18 9
13 15
2 3
53 11
21 12
5 5
9 15
4 15
18 11
15 13
20 7
7 4
21 81
36 18
2 114
22 64
52 110
52 102
57 44
5 2
17 20
10 14
15 4
17 18
1 12
4 7
46 78
18 19
46 19
29 81
10 1
14 7
20 5
10 19
18 8
8 11
8 17
4 2
6 14
15 17
6 18
7 5
6 31
14 64
46 79
57 26
8 76
33 46
33 20
6 1
1 3
7 6
9 6
14 1
4 11
11 11
7 10
82 79
52 135
80 96
5 94
49 100
7 67
72 130
9 3
5 3
18 12
6 14
16 15
12 2
1 19
6 9
12 5
11 9
10 9
40 103
56 144
11 130
41 39
76 31
42 55
40 11
85 165
28 55
74 32
6 1
12 17
11 13
12 14
7 17
7 10
4 1
1 10
15 78
6 2
9 2
19 12
2 1
16 17
17 17
5 9
1 4
58 80
2 3
19 19
7 6
1 5
56 85
3 3
4 15
9 4
6 16
5 1
60 71
26 35
25 76
24 36
38 47
10 3
9 13
2 16
2 16
14 20
6 15
19 11
12 18
7 8
9 9
8 14
8 7
87 178
34 76
58 40
14 20
29 109
17 48
22 156
77 48
10 2
16 6
15 12
6 6
20 5
7 12
3 9
18 20
1 20
5 6
8 7
6 8
7 111
59 17
57 39
61 6
16 113
51 78
4 3
5 17
19 12
8 12
19 14
7 5
43 160
55 18
69 165
34 42
79 97
47 16
43 40
1 3
10 12
9 4
7 19
51 18
48 23
48 70
67 19
77 77
59 105
42 106
46 137
1 1
1 6
6 5
36 4
7 19
3 69
41 81
9 4
13 84
7 5
6 13
4 19
19 4
17 2
20 17
1 10
3 18
9 9
3 73
24 78
31 105
10 43
50 49
43 70
53 24
37 50
61 12
9 4
14 12
20 14
4 2
20 12
1 7
14 4
14 4
19 19
10 4
9 2
60 97
50 2
60 29
16 14
27 25
49 5
26 32
27 19
5 37
6 3
8 4
18 3
3 18
19 2
3 7
20 13
9 4
27 88
21 23
11 65
11 16
7 32
51 2
1 19
56 42
44 114
2 5
6 18
3 9
7 3
9 4
56 106
29 64
15 37
38 129
56 46
25 43
9 2
4 2
16 16
3 12
18 2
18 5
8 16
19 4
3 15
9 6
8 9
41 76
44 79
7 74
32 64
10 50
40 30
10 17
16 3
2 2
15 7
8 19
6 7
2 29
29 74
38 8
22 20
15 4
18 61
7 4
16 15
1 9
2 7
14 7
9 5
18 9
3 3
7 7
79 36
58 11
12 41
72 60
70 137
26 81
28 11
8 5
1 2
11 3
11 4
19 20
15 4
4 11
14 10
2 20
4 3
43 130
10 1
29 137
49 79
4 1
3 8
4 14
9 1
5 20
6 10
20 110
2 41
29 17
24 30
52 63
26 19
7 1
10 13
10 3
19 11
18 11
13 3
8 15
4 14
3 9
11 39
9 117
24 58
5 4
16 3
5 7
2 3
5 2
10 12
1 5
42 45
10 4
13 18
16 1
12 13
2 19
13 8
19 14
4 10
6 9
3 8
16 17
5 9
60 90
44 78
72 31
19 167
1 125
8 3
19 9
15 3
18 10
10 12
18 8
15 5
20 14
7 18
5 4
40 51
33 71
37 24
8 42
30 24
3 2
1 7
14 15
5 8
6 1
7 107
11 104
22 14
42 5
52 21
19 20
7 2
17 13
1 1
10 8
17 9
18 15
18 11
5 16
10 3
63 157
8 7
70 9
2 121
69 12
51 2
24 32
8 75
21 92
12 35
6 4
10 2
12 17
1 10
20 4
7 12
19 8
7 3
9 82
43 88
37 85
5 8
45 4
16 78
16 49
3 3
7 2
19 16
8 5
7 8
54 64
27 5
57 53
41 115
18 23
47 59
52 102
2 3
10 2
17 19
2 4
2 77
56 43
10 5
4 2
12 18
6 4
16 1
17 16
9 6
14 10
2 16
20 8
9 20
1 1
43 35
8 5
1 6
16 14
14 6
1 10
10 7
14 12
16 18
11 11
8 6
15 8
13 74
41 82
7 25
21 71
43 78
25 11
39 5
4 3
15 16
18 18
8 6
19 11
6 7
50 1
80 8
70 58
32 97
60 94
69 24
9 3
11 5
8 16
6 8
9 17
17 17
12 1
3 3
1 1
20 10
7 1
36 32
26 48
54 21
78 118
54 98
67 36
73 159
3 4
1 18
1 2
6 2
2 10
58 155
62 2
8 3
13 7
18 10
4 18
20 1
8 6
13 3
7 2
3 17
1 6
49 24
8 5
20 18
10 5
12 17
12 15
9 8
11 6
19 12
5 14
2 1
2 45
27 71
8 2
6 4
20 5
6 17
6 16
18 9
16 8
1 2
4 6
7 1
52 39
42 99
57 17
38 2
37 34
15 77
32 98
8 2
10 17
19 3
6 9
3 9
15 2
18 11
17 20
1 11
8 2
39 166
30 17
37 67
15 140
38 108
8 42
62 84
83 74
4 3
11 13
5 20
16 9
12 9
3 2
8 15
49 11
28 35
1 2
9 14
4 10
39 50
4 43
13 55
42 134
3 2
1 11
17 18
16 14
4 8
38 45
22 103
52 62
23 4
2 2
19 19
13 13
8 8
31 41
26 95
40 93
23 35
20 42
49 94
14 83
6 89
7 4
14 15
3 20
8 9
19 17
18 11
18 9
16 16
9 8
3 87
3 22
1 4
24 77
34 48
25 10
6 25
43 15
24 24
10 5
12 2
16 1
4 13
12 5
4 5
10 4
14 9
7 17
7 20
5 11
6 3
48 56
42 113
48 165
43 14
44 94
63 74
7 5
7 11
16 20
20 9
19 6
4 12
5 16
17 15
7 2
6 92
62 109
17 141
24 11
37 3
71 65
49 64
1 1
1 18
3 5
42 127
70 43
18 10
8 3
7 8
15 20
16 2
4 3
17 10
14 12
7 10
2 3
9 2
43 160
50 38
16 2
5 84
12 18
71 127
13 61
42 8
63 114
9 3
13 9
7 9
19 3
17 15
1 14
2 9
13 2
3 13
5 17
7 4
13 64
55 30
1 28
32 42
27 15
31 6
2 81
10 2
16 11
20 19
4 18
10 8
12 14
15 13
16 19
5 8
12 15
11 14
9 10
47 146
61 100
61 142
34 98
33 113
10 10
26 37
6 100
15 129
8 2
11 16
2 5
15 8
10 10
17 18
8 13
8 15
12 8
1 4
50 30
4 2
20 4
6 2
16 15
6 17
4 10
16 88
28 133
29 173
59 171
7 4
12 12
17 5
2 20
7 19
5 4
10 15
14 6
1 10
13 11
4 1
12 2
10 11
15 19
20 20
1 3
69 104
9 1
2 4
13 19
17 14
12 19
10 1
20 4
20 10
1 14
10 9
3 10
26 101
34 125
7 123
2 1
11 3
16 20
3 5
64 75
61 118
24 125
5 5
11 15
5 5
13 6
8 6
6 12
1 3
47 47
5 3
9 2
5 15
19 9
11 2
3 9
6 2
18 34
4 76
24 38
37 44
21 84
18 29
5 3
6 4
11 15
19 5
15 4
12 12
2 1
36 58
40 41
10 5
3 15
7 7
10 7
13 11
10 2
9 13
1 10
16 16
20 4
17 20
2 4
42 103
6 38
7 4
9 9
10 10
20 12
15 17
20 15
12 7
11 6
8 6
60 126
33 89
43 18
36 72
15 13
68 71
52 24
46 33
2 1
1 8
3 9
8 5
72 46
35 119
53 70
19 117
41 21
70 145
72 38
15 38
7 5
14 6
4 10
3 20
17 2
18 15
19 20
13 4
1 5
10 82
8 5
2 20
6 15
7 19
2 5
3 8
8 17
5 10
14 19
6 3
58 108
60 110
26 16
14 64
2 12
13 41
6 4
19 7
9 2
16 2
18 17
2 8
15 19
3 8
55 6
37 34
27 57
8 3
9 15
8 6
5 3
7 14
14 8
14 8
3 19
10 17
3 4
19 86
49 72
33 20
1 5
7 18
2 6
54 24
38 19
8 3
17 5
16 16
15 10
8 8
2 12
3 10
6 13
14 7
6 9
9 77
37 102
44 25
5 8
5 106
23 3
7 5
1 15
7 5
11 15
8 17
10 20
14 8
13 1
8 1
50 106
26 12
11 152
37 64
19 97
24 56
62 47
76 45
1 4
3 17
4 3
14 2
6 5
42 24
14 37
5 4
2 11
9 18
15 15
19 3
19 17
4 6
12 21
8 61
42 73
30 67
9 4
1 1
17 10
11 10
1 1
16 14
14 7
16 17
19 6
11 7
4 1
67 16
48 33
82 74
11 61
2 5
6 4
10 9
4 9
16 56
11 40
3 86
25 71
10 1
14 1
2 14
12 1
15 18
16 1
8 5
15 9
12 9
13 2
18 2
2 8
27 12
37 98
5 5
20 11
14 2
14 1
20 15
5 4
9 7
52 36
64 131
25 143
65 1
21 139
50 7
67 48
6 98
30 76
7 3
13 19
5 2
4 2
16 2
12 6
8 13
9 5
7 4
17 4
32 46
33 107
53 64
56 12
42 88
16 114
4 1
15 11
20 10
5 16
4 16
10 7
60 19
61 39
18 45
15 43
15 31
34 6
24 41
31 38
47 39
39 11
9 1
19 16
6 19
6 17
16 15
10 6
18 1
3 12
7 16
15 4
2 2
55 4
71 81
1 4
20 8
3 9
11 28
47 24
60 30
6 5
1 6
10 15
10 12
5 12
17 4
3 1
6 3
42 22
46 37
69 142
71 16
81 21
41 28
7 5
3 1
12 3
9 3
17 9
6 18
6 9
9 7
10 8
15 91
25 116
26 42
23 28
13 85
49 15
10 110
39 66
19 95
49 34
10 2
2 15
13 1
17 19
18 5
9 11
1 15
6 17
7 17
11 9
13 19
4 4
5 108
5 51
2 67
38 86
4 4
6 8
3 11
7 1
16 17
1 6
26 66
1 5
1 9
6 1
34 47
49 16
26 69
38 102
35 8
18 42
1 4
15 16
10 8
14 13
15 41
14 39
19 1
30 7
12 57
24 75
35 14
15 49
15 59
9 5
18 4
16 11
9 2
1 3
4 8
5 1
8 16
20 2
17 17
2 5
19 151
23 137
10 1
20 18
15 12
6 8
18 11
1 15
3 18
9 4
3 3
15 20
18 16
6 3
25 130
70 113
69 62
14 116
16 10
8 54
3 5
6 5
15 12
19 6
10 1
19 135
29 19
13 123
44 134
15 21
9 100
21 133
13 83
45 129
63 91
1 2
17 1
8 7
21 179
51 104
51 161
82 102
10 84
45 31
21 172
7 164
9 1
7 15
11 3
12 19
14 18
11 4
5 15
4 20
14 1
13 10
1 4
10 116
5 3
1 4
20 10
15 13
1 6
15 19
9 9
53 5
55 56
47 99
40 8
63 89
18 23
46 119
45 19
64 38
2 4
4 11
1 2
6 4
29 27
9 6
11 93
13 33
10 60
44 42
6 3
5 7
18 17
12 15
20 1
6 15
1 9
10 6
60 77
45 72
19 175
55 67
39 101
58 158
74 32
55 85
70 88
46 75
5 5
9 15
2 13
11 12
18 6
7 8
4 7
19 66
30 82
42 65
44 30
5 3
2 1
16 11
12 19
4 4
6 10
10 3
7 96
7 100
7 25
48 30
11 88
33 4
19 93
42 54
21 4
56 103
10 4
1 1
2 7
17 7
16 9
3 10
6 11
17 15
17 10
5 17
10 3
10 8
38 87
23 44
42 24
9 5
13 52
25 93
9 21
28 94
14 46
27 69
8 2
17 4
1 15
19 18
2 9
17 17
15 14
19 16
1 9
7 3
46 141
82 125
35 150
14 65
36 9
81 154
66 133
1 1
16 18
1 6
26 66
5 5
15 20
16 18
13 13
15 9
3 10
7 5
25 73
4 59
44 91
11 39
13 73
29 88
3 46
4 4
11 5
7 10
14 14
6 20
7 1
43 76
27 32
16 72
38 79
4 84
34 13
30 65
4 5
9 6
11 9
10 5
9 13
6 7
71 18
13 99
60 125
25 25
13 110
75 77
4 1
20 17
5 16
3 6
3 3
8 3
8 66
11 6
30 8
30 64
17 21
40 52
21 69
14 24
5 2
12 15
18 20
17 8
8 3
13 20
1 8
38 55
8 1
10 17
13 5
12 6
10 5
19 14
17 5
1 17
1 9
8 3
50 87
34 107
17 108
64 81
12 93
64 82
53 35
7 32
2 1
19 10
18 11
7 4
62 170
38 175
77 61
4 45
74 61
6 9
24 88
5 2
10 18
7 9
6 15
11 3
4 1
1 7
31 38
5 5
6 1
17 20
11 12
12 5
12 18
3 8
67 77
24 39
37 34
7 1
18 16
18 4
2 18
7 12
12 10
10 9
9 14
8 5
2 45
19 40
19 82
24 104
14 111
39 97
37 83
11 77
2 1
12 16
11 19
7 10
37 46
50 65
48 27
50 9
58 41
52 81
13 102
4 5
1 11
9 9
17 7
19 14
9 1
65 73
38 42
7 140
44 74
19 119
67 9
56 2
80 107
14 81
7 4
2 11
10 6
10 18
6 12
9 13
16 16
7 9
4 5
7 17
18 84
32 98
16 18
2 2
11 16
20 19
10 10
6 7
27 87
3 7
4 18
5 54
11 62
23 68
15 24
36 65
19 4
8 3
12 4
16 17
18 15
7 2
14 20
6 14
10 5
18 9
9 4
24 61
4 43
24 16
4 88
28 15
34 58
22 62
9 74
22 76
4 5
14 15
14 12
1 14
16 18
5 5
34 62
12 67
44 4
44 20
33 80
9 1
10 12
16 9
10 7
20 6
11 3
20 19
19 18
20 15
19 6
10 7
51 75
52 118
20 56
53 68
17 73
54 29
35 107
31 36
60 80
6 114
1 1
8 3
1 1
27 92
5 5
9 6
13 11
16 1
5 17
7 7
1 8
8 112
2 3
11 6
8 15
2 2
12 79
24 65
1 2
14 7
6 9
18 68
33 97
6 90
46 31
7 14
10 68
6 4
10 13
6 7
5 19
10 19
9 11
6 17
8 5
36 52
7 39
20 51
39 8
2 93
35 88
14 117
42 40
5 3
19 17
18 12
14 2
2 2
18 5
4 2
63 1
9 24
81 165
17 138
10 3
2 15
14 20
9 15
7 14
3 10
9 16
19 15
4 2
10 8
19 16
4 4
4 100
11 18
45 69
2 92
3 4
4 8
3 17
11 12
7 3
31 22
67 97
29 132
3 84
16 27
66 62
22 5
6 4
11 17
20 7
1 11
1 5
4 2
10 6
3 8
47 41
52 111
10 58
1 2
3 6
10 8
28 53
20 87
20 51
46 90
47 25
10 87
57 76
5 67
36 69
27 107
3 4
4 13
4 17
15 8
9 2
16 40
9 63
20 77
6 51
33 56
14 15
4 26
43 38
26 74
2 4
16 5
11 7
4 3
3 29
23 91
15 6
28 85
10 1
3 1
15 5
7 18
10 9
2 13
14 20
8 11
15 9
3 17
20 10
6 7
50 117
21 125
47 17
50 132
18 69
59 69
2 4
20 13
2 12
2 2
57 70
39 44
3 5
17 5
2 11
11 1
5 7
64 60
64 59
54 90
56 1
62 19
9 5
3 6
16 2
17 17
12 16
1 12
2 2
5 4
6 4
15 20
7 1
3 37
39 38
28 13
27 89
33 25
39 35
32 11
3 5
1 18
8 4
11 13
1 2
57 151
10 3
12 4
19 12
12 17
11 5
1 14
9 2
13 10
17 2
6 17
1 8
6 3
58 78
37 95
26 139
59 61
71 19
22 9
6 4
14 1
13 9
10 20
7 10
1 11
11 6
3 7
34 99
35 57
37 86
4 2
6 10
20 3
19 6
14 3
6 4
29 25
36 18
13 85
12 102
46 100
17 12
1 1
18 4
5 10
53 118
21 10
19 21
42 61
2 47
4 2
2 17
13 15
9 8
11 2
9 6
39 1
23 27
43 35
47 12
1 31
37 103
56 55
35 74
18 56
10 4
10 2
18 3
16 13
13 14
5 7
7 6
15 1
4 18
16 12
19 19
5 9
21 107
37 131
39 121
5 23
4 13
3 3
18 4
14 10
3 1
4 7
57 83
63 88
11 123
73 96
7 2
12 12
18 6
19 9
11 8
9 5
2 4
7 8
4 10
6 18
13 54
31 56
8 20
4 3
17 6
5 10
1 7
6 18
9 2
37 122
60 30
65 129
74 113
61 10
73 22
15 60
70 152
34 154
8 1
17 8
5 20
7 6
4 12
2 9
2 9
11 4
14 3
1 5
48 77
1 4
18 18
3 6
81 91
27 100
73 14
6 3
19 14
7 8
15 13
10 10
10 10
3 4
5 6
71 130
36 146
7 158
27 122
64 26
8 4
6 3
18 4
3 15
15 18
2 2
17 6
1 20
15 19
5 2
83 27
73 44
43 12
45 168
2 61
7 4
8 18
8 18
6 17
11 10
5 7
9 19
3 12
1 7
33 119
1 3
6 8
2 7
44 66
1 77
3 3
12 18
7 4
7 11
2 5
11 93
21 40
3 3
3 19
20 1
19 20
6 9
65 18
25 147
35 120
12 121
18 130
63 113
3 1
8 9
16 11
14 1
8 1
32 75
5 10
46 61
12 61
25 34
30 31
18 43
45 63
1 3
1 16
6 8
56 26
77 114
54 124
25 37
2 138
79 41
8 2
3 11
3 16
12 10
10 7
14 17
2 12
6 2
13 2
10 9
58 114
51 74
39 127
25 80
39 41
1 56
32 65
15 91
51 117
54 97
10 5
8 12
14 14
14 14
20 9
1 3
13 7
5 8
1 9
1 18
12 12
8 3
31 78
6 41
76 98
34 77
67 45
45 70
35 105
65 74
6 2
13 10
8 9
2 12
5 2
1 9
8 5
4 1
33 66
1 121
26 116
29 128
4 4
20 8
16 12
6 12
11 19
3 3
30 78
23 94
33 107
8 5
14 10
2 3
1 17
9 3
11 7
12 20
5 3
14 16
3 9
55 52
26 111
35 58
10 3
9 3
3 7
16 1
10 19
20 11
4 1
7 2
12 5
20 10
2 1
7 7
21 112
47 103
31 115
29 62
1 26
36 4
28 22
7 2
1 12
15 4
5 2
3 11
13 12
7 10
19 1
2 2
30 6
10 51
6 3
2 12
20 15
7 19
20 20
10 19
18 9
4 8
61 118
16 27
9 102
78 150
7 2
11 8
7 16
6 3
16 14
9 10
7 7
19 15
9 7
57 94
3 2
63 53
17 147
15 156
15 79
54 31
63 9
14 47
4 4
12 20
2 7
16 20
1 3
3 7
59 136
27 134
12 77
9 5
12 19
19 7
1 5
2 4
20 15
10 12
20 15
10 9
11 17
9 2
59 68
22 73
43 93
57 108
14 93
28 85
27 30
12 38
45 54
8 1
11 7
2 20
16 3
16 13
12 1
15 10
16 20
5 10
1 5
52 94
5 1
8 12
8 14
13 5
11 12
15 6
10 9
34 79
4 28
12 2
5 51
7 22
13 23
38 63
31 6
2 53
35 40
4 5
17 13
6 13
12 19
18 5
10 1
49 95
13 106
21 86
52 94
55 103
39 55
19 54
23 19
50 100
6 7
4 5
4 11
14 3
10 17
8 11
6 10
84 23
67 55
80 11
25 66
29 32
5 59
2 1
8 10
5 19
2 5
24 19
32 64
1 2
18 3
9 5
15 67
2 18
11 72
59 145
3 91
22 121
52 9
58 72
45 127
4 3
2 11
6 20
6 11
15 18
2 10
74 163
12 168
3 1
5 12
16 8
16 2
10 3
21 14
43 88
1 147
41 53
42 127
30 121
28 136
38 129
54 160
76 20
4 3
16 13
14 17
6 1
1 19
3 1
29 45
5 79
28 74
4 1
20 9
16 9
19 1
16 7
8 8
16 24
61 44
61 122
58 117
12 43
16 5
49 93
40 58
10 1
14 20
12 10
4 14
8 15
15 17
11 2
16 10
14 13
17 5
15 2
8 4
83 33
21 163
89 135
50 53
49 1
75 134
70 176
50 31
2 1
11 5
12 10
6 1
22 156
35 75
29 144
69 45
19 9
57 105
3 2
3 10
5 2
12 16
7 7
31 24
6 30
25 4
71 38
77 80
54 69
59 19
3 5
10 8
3 19
10 8
4 5
61 5
18 42
13 44
56 9
5 5
7 1
15 15
3 16
14 2
11 18
5 8
33 75
51 36
23 108
38 84
9 5
8 5
16 10
1 4
8 20
9 4
9 15
11 17
11 12
2 2
8 4
70 128
78 84
40 18
1 145
43 114
24 14
3 59
39 138
6 3
20 12
11 7
10 5
3 6
11 1
4 10
7 8
7 3
16 46
44 12
60 29
1 54
23 40
14 112
3 1
7 7
17 18
18 2
10 7
15 44
35 113
21 42
65 107
62 123
71 2
2 123
27 147
76 5
19 113
7 1
7 14
17 15
20 18
8 16
15 5
4 4
18 4
6 2
6 111
63 57
17 49
55 124
1 36
24 95
4 5
19 13
10 18
6 11
11 4
7 7
5 155
26 5
32 175
7 134
56 44
8 103
43 46
2 2
4 9
3 6
5 2
33 49
33 84
27 26
43 54
26 32
4 5
9 20
20 9
9 6
13 5
5 9
62 43
31 147
47 44
10 39
9 52
6 5
15 20
10 2
5 3
19 15
7 19
5 7
3 5
7 84
62 45
37 58
2 4
10 6
13 1
8 2
11 10
38 90
7 88
52 60
52 100
8 26
12 72
19 69
1 2
9 13
2 7
87 93
66 149
6 5
1 6
16 16
9 4
1 18
7 14
14 17
8 1
25 116
8 50
37 104
36 106
3 26
2 15
24 48
19 116
2 3
4 16
7 2
8 8
35 30
87 129
87 3
57 122
58 119
76 144
67 53
61 59
8 1
15 14
18 17
20 7
8 18
9 6
6 5
15 13
18 17
10 4
45 72
4 65
4 90
43 8
24 68
39 46
23 7
32 50
21 56
10 54
1 4
1 7
4 7
31 30
33 92
5 42
2 53
4 4
6 8
15 3
11 18
17 5
3 10
8 144
65 149
79 52
9 4
7 9
11 19
18 10
3 7
15 1
16 6
7 5
18 13
13 17
2 9
52 90
54 156
2 2
11 14
15 13
6 6
52 22
13 113
44 29
31 95
52 109
41 58
9 5
14 9
12 15
20 20
18 18
12 10
15 14
1 4
8 10
12 13
9 3
75 125
31 23
66 121
28 79
75 12
39 44
11 142
38 26
49 149
1 3
6 14
6 9
11 32
14 5
23 20
16 56
37 89
8 67
3 4
6 4
6 8
4 10
3 3
81 42
44 82
9 130
9 4
20 13
16 4
7 18
3 6
12 5
16 3
2 15
6 16
11 14
10 1
3 132
1 8
5 30
3 94
34 109
21 107
20 119
20 66
7 112
60 88
3 3
15 1
6 19
17 3
1 1
33 34
8 4
2 2
17 7
3 17
7 10
15 8
19 1
2 16
2 13
1 1
29 71
3 5
16 18
10 15
8 8
5 8
63 112
9 114
21 17
56 100
27 67
3 4
9 13
20 12
4 16
2 10
38 87
32 58
1 1
18 11
3 4
36 25
21 101
10 4
4 3
20 4
3 3
10 9
17 14
7 10
19 76
10 53
45 13
45 53
30 80
26 68
28 2
3 2
1 10
18 19
15 19
10 6
59 9
26 30
46 123
13 44
58 35
51 30
15 28
54 14
38 72
27 23
8 1
20 12
3 6
3 17
14 15
15 12
16 11
4 17
13 17
6 2
11 46
30 17
40 33
8 23
25 8
18 47
7 4
13 18
10 14
14 5
19 9
1 3
5 13
16 3
2 8
18 46
24 48
8 1
1 2
6 9
12 11
8 17
11 12
16 2
17 7
13 2
10 10
72 83
81 20
76 24
47 132
27 133
38 160
75 110
60 161
32 160
88 139
9 3
5 6
11 17
7 9
4 3
17 16
16 20
2 19
16 7
20 18
6 8
64 143
73 63
39 15
46 110
39 159
24 86
8 4
18 9
6 20
17 8
4 16
20 2
8 4
6 6
17 17
8 8
18 31
20 3
12 16
31 52
37 60
26 82
8 12
12 23
3 2
2 7
17 19
11 14
4 4
31 32
1 61
10 62
20 2
2 1
20 4
16 15
10 4
49 70
6 58
1 85
44 107
28 19
15 59
28 36
41 90
55 23
12 12
1 3
16 3
8 7
49 2
30 24
9 59
9 90
9 35
43 100
9 64
25 79
10 1
14 11
19 16
4 14
2 17
16 4
17 10
14 19
1 18
12 14
6 11
5 10
39 71
18 64
43 91
16 35
9 44
2 5
6 11
20 1
9 6
52 107
34 135
45 128
28 16
31 47
16 7
47 26
32 3
30 101
2 1
15 14
9 7
8 3
17 9
19 4
15 1
38 90
9 113
47 49
76 40
60 143
9 3
20 20
1 18
4 20
18 16
14 12
10 18
13 3
13 16
17 12
6 5
55 105
60 139
57 72
62 88
41 26
60 47
1 2
11 6
4 1
52 62
36 104
38 64
31 75
6 2
18 7
15 17
13 15
7 8
9 4
3 14
7 4
75 47
53 39
79 73
16 10
19 137
30 11
11 113
10 2
12 11
1 13
19 14
17 5
3 18
14 10
6 2
1 2
14 3
8 7
2 4
43 125
55 58
4 5
6 1
12 4
11 17
3 10
5 10
25 11
39 88
8 56
49 45
57 72
8 3
11 11
2 6
19 14
2 13
5 11
3 1
19 2
16 19
10 3
19 11
33 78
6 11
5 70
37 87
29 26
43 77
3 4
40 15
45 29
5 4
5 6
5 6
15 15
1 7
6 9
3 3
38 69
9 121
61 76
5 2
8 10
13 6
16 14
16 4
4 12
4 6
42 114
35 23
31 35
40 8
9 2
1 2
10 15
4 7
2 18
17 1
3 19
20 6
14 20
1 16
3 9
20 83
3 53
58 35
5 4
6 12
10 8
5 14
5 11
10 13
3 5
51 110
12 47
29 23
5 1
7 16
12 2
19 5
19 4
18 11
5 5
53 109
57 5
20 133
27 7
5 70
9 2
3 16
9 2
15 19
15 11
11 11
20 17
11 19
18 3
11 15
1 2
34 133
3 5
16 1
8 16
17 11
3 5
12 72
6 16
53 59
7 2
15 10
16 8
13 8
5 1
9 12
12 14
11 18
9 6
38 76
40 7
36 32
37 90
18 13
49 91
42 39
19 21
11 19
6 2
7 17
8 14
5 19
5 17
10 5
16 4
5 8
63 39
36 82
56 42
17 83
33 156
6 4
1 12
11 19
13 11
6 14
19 18
19 3
5 5
25 29
46 18
66 105
53 5
21 141
6 5
1 18
11 13
6 20
12 16
3 20
8 5
9 5
51 3
17 118
31 90
20 40
11 6
16 94
26 101
22 99
5 114
10 3
7 7
11 12
1 11
20 9
4 8
5 5
19 7
15 11
18 12
6 2
6 1
26 40
59 95
51 80
65 58
14 101
4 76
3 1
4 17
12 17
9 14
2 4
39 52
16 3
8 5
10 20
13 9
17 7
19 4
12 16
6 5
9 3
13 15
6 3
49 14
14 32
4 100
26 94
14 27
10 3
3 4
13 14
18 13
4 19
1 8
2 77
6 4
19 8
17 12
6 9
13 7
1 15
11 12
7 5
52 88
29 16
4 46
38 59
10 32
12 13
1 45
10 4
15 1
11 8
5 3
20 2
18 14
2 17
10 12
5 13
11 9
12 11
7 6
2 93
31 90
44 59
29 12
49 86
6 39
49 18
5 2
9 3
18 16
10 15
10 10
12 7
3 2
31 93
17 95
62 60
5 2
17 6
15 1
17 7
5 10
4 6
4 2
51 35
59 17
68 25
32 108
6 2
15 10
10 1
13 13
17 20
17 13
12 5
9 5
35 82
29 57
9 16
4 84
18 3
43 55
33 35
16 57
26 60
3 2
15 9
2 5
5 4
7 4
18 48
6 89
38 59
44 18
22 72
8 47
27 20
7 1
15 4
16 7
5 8
5 6
4 1
12 15
10 9
9 8
10 42
31 67
32 97
32 54
17 102
51 21
4 56
3 94
33 47
6 1
11 5
17 17
4 6
13 1
12 10
10 14
6 9
33 48
10 127
23 65
29 7
19 100
58 22
9 3
2 11
14 18
2 3
4 8
4 3
9 18
20 1
19 14
20 10
9 3
12 84
59 47
58 56
29 138
53 5
26 31
43 14
1 115
67 61
8 2
16 19
3 5
16 5
20 16
18 13
10 5
3 10
5 17
7 6
9 58
37 114
81 164
34 72
73 151
73 157
79 75
1 4
16 11
2 9
48 25
50 30
1 5
1 15
1 5
67 11
8 2
5 17
15 5
4 19
14 4
14 16
2 9
2 2
7 5
7 3
24 58
36 7
29 23
58 45
30 25
6 82
6 99
3 2
5 5
4 12
12 16
5 3
54 15
30 99
39 84
75 119
10 123
1 5
20 18
1 7
71 45
9 2
4 7
1 2
3 16
1 15
16 13
1 3
1 3
16 19
12 19
9 6
65 13
59 112
54 8
46 60
33 19
66 59
52 121
35 47
2 13
7 2
10 4
2 16
12 18
13 4
10 17
13 7
4 6
1 7
22 40
5 5
18 12
15 17
3 12
16 10
11 10
7 10
40 82
51 55
29 107
27 47
1 63
41 14
56 5
9 3
3 12
17 13
19 7
2 13
14 14
13 2
4 7
5 6
14 16
5 8
24 71
45 65
31 81
38 47
18 84
9 1
11 7
5 10
15 4
17 8
11 16
15 20
7 20
17 6
20 16
8 4
26 61
22 59
34 14
49 47
46 55
61 51
29 106
4 113
7 5
18 3
16 2
14 19
8 17
9 18
9 3
9 13
4 1
20 106
56 93
39 15
28 60
7 1
17 3
17 16
16 4
4 15
20 9
15 14
16 7
10 2
3 71
55 46
64 84
72 137
44 76
17 34
19 169
19 93
79 163
25 156
2 2
14 3
18 10
9 3
9 69
42 62
6 44
6 35
44 27
43 34
51 8
54 56
15 86
2 5
4 7
4 12
2 4
34 1
37 115
3 4
16 20
7 12
9 14
8 2
25 7
77 12
43 20
38 95
69 138
52 145
17 45
76 103
3 2
1 20
14 11
18 10
2 9
17 110
55 6
8 3
3 9
10 18
12 18
9 12
5 1
20 11
14 3
3 11
10 4
40 59
58 114
86 114
18 127
30 63
48 168
40 21
29 155
3 67
37 94
2 3
14 10
19 6
4 1
33 98
38 123
44 48
7 137
10 1
17 12
10 9
9 9
20 10
20 7
7 11
15 1
17 1
8 1
18 12
2 7
39 15
20 65
8 5
10 18
4 1
18 2
19 16
16 1
15 8
1 13
16 11
2 3
41 72
6 52
8 3
19 13
7 14
18 14
2 17
15 18
10 2
9 7
6 2
6 8
39 15
33 1
49 16
18 100
31 10
39 21
9 3
5 4
13 10
7 2
6 5
8 16
16 13
6 12
19 19
16 15
8 2
68 105
14 69
48 73
12 20
43 109
39 61
46 40
69 16
4 5
9 4
15 12
10 11
10 11
1 8
28 18
2 5
6 12
14 18
7 3
6 57
10 69
58 46
47 21
38 54
6 44
22 26
7 5
3 11
16 12
6 5
17 2
14 6
10 14
1 18
1 9
20 109
2 2
8 4
19 15
5 3
50 92
67 109
54 33
38 64
67 68
2 2
4 16
16 11
1 6
33 6
10 1
2 1
17 11
10 15
16 20
13 13
8 8
6 16
7 19
13 10
15 12
6 8
64 132
26 135
11 93
58 67
38 49
70 91
5 3
1 4
6 7
4 11
12 11
19 1
4 1
54 35
43 119
17 122
24 122
8 5
11 17
2 1
11 1
14 19
2 2
12 19
1 18
19 1
5 5
49 131
29 103
57 119
30 143
7 52
6 5
15 6
17 7
14 9
11 9
5 5
12 18
2 5
70 136
9 152
9 1
12 13
17 3
8 19
9 19
3 4
1 11
15 15
3 15
8 3
8 4
10 76
21 3
8 83
30 8
27 38
12 76
2 79
45 38
6 4
15 10
11 7
19 19
7 10
10 13
15 2
10 3
47 67
44 9
85 12
10 22
58 147
38 126
46 69
14 160
65 96
17 55
9 5
14 7
17 1
13 3
19 10
11 18
19 16
9 5
6 14
3 14
3 5
9 64
34 54
6 93
2 5
16 18
13 19
5 2
51 4
1 39
29 4
22 127
31 93
3 3
5 14
15 10
15 4
1 9
69 39
6 2
18 12
17 13
9 11
2 17
8 7
11 7
9 5
47 61
32 89
2 71
51 55
19 3
12 35
51 76
30 101
36 79
2 3
13 8
20 14
10 9
49 36
28 123
5 141
25 65
8 154
8 94
57 95
26 36
3 60
12 132
4 1
2 7
12 11
16 18
19 8
7 1
12 53
44 61
2 31
2 31
19 141
57 12
18 134
9 5
15 10
15 18
16 7
16 6
9 12
18 4
16 6
10 19
4 15
9 7
65 85
34 40
35 110
32 103
26 56
22 44
5 67
19 129
37 59
1 4
4 12
6 9
11 14
44 99
13 80
4 36
19 3
8 77
10 3
10 11
3 12
20 10
5 18
17 7
20 14
13 20
20 17
8 7
9 11
5 6
8 121
39 37
69 28
2 92
33 75
8 3
16 3
14 2
9 8
10 11
15 11
11 5
1 18
7 20
3 8
3 22
13 63
6 40
5 2
3 6
13 4
2 3
2 20
1 18
10 9
5 73
48 64
11 135
59 32
54 104
36 53
52 127
28 57
5 10
43 95
8 5
10 1
4 19
16 10
1 20
7 8
1 19
13 2
5 6
6 7
27 62
1 6
38 39
28 110
14 98
44 5
7 3
18 20
3 7
18 3
3 15
1 16
1 9
3 20
4 8
7 73
32 27
31 23
31 42
3 1
13 6
16 19
11 11
2 1
18 81
30 34
9 2
10 6
3 13
5 10
15 12
13 12
19 18
18 1
5 12
19 18
2 9
7 93
51 71
4 1
13 10
18 15
1 18
6 18
5 8
10 48
4 31
34 27
25 86
1 33
8 1
19 13
1 18
10 16
10 4
5 10
9 3
19 19
12 15
6 8
58 38
27 92
62 105
50 107
15 22
55 33
3 2
11 2
9 20
13 14
4 9
16 38
44 59
23 48
23 66
6 5
4 6
2 18
18 15
13 1
3 6
12 16
8 6
37 134
61 144
39 45
11 128
18 81
49 92
27 84
1 84
9 5
14 15
13 2
2 14
7 16
12 18
12 3
14 2
5 11
1 5
2 5
29 97
2 48
10 4
14 9
7 14
16 16
16 12
1 12
15 3
8 1
20 8
17 6
16 10
10 4
70 155
28 36
9 102
66 68
60 37
77 20
50 8
27 154
59 114
7 43
8 5
10 8
11 6
2 11
6 12
17 8
6 3
2 6
18 2
10 7
24 35
62 123
58 141
28 51
22 142
18 61
29 104
73 5
17 44
59 110
3 2
6 10
13 20
19 8
1 10
30 5
2 5
17 7
17 18
3 6
31 44
7 23
28 40
4 5
15 6
16 15
9 13
9 13
8 8
9 103
56 25
31 24
49 108
25 9
33 12
50 86
54 81
4 4
12 11
17 20
20 17
10 14
6 6
27 35
17 79
5 65
6 92
25 26
32 67
10 3
4 16
18 16
7 3
4 7
4 19
9 9
6 10
3 14
11 16
12 18
10 6
36 104
24 43
19 47
12 34
9 97
36 41
44 90
6 50
47 103
33 109
10 1
12 16
10 11
8 2
18 14
7 5
17 18
13 17
10 4
18 16
1 11
9 1
70 3
18 82
8 1
89 79
23 27
57 38
3 99
20 159
78 53
6 3
12 2
9 4
9 13
17 11
14 12
13 9
5 9
5 9
21 52
9 70
33 22
42 17
10 2
1 8
6 8
17 17
12 17
13 17
20 17
19 4
8 1
9 1
11 5
1 6
34 121
3 1
4 19
11 16
15 8
5 1
61 115
5 110
34 40
60 97
67 87
1 5
1 4
4 7
1 101
3 16
55 51
4 8
2 4
12 19
2 1
9 8
29 93
31 78
1 23
32 43
8 27
27 110
22 12
20 87
32 34
2 2
8 12
10 15
2 8
25 31
40 49
5 4
12 2
2 13
5 5
2 3
5 13
7 6
33 113
63 80
49 87
63 36
2 73
37 24
18 39
1 5
13 6
3 10
14 33
27 108
44 57
6 2
9 17
8 3
18 10
11 17
3 14
4 10
4 1
85 42
48 153
89 21
14 36
4 1
17 10
19 12
4 8
8 2
5 3
55 29
12 58
42 15
47 120
21 30
4 2
14 17
1 16
20 10
17 4
2 1
2 20
1 33
7 3
5 17
15 14
7 20
3 1
12 15
2 5
12 6
5 1
74 93
17 32
67 64
41 32
62 144
1 2
6 10
1 7
52 110
3 3
15 17
2 1
20 6
7 9
5 6
11 74
53 78
25 81
60 21
19 56
5 73
9 1
10 8
2 6
20 12
1 4
5 4
11 8
5 18
18 8
6 11
6 10
56 13
28 149
11 133
61 126
68 24
47 125
10 4
7 9
20 1
3 14
19 19
14 11
8 8
14 13
1 9
20 19
17 6
1 9
21 53
9 3
7 18
5 6
16 16
20 12
1 6
3 17
7 10
4 14
14 9
2 7
38 134
74 37
10 4
9 19
1 20
1 12
18 20
2 15
10 10
19 19
13 4
16 10
14 4
3 3
37 76
12 7
37 79
1 4
5 10
9 1
50 85
21 100
44 9
29 3
20 3
42 44
17 92
24 1
32 23
10 2
20 8
9 17
16 9
5 16
5 19
3 18
4 2
20 1
20 17
14 2
4 8
47 26
4 142
41 30
66 8
3 2
5 14
20 12
12 16
6 9
38 35
44 68
31 11
27 80
42 20
28 62
9 1
8 14
3 8
6 20
18 8
16 2
7 7
6 8
17 18
16 4
7 4
6 45
55 57
72 25
14 118
28 82
64 108
56 98
5 3
10 12
19 15
17 1
9 5
15 11
3 10
24 46
3 3
13 78
10 2
1 6
19 6
15 13
13 10
16 1
3 10
20 9
6 18
18 20
16 14
8 1
10 25
19 63
24 6
3 108
23 51
7 23
22 134
34 65
7 5
16 3
3 2
4 15
16 1
4 3
2 11
9 8
10 8
6 31
42 86
18 20
34 125
66 50
50 56
34 66
30 48
40 129
2 55
3 5
4 7
4 6
12 6
5 8
53 13
56 21
16 44
48 92
54 96
8 2
1 16
20 3
7 18
2 1
7 2
10 16
1 6
9 4
4 4
51 11
33 46
38 35
44 33
6 2
8 14
13 17
13 9
19 20
6 12
15 1
4 10
17 43
5 88
32 29
4 106
8 4
5 5
16 19
7 16
5 6
13 3
11 8
19 3
18 13
7 4
53 114
9 38
57 79
42 6
38 22
38 33
20 99
10 2
17 9
19 12
12 10
14 11
19 5
13 2
6 20
13 2
19 5
15 12
5 6
36 10
13 62
4 34
16 72
30 67
8 1
5 2
18 10
7 3
19 17
12 1
2 4
20 7
15 8
1 2
21 23
4 3
2 18
13 12
11 1
13 13
9 4
13 15
6 82
18 9
26 64
19 111
15 121
30 124
60 99
52 86
9 1
18 5
8 9
2 19
9 9
11 5
8 6
7 11
18 15
20 17
1 4
24 129
8 5
6 1
19 7
17 19
12 9
7 16
18 12
5 20
10 12
6 1
24 11
16 24
40 60
42 35
43 73
53 73
9 1
17 9
2 2
14 9
13 19
8 13
12 16
4 18
19 17
12 1
6 4
74 133
58 119
56 124
66 107
48 14
68 86
1 3
18 12
3 9
25 102
24 42
60 115
10 5
14 7
3 14
19 3
13 5
19 12
16 3
9 20
20 14
18 14
15 7
5 7
14 79
7 17
5 18
40 72
26 3
3 3
8 3
15 12
14 20
7 4
81 33
26 78
71 75
9 136
32 144
80 160
82 131
7 1
11 19
13 16
17 11
15 6
15 2
5 20
18 20
8 5
26 151
25 98
18 116
21 152
11 100
33 46
63 71
65 138
7 4
6 13
10 18
15 18
11 12
14 5
3 3
10 14
1 6
8 10
6 5
19 6
14 7
2 12
19 5
14 5
20 1
8 1
41 69
12 79
8 39
15 19
31 82
29 47
8 15
25 37
8 5
14 6
6 10
15 14
13 17
6 7
19 12
3 16
14 12
4 7
37 81
47 63
42 147
25 117
9 4
7 13
5 14
3 2
8 17
8 12
12 14
19 19
1 15
7 1
6 2
9 68
18 10
21 34
4 56
26 82
21 51
6 4
11 1
15 8
7 10
10 7
18 9
1 20
1 1
26 9
9 2
13 1
10 3
6 13
16 18
12 18
5 6
8 6
20 9
1 16
7 6
84 65
13 5
41 156
78 92
57 119
19 175
4 14
9 5
19 8
1 10
1 18
7 7
11 9
20 15
4 3
17 12
20 4
7 8
22 25
32 64
17 37
2 20
10 20
26 17
32 47
3 5
9 5
2 1
6 19
10 3
5 46
35 25
26 79
11 11
60 33
14 88
47 76
9 85
19 51
53 66
5 3
18 8
15 16
4 19
15 19
10 20
2 5
83 27
44 136
5 4
5 7
16 10
1 4
1 7
20 11
1 10
8 55
3 1
12 12
1 1
13 20
5 2
12 32
43 32
30 49
50 38
23 42
3 1
15 18
20 17
3 8
3 2
22 20
15 52
18 20
6 1
9 19
8 16
8 1
2 14
2 10
11 1
8 7
21 101
23 86
49 127
6 26
1 132
68 43
26 13
37 105
5 1
9 3
10 9
14 12
5 15
16 1
7 4
62 7
52 9
47 25
21 133
37 145
6 13
27 88
4 2
11 16
6 9
18 16
11 16
7 10
86 117
52 45
8 158
52 60
26 148
21 101
82 34
1 1
19 10
1 10
16 25
3 4
6 14
2 20
2 18
9 9
59 24
25 39
5 85
1 65
31 55
11 97
52 142
31 75
45 134
7 1
7 2
1 13
7 8
3 15
14 20
7 2
4 9
10 6
36 84
59 67
52 87
46 89
48 28
22 90
20 73
37 80
13 91
30 80
9 3
8 3
10 15
20 2
16 7
13 14
7 11
20 16
6 7
18 18
6 2
51 3
35 95
46 13
31 19
42 17
26 6
4 3
1 4
18 4
19 16
16 16
6 1
70 43
9 25
53 88
30 23
52 57
23 29
6 5
10 1
10 18
9 3
17 1
8 9
2 12
7 7
41 41
16 85
8 6
40 3
18 21
26 62
24 48
4 1
6 11
10 3
9 8
5 5
4 3
25 129
60 37
6 98
41 20
9 2
5 15
16 17
16 4
17 17
15 1
18 1
2 17
19 9
10 16
3 2
22 24
8 55
55 7
10 1
8 12
5 13
7 9
10 7
9 7
6 7
1 3
11 17
15 5
5 13
10 8
35 10
27 102
23 33
45 63
29 86
39 61
24 52
33 85
13 66
35 30
1 4
6 12
4 6
26 10
11 94
21 49
22 86
1 1
1 17
2 1
21 34
46 18
2 3
8 18
4 1
10 1
31 94
42 63
19 32
14 67
46 77
41 68
22 77
57 96
46 22
8 23
4 3
16 10
17 19
2 16
13 1
5 6
19 63
26 77
26 66
4 84
3 79
10 1
16 16
2 5
18 6
16 11
7 7
13 20
20 17
20 12
9 1
14 1
4 3
27 37
28 42
5 34
38 29
2 1
18 10
12 3
3 10
22 131
64 59
10 106
3 3
5 17
3 19
2 18
3 7
28 91
13 3
64 88
2 1
13 14
11 15
9 6
39 7
43 23
16 6
4 56
28 29
39 55
11 16
13 74
18 16
5 1
19 6
19 14
6 18
15 16
4 4
4 3
47 80
24 37
4 59
2 8
2 4
20 20
8 13
1 4
47 91
2 1
7 16
18 18
1 4
31 21
10 3
16 19
4 15
7 16
13 3
12 11
16 14
11 16
11 18
7 3
12 13
6 3
72 120
29 8
63 83
80 6
1 159
48 161
4 4
5 17
15 7
12 6
7 20
5 4
5 40
33 46
31 61
48 64
25 49
7 4
17 11
10 4
18 9
7 16
4 7
1 9
14 8
3 4
21 152
56 18
18 38
6 2
13 12
15 14
19 18
18 12
20 17
15 17
6 7
23 69
51 12
22 118
22 4
33 116
3 27
10 2
7 12
13 9
7 7
7 16
15 1
17 18
9 19
1 16
3 14
14 6
6 7
66 121
4 133
16 33
53 100
52 128
57 91
10 2
13 8
4 19
12 2
16 11
19 4
12 5
4 3
13 7
4 12
5 18
10 4
12 82
38 13
45 53
9 19
23 47
15 58
7 84
24 86
1 76
5 80
10 5
17 5
3 14
15 18
19 10
20 15
19 14
6 7
1 18
4 14
13 2
6 6
1 72
28 45
30 47
39 79
10 41
8 75
9 1
12 5
14 6
4 17
6 14
19 13
17 3
20 1
8 5
7 8
1 3
10 20
7 1
15 12
14 9
20 10
14 19
14 18
17 2
2 19
2 9
4 101
28 73
7 4
12 13
4 8
1 8
13 1
13 7
16 20
20 5
2 8
66 70
51 54
1 1
16 16
8 4
29 71
21 43
35 8
22 47
6 90
29 88
27 20
17 5
7 2
9 16
7 7
19 17
15 17
10 9
14 9
17 20
10 2
55 105
18 108
31 68
42 48
28 22
42 2
38 11
24 87
25 28
10 85
8 4
18 9
17 10
4 5
12 20
10 20
4 14
19 2
20 13
6 1
45 12
23 102
8 121
42 86
30 46
56 81
2 3
19 5
3 16
7 4
29 101
63 31
37 102
27 79
32 96
62 77
49 126
5 2
16 6
5 13
12 17
16 12
15 14
4 7
28 35
42 78
36 35
47 80
1 4
17 17
2 1
31 65
57 106
10 1
20 3
9 17
11 20
19 8
6 3
1 7
10 4
7 5
5 4
14 16
10 5
32 33
22 43
8 67
44 28
27 91
9 7
48 64
25 4
47 34
47 75
9 5
4 14
9 2
4 4
12 12
6 3
14 6
9 11
5 6
17 20
6 4
44 149
32 43
13 148
59 167
34 142
84 58
1 5
16 19
2 5
16 119
51 65
6 2
9 10
14 15
12 10
5 20
18 10
3 14
2 10
21 72
41 27
7 2
12 4
19 7
10 8
16 3
5 8
8 20
7 19
4 10
5 87
13 93
56 41
52 45
9 1
16 16
16 3
2 19
7 17
19 10
3 1
6 4
16 5
17 19
6 9
24 75
45 80
30 75
18 71
2 52
38 74
1 5
4 12
1 4
1 165
4 4
12 7
16 11
8 18
13 5
5 6
19 72
47 98
72 131
11 71
12 110
7 2
14 3
8 19
13 7
2 11
19 9
18 17
16 20
9 1
63 15
16 23
4 117
63 73
46 8
70 36
30 25
14 72
1 119
1 4
16 9
2 3
24 75
67 115
3 3
10 15
5 5
13 19
3 7
18 53
25 67
3 129
7 4
17 18
13 14
5 20
13 1
19 6
13 11
11 12
4 1
53 82
29 6
55 27
26 37
6 3
14 14
14 2
13 4
1 3
3 8
12 15
7 6
34 70
3 157
64 54
74 12
22 104
43 148
78 38
8 1
11 17
7 14
13 5
9 3
13 6
12 16
12 20
16 6
7 9
30 69
79 38
78 171
2 58
27 68
51 173
30 39
4 1
9 15
12 15
15 1
20 3
1 2
50 22
5 5
9 17
9 12
11 4
4 18
1 6
5 5
27 46
30 4
44 60
39 42
18 62
2 1
4 10
5 11
4 10
18 81
12 16
28 26
31 11
4 5
4 20
13 20
5 17
5 9
9 6
1 6
71 142
30 171
46 106
7 148
44 132
81 118
86 148
11 88
5 2
15 2
13 18
14 17
1 10
19 2
2 6
19 62
21 6
2 4
14 6
15 4
6 6
14 21
53 118
3 47
26 36
24 10
45 51
6 4
3 15
16 6
2 20
2 17
6 4
10 16
6 3
54 15
3 16
56 21
23 82
33 108
25 152
9 3
8 12
1 3
17 15
7 16
18 5
4 9
20 13
20 16
12 4
3 2
80 82
27 136
63 112
1 4
3 12
10 5
53 74
22 14
16 8
24 21
34 116
11 107
55 19
6 70
1 11
54 51
5 2
18 5
4 10
16 16
4 18
8 19
9 6
14 49
73 33
46 104
10 11
4 99
67 60
19 60
1 85
47 96
2 3
1 16
15 19
7 3
41 84
16 61
26 71
37 103
11 29
63 86
30 30
10 2
17 16
14 2
16 7
9 16
4 17
3 7
17 6
12 4
7 1
9 9
3 1
13 44
44 63
16 67
8 5
9 10
4 3
4 16
1 15
11 17
9 14
8 14
1 15
4 8
64 112
32 113
9 69
3 86
4 5
9 15
12 18
1 19
5 12
4 6
32 107
38 28
28 6
19 9
6 1
15 17
18 2
20 2
4 4
15 1
8 16
2 3
60 30
70 36
1 5
1 12
3 4
38 67
82 30
82 36
5 5
8 17
3 3
16 18
9 2
20 8
1 1
57 30
2 5
16 7
20 9
2 5
9 21
42 47
8 3
4 9
4 4
13 13
7 14
12 5
15 17
8 12
10 17
2 9
60 43
46 41
10 4
11 7
14 18
19 10
6 9
8 4
2 20
1 17
19 10
13 15
17 17
4 7
2 116
10 48
57 93
33 42
2 2
2 16
18 13
7 6
17 52
46 66
17 70
44 73
38 8
22 92
28 98
1 5
1 4
10 1
15 15
3 2
2 83
28 44
20 64
1 67
6 6
41 46
4 50
38 13
8 1
8 16
4 16
3 14
8 4
15 20
10 1
6 9
11 2
2 1
28 3
10 35
7 3
12 8
10 9
5 6
13 3
14 18
2 8
1 6
8 2
12 88
50 19
36 11
2 122
55 7
51 22
11 30
47 35
9 5
11 13
17 15
15 7
8 1
15 10
18 17
15 7
14 8
13 6
2 4
53 27
3 83
2 2
14 5
20 19
10 9
60 29
61 159
58 24
78 141
12 146
63 180
24 60
29 43
3 156
62 95
3 2
20 16
20 9
3 15
3 9
46 27
49 77
57 51
1 1
2 3
2 5
42 99
6 65
6 3
3 10
19 2
3 4
6 18
13 1
10 3
4 9
5 28
2 43
18 21
2 15
4 5
7 9
9 6
16 17
12 12
9 3
13 75
13 75
44 35
20 59
34 30
11 2
12 24
40 52
41 58
8 3
11 10
4 11
14 19
6 7
14 8
20 1
20 15
11 14
1 3
30 1
6 2
19 5
8 19
19 2
3 13
13 11
20 3
1 9
20 60
3 2
2 13
11 13
10 11
10 3
40 6
22 9
31 65
39 88
38 111
36 15
8 41
45 105
11 106
22 17
1 1
16 2
6 10
21 99
58 48
55 79
33 96
19 49
87 11
2 5
3 3
19 17
6 8
21 76
26 5
42 12
40 42
60 40
56 120
2 3
7 6
8 8
10 9
15 72
30 62
19 14
23 109
32 81
18 108
39 71
18 6
20 22
22 8
5 4
16 7
12 4
1 3
9 19
1 7
1 4
27 52
7 3
1 20
8 7
9 11
15 20
14 18
19 1
13 1
4 6
43 66
67 135
32 7
4 58
1 5
8 20
8 10
50 140
11 151
9 120
37 85
44 136
55 34
30 1
19 119
4 4
3 4
5 17
8 18
6 11
10 5
21 75
39 53
6 15
20 44
16 52
16 29
20 30
39 32
28 78
37 1
3 4
12 4
6 4
19 19
3 5
34 151
44 58
32 36
2 5
11 16
12 10
4 1
59 52
17 21
22 33
3 28
1 4
11 4
7 10
65 40
65 112
74 162
26 67
54 142
4 84
21 79
3 5
17 20
9 18
9 7
10 3
9 39
35 69
36 8
55 94
30 109
5 7
5 70
31 88
27 51
40 13
9 3
14 2
15 11
13 19
20 4
11 17
2 3
20 11
9 8
3 1
6 6
25 81
52 133
55 9
7 131
67 104
7 24
7 4
12 6
9 13
4 18
17 16
13 10
1 10
4 14
3 2
5 123
12 129
7 9
2 5
14 10
11 17
4 2
39 16
49 36
55 11
16 57
1 3
3 4
1 8
43 59
2 5
8 20
2 8
7 6
49 61
5 18
36 97
53 85
18 106
4 109
36 76
1 4
10 13
1 3
41 123
4 1
14 12
13 6
19 1
13 15
7 4
1 2
50 57
30 109
33 80
32 99
44 114
56 10
9 5
5 7
12 17
20 7
19 1
4 17
2 13
19 1
7 17
3 16
5 4
47 99
31 112
40 24
40 27
25 11
8 2
10 8
19 18
16 20
6 6
15 4
11 12
6 17
18 7
6 1
26 5
11 27
27 48
13 42
20 6
22 40
10 4
6 1
18 2
12 14
1 15
11 1
13 17
11 12
17 3
9 15
9 19
5 6
29 137
12 150
82 90
7 138
21 109
6 4
9 5
11 4
10 20
9 17
2 15
17 18
3 1
46 12
64 33
55 59
8 4
11 14
19 20
20 4
15 17
12 4
17 14
7 2
6 13
1 3
37 64
7 3
5 10
16 6
16 5
12 6
3 20
3 10
18 13
2 6
42 79
42 46
9 3
3 2
4 19
15 16
7 18
10 8
18 9
18 6
1 16
2 17
3 6
27 59
33 74
20 1
6 2
16 10
1 19
6 7
14 4
8 6
3 8
6 9
63 107
55 81
55 32
44 116
47 63
7 115
4 1
5 17
4 15
2 11
19 6
6 10
29 62
37 85
42 21
54 36
9 112
38 102
10 4
6 6
19 7
3 10
19 5
4 10
14 12
11 13
11 4
5 3
16 2
4 9
51 101
28 71
31 15
51 100
3 1
7 10
20 16
13 15
10 9
24 27
5 103
10 92
33 97
17 17
47 89
52 26
26 55
47 105
16 43
1 1
3 10
6 2
78 125
23 102
82 42
72 102
8 138
74 35
2 3
11 10
8 13
2 1
5 51
12 30
3 5
18 10
7 10
19 8
3 1
33 41
65 62
18 134
9 5
4 7
5 8
7 5
19 1
3 9
4 18
10 4
9 11
13 10
10 2
22 67
14 35
1 40
41 52
23 6
33 49
39 79
41 60
3 83
9 49
8 4
20 10
20 16
16 18
15 11
20 9
12 2
2 5
7 11
8 10
77 77
14 87
87 45
33 137
34 46
57 104
17 63
60 139
10 4
7 14
8 2
12 12
11 13
15 2
8 18
5 12
15 7
11 7
15 12
5 3
53 35
57 47
73 20
44 145
86 55
1 2
12 8
7 4
8 86
23 53
9 27
9 55
4 49
20 71
38 18
5 4
15 8
18 13
1 2
7 6
7 9
2 1
26 73
32 57
8 2
19 17
18 17
3 5
9 16
13 18
20 20
18 9
8 2
5 8
37 87
38 52
9 160
15 19
75 47
4 5
15 5
18 3
13 20
9 12
4 4
56 63
48 78
39 157
66 131
7 2
4 6
18 11
2 2
7 14
17 3
13 7
7 3
3 2
49 86
22 143
8 38
4 4
19 2
18 1
3 3
9 12
2 3
59 128
47 70
8 4
12 1
13 7
16 18
11 5
15 2
11 15
19 10
1 6
7 6
65 14
16 79
39 9
57 94
30 2
13 4
47 113
2 1
13 6
2 15
1 7
27 111
8 1
2 12
10 11
3 1
5 9
3 3
7 17
16 7
7 4
2 9
50 104
32 8
7 2
13 6
15 2
18 12
13 12
7 17
18 17
4 3
5 1
28 50
13 78
41 36
33 6
55 41
8 2
16 12
13 19
19 19
13 1
7 11
14 16
19 11
1 6
10 8
47 13
23 79
47 122
19 22
22 48
57 128
10 123
54 49
47 90
53 13
8 3
14 20
5 17
7 8
10 8
19 16
8 17
3 14
6 19
4 6
5 67
29 75
21 28
44 69
2 5
10 19
11 5
10 8
43 2
68 103
30 64
30 165
67 45
56 45
67 165
72 41
83 151
11 122
1 1
7 18
8 2
41 12
26 123
73 144
31 80
61 37
26 89
69 7
6 134
3 5
12 17
2 8
13 8
6 7
34 6
27 87
33 26
11 8
51 105
3 45
10 2
10 10
12 14
1 9
8 9
13 8
7 16
15 2
5 6
13 17
4 17
9 10
70 13
26 113
69 125
16 100
6 156
56 70
18 86
77 90
26 83
5 1
14 2
4 10
6 11
5 14
13 3
6 3
37 46
34 7
17 5
3 58
31 63
40 51
2 4
7 6
19 11
6 5
77 43
73 127
46 166
85 157
1 39
73 11
8 4
12 8
3 16
8 19
17 14
15 3
19 6
1 14
5 19
9 4
45 21
34 90
53 16
36 33
15 30
5 100
23 83
23 76
29 22
4 3
3 19
17 7
3 16
4 9
5 7
13 34
56 97
51 81
27 35
10 49
9 4
9 6
4 1
4 17
4 18
18 4
9 5
17 4
7 7
4 7
8 4
28 43
20 70
52 48
15 19
60 90
36 120
23 61
67 81
6 1
16 7
18 7
20 15
14 5
16 5
4 14
4 4
43 63
13 81
14 32
40 74
3 3
16 17
7 11
14 15
1 1
44 72
6 3
17 6
2 20
10 8
17 5
7 12
3 6
1 9
35 170
7 2
9 9
15 7
11 13
7 1
7 11
8 8
6 10
9 5
40 80
49 67
7 91
12 34
55 44
41 118
21 50
63 29
17 127
6 5
11 10
20 15
17 14
16 18
7 4
10 10
6 8
49 61
73 134
23 72
39 94
56 161
7 86
8 5
19 1
12 19
1 6
5 17
2 14
14 13
16 15
8 11
7 6
47 119
24 62
71 169
44 100
26 132
20 20
38 11
10 5
5 7
8 15
13 10
16 11
7 9
1 5
6 5
7 5
1 6
18 7
5 9
23 87
10 16
9 104
1 40
17 18
7 2
7 2
8 5
14 16
3 18
1 3
10 1
19 10
8 1
12 137
82 101
78 60
87 132
72 60
47 105
13 5
81 58
7 2
15 1
16 18
10 2
3 8
17 9
1 3
14 8
4 8
23 28
64 118
25 1
28 90
5 2
15 20
3 15
13 16
10 16
15 9
2 2
40 52
14 30
7 4
1 19
7 14
5 12
17 12
8 14
13 6
4 7
8 9
7 6
40 11
34 42
39 45
41 83
20 18
3 79
41 20
6 3
9 6
13 16
1 20
5 16
5 8
19 4
3 7
12 2
29 69
19 51
8 1
14 13
5 11
14 5
10 13
15 16
8 3
16 16
4 6
1 1
8 6
8 4
17 13
18 10
6 19
13 15
20 8
10 4
7 13
18 12
3 4
31 41
58 25
45 1
1 1
15 3
3 7
44 129
16 2
15 94
8 3
1 14
16 3
5 7
15 19
13 14
16 12
4 15
10 1
2 8
79 162
78 52
7 4
9 18
2 6
19 4
20 5
2 1
12 12
7 14
9 3
40 93
47 73
46 125
6 12
32 108
38 30
21 109
36 56
13 95
4 1
15 3
3 9
19 8
16 17
8 9
47 35
21 62
13 12
50 101
16 117
48 67
2 61
8 127
5 2
4 3
13 17
7 15
3 14
5 7
6 8
68 30
72 140
37 2
78 155
43 64
54 92
4 1
7 2
16 7
12 12
7 15
7 6
12 63
7 114
47 114
70 73
35 98
67 47
8 61
3 1
7 4
1 6
2 16
4 4
27 20
3 30
58 13
10 8
10 3
5 12
11 12
1 8
8 13
11 17
19 7
9 20
17 18
1 19
8 13
10 8
42 14
59 52
23 64
60 51
31 88
31 1
50 131
23 33
39 85
65 27
1 2
16 14
10 10
22 11
23 113
39 24
69 1
24 117
41 103
60 77
26 41
49 75
69 107
3 1
2 16
18 18
1 5
6 2
7 23
19 93
15 52
2 8
47 48
22 47
10 1
3 12
17 8
7 16
2 6
18 18
15 16
14 6
4 17
12 16
8 14
4 8
48 87
28 34
25 100
73 84
2 5
11 14
10 12
4 2
20 49
44 83
2 86
21 15
9 5
13 6
6 14
18 8
17 13
11 4
13 20
16 19
8 18
4 5
10 2
48 12
14 103
8 58
14 32
22 139
72 125
6 7
17 71
35 51
19 80
9 3
13 16
18 13
5 19
12 6
11 12
14 2
1 6
12 5
16 5
9 10
5 103
24 83
83 18
57 8
13 1
62 86
13 144
2 75
76 142
8 5
2 18
9 9
9 3
3 1
13 15
10 18
7 6
17 7
1 5
31 88
1 2
5 17
6 1
79 9
77 18
57 80
71 176
25 26
55 138
7 1
2 5
17 10
2 19
19 5
20 3
10 17
14 12
2 1
32 126
63 132
3 3
19 6
19 4
2 15
4 6
51 113
6 106
25 81
16 15
3 2
19 5
5 19
11 5
1 9
8 119
9 2
16 17
6 19
12 9
16 4
7 14
16 8
18 12
4 10
11 10
1 1
44 10
3 3
5 9
4 15
20 12
1 2
34 47
10 5
9 12
1 18
13 2
8 18
2 20
16 10
20 13
17 14
20 17
6 4
3 4
18 56
6 48
31 33
3 1
5 18
14 14
6 2
1 9
6 40
9 2
15 10
4 11
17 17
15 8
10 6
6 5
14 18
17 5
1 14
10 1
34 75
1 28
47 29
43 26
65 32
48 38
49 18
52 132
61 120
36 28
3 2
20 14
19 10
5 18
2 3
5 77
42 100
4 5
20 9
11 13
19 10
3 14
6 2
26 97
42 111
56 93
51 76
43 100
45 47
10 1
14 6
15 5
5 12
2 12
3 14
9 8
11 3
5 10
5 20
6 18
3 4
61 65
64 17
14 97
8 5
9 16
1 7
3 14
13 11
16 7
20 3
10 19
2 15
4 6
60 105
13 44
9 123
47 69
9 4
1 18
8 13
14 6
18 9
2 8
19 18
14 19
16 6
7 6
1 3
4 31
10 3
18 5
3 4
20 17
2 14
20 8
10 18
9 15
3 1
15 17
18 17
1 2
75 40
3 3
11 15
10 11
7 2
3 4
78 49
80 107
25 158
7 2
2 19
18 7
12 15
19 11
17 6
16 10
4 13
9 8
45 18
30 154
2 13
17 42
4 165
4 72
59 47
29 98
35 123
4 3
16 6
2 18
8 7
17 15
5 4
40 78
7 114
6 91
1 6
41 48
6 1
9 14
7 3
4 10
19 9
8 17
2 10
7 10
36 147
75 37
41 28
57 103
56 2
50 95
47 67
4 3
11 11
12 19
1 14
10 5
10 1
13 67
2 75
41 60
41 32
37 4
33 27
16 78
46 75
9 45
30 84
1 5
19 15
1 9
47 64
7 3
17 16
10 9
13 17
6 20
2 15
14 8
4 3
9 6
8 24
44 59
52 13
25 117
62 106
20 29
69 99
47 45
43 120
4 3
16 2
13 15
8 14
15 17
9 7
25 74
66 13
66 132
21 124
65 95
47 26
59 62
4 116
44 146
9 5
5 13
2 5
12 15
16 12
18 17
1 2
3 19
19 13
17 5
9 6
23 68
12 85
1 109
31 66
25 61
2 73
7 69
5 104
6 110
9 4
9 3
6 12
10 16
9 8
4 4
5 20
18 1
16 16
3 3
2 10
47 9
30 84
9 2
8 3
16 1
18 13
14 2
11 19
5 19
3 15
11 6
19 2
2 3
3 105
31 152
7 5
4 1
11 19
17 12
19 3
18 18
9 10
18 4
9 9
10 42
4 77
16 3
32 14
1 18
39 77
33 9
16 30
7 20
4 5
20 1
8 5
12 20
12 6
6 7
12 56
42 43
5 13
21 86
36 56
28 59
6 2
8 1
12 14
11 1
11 17
6 16
18 2
9 1
8 31
55 24
61 169
42 70
20 41
11 126
50 60
35 98
1 139
5 3
2 7
6 20
11 14
7 18
1 6
1 3
66 68
1 5
17 9
10 2
65 92
37 41
56 16
50 7
61 65
66 3
58 86
23 99
61 124
24 142
7 3
6 14
3 19
5 11
3 5
10 11
3 5
17 20
4 7
37 134
20 75
21 10
11 46
7 4
15 2
4 11
12 6
7 14
20 4
13 11
7 15
3 3
44 91
24 53
5 12
7 4
10 2
3 5
9 14
18 20
17 20
16 14
1 2
8 1
45 71
56 2
58 47
9 99
16 82
42 46
48 109
4 89
8 4
3 7
12 10
12 15
18 5
1 6
7 15
6 1
10 2
6 9
19 38
68 118
2 35
33 45
27 87
60 147
10 5
20 8
17 9
9 7
5 15
12 12
5 10
15 11
6 14
5 5
13 8
8 5
23 69
11 77
23 23
35 27
8 12
3 2
11 8
25 38
10 4
8 15
3 14
16 14
20 11
17 16
7 4
11 19
13 18
7 4
19 7
4 2
33 4
28 74
32 15
4 73
9 5
19 16
5 12
2 13
4 16
7 1
5 17
9 10
10 11
14 3
8 6
22 101
15 6
53 66
26 14
6 104
33 5
37 6
11 92
6 1
19 3
12 9
4 13
19 7
16 9
1 12
4 10
45 160
64 133
3 87
4 12
2 3
14 5
1 15
1 4
36 67
4 2
12 3
10 9
14 8
7 9
2 7
45 18
27 17
1 1
14 7
8 1
31 128
79 118
60 144
61 71
69 86
17 140
16 22
34 34
8 2
9 20
20 13
3 10
17 18
8 6
6 6
11 9
13 5
3 6
38 69
53 69
15 61
3 5
13 20
2 11
7 9
10 6
82 110
12 65
23 39
14 32
62 55
17 133
46 127
41 143
81 9
34 48
4 5
17 2
1 1
8 9
7 15
4 2
55 4
43 61
8 100
17 65
3 5
2 20
12 19
3 15
3 7
72 64
76 55
47 120
2 2
1 4
20 13
7 7
33 28
14 71
41 37
29 109
57 86
22 77
10 19
4 5
10 10
8 19
5 19
19 19
5 3
9 93
10 39
10 65
35 58
17 77
5 2
7 12
17 1
6 1
9 2
18 14
4 5
38 55
18 78
62 123
43 98
8 2
20 11
6 5
17 17
3 11
2 10
12 19
7 8
11 15
1 4
54 49
2 1
2 4
10 11
4 7
47 2
13 28
35 35
8 14
5 1
15 4
3 16
4 10
11 4
14 20
3 5
39 127
21 17
42 101
3 1
1 19
11 6
10 7
5 2
37 45
41 90
64 105
26 151
50 36
3 1
1 8
13 1
10 3
6 9
63 18
59 13
18 19
5 85
18 13
66 58
9 5
17 8
20 4
9 5
14 6
4 3
3 13
11 17
12 7
10 1
8 6
14 137
62 30
19 47
59 35
19 93
64 13
73 102
61 47
5 4
11 7
3 15
16 14
11 14
14 19
2 7
88 80
40 72
9 1
4 11
20 15
9 11
6 20
10 1
8 20
20 3
19 12
14 11
8 3
53 76
1 93
1 89
29 15
18 73
17 41
29 64
19 86
2 4
7 3
20 1
8 1
22 28
6 93
4 9
12 57
40 39
53 1
6 88
31 35
8 4
8 15
2 20
19 14
15 8
11 7
8 9
1 16
20 5
8 10
38 88
48 78
63 115
62 74
61 27
77 154
7 51
47 16
2 3
5 11
7 19
5 1
28 58
44 55
64 133
15 104
2 92
6 4
11 7
3 7
1 6
2 14
6 12
1 12
8 8
37 99
59 77
38 124
74 102
66 172
55 108
74 13
68 162
2 4
11 11
10 12
1 4
2 128
3 3
11 6
16 3
4 20
6 3
36 35
39 131
52 23
62 17
22 25
32 85
6 1
8 19
6 9
16 2
7 9
19 5
1 20
10 4
35 57
13 76
38 36
8 55
10 44
76 140
5 5
52 84
10 47
30 84
4 2
11 17
1 10
3 19
15 6
3 4
59 81
62 38
27 80
7 4
2 17
7 14
2 3
7 2
9 1
2 10
20 13
9 6
29 90
20 71
10 109
16 118
21 15
59 96
3 55
18 118
66 1
5 5
18 8
9 3
9 16
19 13
20 12
10 2
8 67
23 48
4 81
10 10
36 37
38 84
23 28
11 22
5 17
24 73
5 4
13 9
2 3
17 13
7 18
17 4
10 9
57 54
11 46
24 17
20 2
61 105
1 59
33 43
52 34
61 108
56 91
7 1
16 1
13 1
17 4
8 18
3 14
16 14
9 3
8 4
3 71
26 81
32 60
41 66
12 75
33 14
56 110
52 29
6 4
13 11
19 10
18 12
9 17
3 20
18 6
3 7
41 66
40 9
21 63
6 1
4 20
18 20
11 14
10 18
1 17
7 11
1 2
24 62
4 4
4 15
13 13
17 20
11 6
10 2
39 25
45 22
25 60
34 86
17 23
30 57
23 45
12 37
2 39
16 38
10 3
1 2
12 4
5 8
16 16
4 19
18 13
9 1
12 8
17 20
11 20
1 5
25 106
1 4
20 2
6 8
27 27
38 115
74 141
26 144
87 156
45 111
2 3
2 19
20 7
8 10
76 74
17 60
17 30
17 51
7 137
26 102
18 70
34 69
6 2
2 14
14 7
9 4
3 2
3 15
16 1
4 9
43 57
10 82
58 95
44 110
4 3
12 5
3 15
12 20
5 6
5 8
11 94
36 42
22 23
16 78
22 89
7 3
4 6
10 6
11 17
9 13
4 7
1 14
3 12
3 1
29 58
53 2
50 69
4 4
12 4
18 11
9 14
19 15
4 9
28 59
20 6
13 49
49 23
3 5
4 2
17 10
3 17
8 8
49 104
1 27
29 9
29 11
35 2
8 18
48 36
35 38
6 5
14 9
11 7
7 12
1 1
9 12
6 12
10 7
26 15
15 45
24 73
24 57
29 14
1 51
7 6
20 16
36 66
41 63
9 3
20 17
20 9
2 16
5 7
2 3
13 12
17 6
11 3
3 1
1 9
58 69
10 1
6 1
15 20
12 5
5 14
3 17
8 3
13 5
3 5
3 7
14 12
5 9
27 161
55 13
12 137
14 54
33 124
8 5
19 7
15 17
13 2
14 3
11 5
19 2
10 6
11 12
8 7
44 135
27 147
30 38
25 10
27 91
18 115
35 135
2 98
4 1
6 6
13 3
10 7
14 1
10 4
30 145
22 112
12 87
71 1
60 111
50 97
21 132
58 91
52 4
85 115
8 3
5 18
14 10
4 18
16 10
5 16
4 8
19 17
6 19
4 9
30 87
68 98
55 6
2 1
3 5
17 7
8 6
8 19
3 4
81 76
82 29
12 108
4 3
8 5
20 18
4 2
20 20
6 4
27 45
11 36
24 70
43 41
31 42
33 56
4 5
10 1
17 20
8 1
4 17
4 8
59 99
9 42
4 19
43 38
8 4
17 5
4 14
19 13
18 9
20 5
9 6
3 14
2 5
1 5
19 15
9 4
12 13
6 10
17 9
5 1
16 6
1 18
11 7
8 6
12 19
4 2
30 2
30 97
12 26
36 70
8 5
12 18
18 10
13 5
1 6
8 20
16 4
13 1
6 8
5 8
57 116
10 2
10 62
51 123
37 23
5 5
10 12
15 3
17 19
14 17
18 6
7 2
36 54
22 120
6 23
55 26
19 19
46 37
17 13
1 1
13 19
2 6
13 110
15 21
1 4
20 2
9 7
17 87
10 42
28 58
52 88
39 9
37 113
53 95
16 50
16 71
3 2
15 8
4 4
1 9
1 10
82 145
9 5
19 12
12 9
8 14
9 13
5 18
9 1
20 9
19 9
15 16
7 3
37 18
29 12
39 106
25 86
51 71
65 5
59 80
10 3
2 15
5 4
15 16
15 13
10 14
13 17
18 16
18 12
19 3
16 11
6 2
30 154
78 28
23 153
32 25
17 157
2 70
7 5
8 2
8 7
3 2
4 17
7 7
18 17
20 16
3 10
39 58
48 12
40 16
9 3
12 13
2 14
1 5
8 4
7 20
2 8
3 11
6 15
1 10
7 4
50 47
20 24
61 109
22 57
25 147
48 49
57 66
2 1
14 7
18 2
4 3
3 32
18 41
27 63
36 51
10 1
20 18
12 19
18 3
12 3
5 15
19 4
9 18
8 20
8 3
20 9
1 5
30 6
5 1
3 1
16 19
8 16
16 15
19 5
5 8
40 68
37 120
9 2
52 31
33 24
7 2
10 7
13 19
18 10
4 10
7 18
2 8
13 1
5 3
14 14
7 14
43 68
45 69
39 7
4 1
9 14
20 6
9 19
19 11
7 8
24 28
33 36
40 56
6 68
42 86
44 54
27 19
3 4
13 18
5 12
15 17
6 9
43 74
7 2
3 95
17 49
27 29
48 80
1 5
9 5
2 6
50 13
78 48
2 5
9 15
9 18
8 10
46 122
64 38
50 75
47 111
26 28
58 90
56 89
47 116
10 1
9 15
18 19
9 16
3 17
16 13
16 18
3 19
7 18
9 9
4 6
8 8
4 104
4 59
20 92
32 100
15 12
36 24
13 41
4 99
2 2
20 16
2 6
6 10
70 40
47 52
65 102
55 55
19 88
3 6
5 5
5 19
14 8
18 7
9 16
7 8
5 6
54 122
23 68
11 42
26 43
15 64
10 2
9 20
14 17
20 2
4 17
19 13
11 6
9 8
16 4
9 8
11 2
9 5
24 5
15 39
29 2
10 49
27 24
39 62
1 52
17 8
26 13
7 4
8 16
1 12
2 15
6 14
14 16
2 20
11 15
5 7
36 41
30 60
5 100
21 79
44 3
7 2
7 18
19 13
17 1
17 20
4 14
9 18
14 1
5 3
29 66
46 14
26 53
37 138
25 32
3 5
6 1
7 10
16 10
2 6
22 110
45 23
5 1
18 2
3 2
6 18
8 7
9 12
5 5
24 109
4 106
32 62
48 56
6 32
5 4
20 7
8 6
2 7
14 6
8 16
5 4
60 105
52 21
19 66
46 42
31 100
10 1
9 7
16 19
18 1
13 11
6 17
14 16
15 8
18 14
7 5
17 2
3 7
20 76
35 117
59 75
8 4
10 9
6 15
6 3
12 12
6 12
15 9
17 18
16 6
6 1
17 26
49 36
28 91
25 90
18 19
38 29
5 5
9 12
15 20
3 10
16 16
14 5
5 5
5 44
38 73
31 12
25 111
37 115
1 3
7 1
5 5
22 36
2 28
40 40
30 58
9 2
9 4
6 6
5 13
9 11
10 7
13 18
8 7
17 4
6 4
17 9
10 1
24 35
22 79
32 73
42 6
10 42
2 34
32 73
25 51
41 84
2 48
4 2
8 17
20 17
12 5
11 17
8 9
49 13
45 62
43 97
31 17
1 14
38 75
11 43
1 12
4 1
14 16
6 20
12 9
20 11
10 6
25 35
23 84
34 48
26 96
48 80
38 33
18 4
35 32
28 10
10 50
6 3
8 3
7 19
7 2
12 2
18 7
3 4
2 3
21 40
71 48
3 4
2 16
20 13
5 11
1 7
49 2
9 5
16 15
13 9
17 10
7 16
13 20
20 13
19 1
12 14
4 16
5 1
19 110
22 9
1 67
37 104
45 29
8 1
5 4
6 15
13 6
3 2
18 16
7 4
6 14
17 17
7 3
32 14
72 101
70 1
30 83
45 84
70 143
4 63
5 1
10 3
11 15
12 7
14 2
4 15
1 2
50 66
3 1
19 2
17 8
7 19
4 5
80 174
85 4
30 96
46 154
9 3
20 9
4 4
14 6
12 8
9 9
15 3
8 14
1 8
10 6
10 9
12 49
37 1
22 64
36 84
17 81
16 90
5 86
29 32
9 59
45 63
3 2
20 1
8 1
10 3
3 3
34 46
18 119
46 111
9 3
9 15
2 9
15 19
10 5
1 1
4 9
2 8
20 3
13 16
9 9
1 143
45 161
33 149
39 117
25 124
5 28
33 99
35 131
34 29
6 1
17 19
13 18
3 14
8 7
9 20
20 14
5 3
44 39
59 50
11 113
20 131
55 45
2 5
2 7
10 11
2 5
4 141
49 106
8 3
15 17
16 2
20 15
10 18
19 8
6 2
1 1
13 2
9 3
58 102
35 136
50 68
16 113
1 38
22 78
44 86
25 128
4 3
10 2
18 8
7 4
2 16
17 16
18 3
3 16
13 3
16 12
19 14
6 9
9 7
30 52
61 9
48 62
36 116
28 48
9 117
51 102
38 78
6 4
7 1
6 2
5 9
5 7
5 3
11 13
5 9
3 13
4 4
36 73
20 8
7 94
14 15
6 5
3 2
9 1
15 8
6 13
15 10
16 17
7 4
44 21
45 57
23 48
10 62
8 62
36 8
1 84
8 1
8 1
6 3
18 20
16 2
2 2
14 15
5 18
16 8
9 7
71 69
28 11
74 34
40 142
17 65
16 115
47 117
10 128
31 124
7 4
18 10
6 2
8 10
10 6
20 7
2 4
18 18
6 6
67 30
35 135
53 75
5 1
41 74
23 28
3 3
9 8
1 2
9 19
4 4
66 3
31 170
31 155
64 67
1 1
10 13
10 5
48 99
10 111
16 105
19 19
32 81
11 7
28 13
16 7
53 35
64 104
6 3
7 16
16 15
20 18
1 12
8 18
10 14
10 7
5 40
14 26
25 112
64 97
15 86
28 34
36 107
7 23
35 108
49 79
3 3
8 7
16 11
16 11
10 3
32 128
22 27
36 34
60 145
7 117
22 28
26 63
14 103
65 88
9 2
1 1
6 14
4 3
20 144
66 104
23 71
26 69
9 2
11 6
14 9
20 1
9 14
10 16
1 20
3 6
17 18
20 3
3 8
4 36
11 61
44 78
9 3
7 8
3 15
6 14
18 20
2 6
1 18
13 9
9 14
12 11
4 2
28 16
8 42
1 66
23 74
4 3
19 6
9 19
16 11
14 5
4 8
20 82
5 2
36 22
45 39
7 4
9 11
12 13
2 13
12 14
11 5
19 1
19 16
4 2
72 33
15 9
74 50
2 21
3 3
10 17
17 9
9 15
2 10
27 17
57 97
5 3
1 19
19 5
2 17
2 3
11 7
8 10
36 110
13 37
46 24
16 121
54 47
7 78
55 6
3 55
3 2
17 4
10 2
13 7
1 7
20 108
9 2
2 1
1 2
18 20
1 16
20 12
3 1
1 12
17 6
17 10
9 2
36 86
13 4
6 32
12 73
4 18
20 42
21 54
27 70
9 27
5 4
13 18
20 8
7 11
14 16
4 4
2 5
30 124
29 21
1 4
1 17
10 6
14 4
4 3
16 46
3 64
19 8
20 77
11 14
11 73
2 3
50 56
10 1
14 4
18 10
14 6
3 1
11 15
4 18
19 4
15 11
12 6
10 2
1 3
42 44
5 2
10 8
3 19
13 14
20 14
17 1
5 6
47 43
11 17
45 70
4 13
3 3
7 2
2 15
10 13
12 5
14 16
2 16
6 3
3 1
10 10
54 151
24 120
35 53
23 136
53 121
26 136
49 63
17 50
30 34
24 102
10 3
12 14
19 16
9 10
17 3
6 10
4 19
3 13
2 12
14 3
4 13
3 8
22 54
14 114
12 52
9 3
20 18
20 13
16 9
19 20
11 9
14 17
8 17
7 18
10 1
3 10
8 129
11 57
14 100
5 4
12 19
12 7
4 6
14 7
8 20
4 5
13 129
28 8
24 32
8 65
2 5
14 19
19 11
3 7
20 61
8 26
25 9
2 5
8 2
12 8
7 8
20 99
51 99
50 11
52 114
17 29
44 108
23 72
2 5
7 14
17 9
1 8
72 99
1 3
13 7
2 10
6 40
72 42
8 3
3 12
14 14
8 10
16 9
16 16
13 5
5 19
10 4
5 9
86 66
66 2
69 27
16 67
64 6
8 5
7 15
7 4
15 18
11 10
15 17
17 20
3 17
15 4
4 7
21 101
27 40
4 101
38 71
9 5
9 20
19 15
6 9
7 19
12 18
11 1
2 8
17 20
11 5
5 7
41 110
52 71
52 40
14 25
9 13
5 5
1 6
3 8
19 5
2 6
2 19
7 7
29 56
54 82
18 15
55 166
3 7
49 140
82 66
6 2
7 15
10 4
13 18
6 4
16 13
15 2
6 7
30 101
10 116
13 77
1 39
21 115
8 44
10 1
18 4
12 20
5 17
3 1
9 7
10 10
13 19
4 3
1 7
8 12
7 9
24 95
57 51
44 89
34 117
17 6
72 104
41 117
4 1
7 18
8 18
2 13
2 2
6 2
1 22
30 76
1 57
36 65
26 51
9 92
1 1
1 13
3 8
5 46
9 79
42 21
3 4
3 5
5 3
17 14
3 10
66 17
38 20
56 41
1 3
13 9
5 2
3 12
4 4
46 17
62 36
40 90
9 3
9 5
13 10
3 8
11 5
18 5
4 3
8 14
16 9
17 7
5 7
21 155
7 109
64 132
51 146
56 46
1 5
8 11
3 2
19 48
11 84
36 92
6 2
13 20
7 8
16 14
5 4
16 15
16 11
3 10
31 30
60 121
66 92
4 3
15 12
10 18
5 9
19 14
5 6
23 86
22 136
29 97
53 69
14 59
4 3
11 1
19 20
8 2
15 6
1 3
23 16
2 2
7 7
20 4
5 4
40 77
36 112
55 62
55 16
27 51
4 3
2 10
8 8
14 14
20 4
10 2
45 61
44 124
17 95
48 112
4 63
2 35
32 116
35 103
37 118
13 12
3 1
13 11
9 3
2 2
4 1
47 34
87 163
54 36
29 61
6 1
5 12
20 4
3 18
12 18
14 19
10 16
7 3
34 79
27 9
7 59
77 124
36 128
14 131
60 34
8 5
20 16
12 17
9 7
6 5
11 14
18 3
14 11
7 13
4 5
47 26
21 109
34 113
4 88
8 1
9 15
3 17
17 8
3 10
14 10
2 10
7 17
18 6
10 6
38 103
68 46
33 37
47 25
9 11
18 121
11 47
52 17
37 103
28 40
10 2
14 15
16 1
19 6
14 11
9 11
14 9
5 5
12 5
9 1
16 11
4 2
12 29
51 157
26 54
75 115
8 5
17 12
17 7
18 8
19 4
4 19
12 13
6 13
6 8
8 6
46 4
18 75
11 52
3 57
15 6
18 58
29 82
2 5
9 3
20 15
16 14
17 20
8 19
16 15
19 12
3 7
5 6
13 3
5 2
30 115
49 25
50 99
47 78
60 108
7 3
10 12
5 5
10 1
4 19
15 6
17 12
14 19
3 5
77 48
79 62
42 5
8 4
17 13
9 18
20 4
12 7
5 6
11 16
18 7
2 17
3 5
26 55
23 125
63 7
10 3
17 3
15 8
14 13
5 15
1 19
10 17
4 1
5 1
7 5
5 7
5 9
3 22
9 76
18 44
22 23
6 78
8 3
13 14
9 5
16 19
3 10
1 5
2 7
15 2
13 13
4 2
60 32
1 128
13 108
76 141
9 4
8 1
5 9
9 4
13 4
1 4
1 7
16 20
19 7
17 18
2 3
56 89
19 85
10 4
20 18
10 9
6 16
6 12
3 19
17 3
6 2
6 13
10 19
5 7
6 8
18 72
36 29
20 35
27 76
10 63
15 83
1 4
20 13
10 2
81 30
58 14
24 78
4 42
28 48
40 104
54 156
82 10
6 119
17 11
9 1
11 16
2 1
9 18
9 14
7 5
7 18
9 19
5 10
2 15
8 1
73 109
16 40
3 107
38 139
45 87
5 136
32 111
23 64
9 3
4 6
2 13
13 9
20 10
3 14
2 13
12 2
18 14
3 1
2 9
6 73
16 47
2 5
11 6
2 19
5 2
6 95
16 117
55 47
56 92
2 44
10 5
2 19
3 5
15 18
19 15
12 2
10 9
3 10
3 12
4 10
6 3
6 3
37 11
22 47
29 76
49 114
10 64
58 112
5 1
1 13
20 7
12 15
14 3
18 14
7 5
65 44
49 8
41 118
64 59
9 103
20 125
1 93
1 3
11 10
7 2
85 79
58 51
88 39
34 124
50 111
8 1
33 22
1 3
3 18
6 5
69 122
56 45
29 27
54 103
22 149
11 86
9 4
6 18
10 3
12 2
19 20
6 16
9 8
5 10
3 4
11 11
2 9
25 47
72 116
9 1
17 6
4 18
8 16
2 7
5 19
9 13
18 14
9 12
18 1
6 5
24 36
8 63
8 38
53 38
9 18
38 81
6 1
4 10
7 7
10 18
19 5
16 8
12 6
10 5
37 9
66 126
46 41
49 103
39 18
1 108
23 117
35 136
55 40
33 138
1 3
10 2
9 5
19 23
61 20
19 121
57 42
29 97
39 65
2 24
47 36
34 16
3 2
14 4
11 13
8 12
10 5
5 5
46 100
17 68
28 82
12 119
16 94
7 85
32 45
32 72
55 7
5 1
3 3
2 10
9 16
14 14
11 11
9 5
27 34
59 101
22 22
35 31
8 9
27 107
55 13
30 133
65 97
7 5
20 7
16 5
4 1
3 9
4 16
7 4
12 4
7 1
28 94
24 46
39 82
36 64
16 65
43 85
32 18
9 4
16 11
19 19
16 11
7 16
15 19
15 11
19 2
15 6
19 5
10 2
9 35
15 53
21 68
35 61
29 6
12 12
21 25
29 33
19 53
12 79
3 4
14 17
15 13
4 12
3 10
31 37
40 20
7 84
1 3
8 8
1 7
32 35
1 1
6 1
2 7
71 100
4 4
9 5
14 12
9 12
9 3
3 13
8 19
3 5
18 11
11 19
10 18
2 1
4 9
10 96
4 2
1 5
10 11
10 11
8 1
10 1
34 19
20 53
33 48
48 77
51 53
41 94
31 19
55 86
1 79
30 11
8 4
11 8
17 5
1 11
7 11
12 3
3 4
11 15
11 1
6 2
66 106
10 81
67 9
26 24
42 60
67 49
7 1
20 4
3 13
8 1
12 5
17 18
3 17
6 16
5 5
83 20
30 60
36 76
76 13
44 75
5 5
15 6
6 20
3 8
15 12
19 8
2 7
2 29
13 14
4 3
6 8
5 3
9 15
2 9
9 2
44 13
5 81
44 80
25 51
10 38
30 55
6 13
56 8
29 68
6 2
8 1
5 14
17 8
20 2
13 15
18 11
6 1
24 93
39 109
34 113
49 8
52 62
4 19
1 2
15 19
10 2
16 64
9 59
18 50
12 50
31 45
35 5
26 74
38 38
36 77
29 38
8 1
17 6
20 18
11 15
14 1
8 12
16 17
12 8
19 14
10 2
58 45
18 14
40 64
15 73
11 19
37 66
17 81
22 20
42 9
20 21
5 4
16 12
15 7
13 18
5 8
18 3
4 5
45 60
48 68
23 149
2 145
8 4
4 13
6 13
7 20
13 7
7 11
8 12
17 16
1 18
9 6
43 105
4 149
50 154
61 119
81 63
22 40
45 69
71 13
25 172
3 2
3 6
4 9
8 17
5 1
56 136
63 136
69 4
23 3
32 80
7 4
11 16
2 14
15 20
11 5
7 14
13 19
7 8
2 8
83 102
15 119
5 5
14 8
5 9
16 13
5 8
4 16
6 2
21 31
14 122
47 36
49 138
71 93
52 139
3 1
4 13
1 1
5 3
5 4
76 5
85 65
59 67
59 161
17 153
10 2
19 20
18 9
4 10
1 7
18 15
8 1
5 4
3 16
8 7
16 16
2 2
6 16
77 28
6 3
12 20
8 15
3 14
4 16
7 19
12 4
7 7
44 146
61 85
48 127
58 49
32 96
75 94
30 133
6 2
13 18
15 2
6 19
2 20
9 6
6 9
6 9
21 64
60 127
59 34
58 78
57 86
2 50
9 1
14 18
8 4
16 5
8 18
5 1
2 2
3 12
12 10
1 12
8 6
18 14
2 107
4 26
53 14
20 104
33 16
26 33
52 92
2 4
6 14
16 10
6 10
37 63
10 1
15 5
44 51
30 18
1 42
4 2
20 2
8 2
4 16
18 3
2 10
13 88
49 10
4 2
8 12
2 9
2 11
8 1
9 9
64 25
14 29
65 72
9 26
73 117
67 109
4 136
30 30
14 117
9 3
20 20
17 19
6 3
10 17
8 19
16 7
20 2
5 11
6 17
8 1
15 66
16 73
35 62
28 37
30 57
6 49
29 29
29 29
6 2
7 8
15 7
14 17
17 16
20 12
14 13
5 8
49 66
33 118
15 45
55 89
41 81
2 4
12 17
8 15
5 5
11 40
31 107
52 77
59 10
45 58
9 2
10 20
1 20
11 6
17 19
2 19
20 16
14 11
12 17
6 6
9 3
52 8
16 118
51 13
65 125
8 16
67 95
54 140
24 131
19 36
7 5
2 5
7 14
20 14
2 5
13 12
7 13
19 4
4 9
17 30
48 100
53 68
49 7
2 2
16 13
8 17
4 8
11 25
16 1
26 101
48 74
3 5
9 20
2 14
14 9
5 5
42 66
25 56
37 46
38 46
1 94
5 4
18 8
9 11
7 14
8 14
19 20
10 9
14 16
27 16
39 7
1 19
28 57
15 66
17 44
21 22
22 26
46 2
6 3
12 13
14 13
6 2
16 18
19 7
1 1
10 8
45 92
24 124
48 138
52 86
74 89
73 23
31 40
3 81
75 123
74 28
9 2
15 2
12 4
9 17
20 14
18 7
6 4
13 1
2 8
16 10
5 10
71 46
11 61
25 22
63 28
58 58
8 1
6 14
4 2
9 8
5 5
11 1
17 14
13 20
4 5
7 8
81 20
8 43
18 36
56 89
57 6
73 56
39 124
9 3
2 18
5 19
7 14
15 1
8 9
4 16
14 14
14 20
17 1
1 7
16 114
9 5
6 1
9 15
6 17
7 9
5 4
8 14
14 19
14 11
2 10
9 1
8 25
3 24
27 104
27 98
64 27
5 94
26 18
35 46
11 66
5 4
2 14
3 18
6 11
1 10
8 19
6 5
42 82
31 1
45 50
59 51
1 57
41 83
10 4
1 20
2 7
7 14
7 10
14 15
4 1
5 20
17 17
3 17
8 17
3 7
77 132
6 76
36 123
3 2
19 16
16 10
19 9
2 4
73 6
63 80
5 3
20 14
11 6
16 14
10 4
18 13
5 10
32 112
44 108
2 4
49 117
29 79
10 1
9 5
16 14
13 2
2 6
7 14
18 12
6 10
18 19
4 17
14 18
2 9
31 52
15 8
8 4
5 17
1 6
15 6
10 2
5 13
8 18
2 20
17 13
2 10
14 74
26 78
4 5
11 6
12 15
15 1
18 1
4 2
16 96
35 99
29 17
45 26
8 5
11 12
1 18
5 2
7 2
6 15
11 7
7 6
5 13
4 9
32 28
1 41
10 61
35 25
7 1
14 2
3 12
19 17
11 3
6 19
20 18
13 6
3 3
48 7
9 57
54 60
5 5
17 11
12 17
18 10
10 11
9 17
10 10
10 13
39 85
29 89
5 54
13 3
23 23
9 1
13 45
7 22
11 64
2 4
1 6
19 8
8 8
56 104
31 65
37 91
37 152
57 21
42 108
67 149
22 67
9 4
9 18
7 3
9 5
10 7
19 17
17 8
15 14
18 14
20 20
8 7
30 74
15 92
41 65
54 76
53 66
37 6
56 90
29 76
10 2
12 5
1 17
2 11
18 17
13 3
6 11
11 8
10 2
16 4
16 16
1 7
40 110
8 1
7 5
8 7
11 19
3 8
16 16
10 11
9 12
20 8
9 2
50 106
11 61
57 94
61 106
55 35
14 39
46 120
51 45
14 68
6 5
1 3
11 5
1 1
1 7
1 9
19 9
3 1
58 35
65 73
43 129
7 3
7 10
13 2
17 12
4 1
6 10
2 12
12 13
1 7
29 92
7 1
19 7
1 3
5 6
8 17
20 3
8 15
6 14
5 10
40 39
19 113
44 29
35 6
30 56
3 4
5 3
5 6
20 8
8 5
48 82
6 16
11 52
13 77
7 47
65 146
11 88
23 146
7 3
1 14
11 11
11 13
20 11
5 14
8 9
5 17
9 8
9 54
1 61
52 8
65 26
13 123
25 124
54 54
14 85
6 133
1 5
16 11
7 1
4 5
24 53
17 31
34 74
32 48
20 85
50 43
4 3
12 4
18 4
3 19
9 1
4 2
11 3
44 26
4 51
10 31
9 5
10 5
20 3
11 6
1 12
7 1
4 10
1 9
15 19
4 13
10 3
66 125
36 117
35 16
38 108
19 75
33 99
20 61
34 124
64 10
57 120
7 1
5 2
7 18
6 10
18 14
20 14
14 7
2 5
1 10
51 3
3 3
14 15
13 3
1 8
2 6
22 20
42 135
8 4
15 17
9 13
16 4
12 7
1 16
12 12
6 9
13 19
4 8
55 99
40 4
54 46
13 108
7 5
19 18
2 9
2 3
15 9
17 6
6 15
16 20
6 1
3 121
62 93
33 11
3 27
4 9
31 36
4 2
11 12
17 1
12 6
16 1
7 3
71 119
70 71
72 12
63 15
51 10
42 60
26 106
7 3
12 20
14 8
20 6
12 9
6 16
1 6
19 8
1 9
11 20
9 4
16 7
16 1
4 1
4 8
16 7
16 18
8 4
20 20
1 17
4 1
57 67
55 79
10 162
51 91
3 5
6 7
7 3
1 3
6 8
4 58
32 5
32 60
32 30
27 20
32 15
4 4
11 5
1 18
17 19
20 2
7 2
15 89
13 111
27 50
32 24
28 64
41 3
52 24
6 3
19 7
19 8
15 2
2 10
2 4
6 10
9 4
12 23
30 49
45 69
23 62
51 123
59 15
46 71
26 122
24 103
7 4
14 13
3 19
6 11
5 12
2 1
3 14
12 11
9 7
70 73
28 3
18 98
69 90
42 119
22 87
80 67
12 137
72 20
6 1
9 1
18 1
9 7
5 16
18 14
18 5
8 9
44 9
48 41
64 87
17 70
34 54
41 89
10 64
31 15
10 5
6 5
1 1
3 4
1 12
6 11
6 11
17 12
17 17
19 19
8 7
7 9
35 36
37 8
39 6
46 94
18 23
43 86
41 68
4 2
9 5
14 2
11 10
14 4
2 3
3 69
45 117
1 1
1 17
10 3
17 81
7 93
23 62
23 34
43 67
29 116
22 65
27 14
15 56
38 1
5 3
11 20
7 17
3 2
6 8
10 2
2 3
33 110
52 55
4 4
7 11
2 18
14 17
12 10
4 5
64 121
46 121
70 136
26 85
2 1
14 10
3 8
10 8
41 84
51 37
43 71
48 79
3 15
53 79
16 85
27 120
9 105
44 86
2 5
5 3
18 17
6 1
27 13
29 99
11 92
55 11
16 45
25 92
6 1
2 11
8 9
1 6
5 16
18 5
6 6
1 2
40 53
2 1
2 16
20 18
3 7
46 63
52 134
34 79
1 4
19 5
5 6
68 74
38 13
61 53
12 128
31 28
5 3
6 20
16 9
3 7
10 14
20 3
3 6
66 159
17 63
34 93
3 4
3 8
11 4
2 13
10 1
31 65
43 14
21 69
37 73
25 59
20 67
21 46
34 58
14 15
24 24
3 5
18 19
8 12
14 5
2 10
19 156
46 132
8 4
2 20
3 9
2 15
7 7
5 6
5 15
7 10
19 3
8 3
36 52
6 104
50 25
26 70
9 109
30 67
42 104
42 29
3 4
18 18
7 8
9 13
3 5
2 151
51 58
30 127
9 4
20 20
10 9
14 2
19 12
19 6
4 9
4 11
7 19
3 18
5 3
31 89
22 32
58 107
9 61
11 73
5 2
14 1
2 8
18 14
14 14
7 10
5 8
37 87
56 110
77 121
33 113
65 145
5 3
18 1
2 20
16 9
12 17
4 17
7 2
4 94
70 54
66 140
42 23
15 86
42 51
46 89
2 3
20 20
3 14
2 2
35 43
5 34
3 2
12 10
19 20
17 17
4 10
77 5
12 93
62 102
86 59
3 4
8 7
4 20
7 2
2 3
17 4
47 41
4 2
1 19
19 18
5 5
17 9
9 1
22 67
41 19
26 2
30 64
14 99
21 59
18 33
15 55
15 76
4 5
3 13
18 4
17 3
5 13
8 8
22 39
50 62
43 58
6 76
49 11
2 98
18 100
34 66
5 2
13 13
17 19
10 13
12 18
18 20
9 8
26 157
7 15
31 94
28 63
4 100
56 36
5 99
79 75
83 132
4 2
12 1
1 15
12 5
7 20
10 5
9 48
38 66
23 55
50 50
2 52
20 67
21 9
51 3
25 101
36 67
3 1
12 13
14 16
1 16
9 6
40 85
8 12
52 109
35 51
10 117
48 49
52 71
15 73
11 48
2 2
15 16
6 20
5 10
28 10
47 61
22 77
30 66
50 94
7 3
1 4
1 19
6 14
10 11
12 11
17 18
9 18
2 4
9 53
32 29
10 2
12 3
8 7
13 7
15 8
9 10
6 3
10 9
6 18
10 13
17 17
8 2
9 106
8 33
51 127
53 99
46 55
50 92
7 77
51 61
7 5
6 6
4 8
5 5
17 13
9 17
17 5
1 16
5 4
32 21
16 21
35 2
30 36
3 48
9 1
19 5
7 3
10 19
4 12
2 7
20 19
20 7
6 20
11 12
6 8
34 34
50 29
37 26
46 2
27 37
14 86
9 3
14 3
8 14
20 11
20 5
12 12
20 5
18 15
18 17
9 10
6 6
57 71
54 17
31 96
14 56
18 30
27 109
8 3
20 9
15 11
8 4
1 18
18 2
2 8
16 12
14 20
5 2
7 41
55 27
26 135
64 53
5 50
8 5
2 10
17 7
5 12
14 15
3 13
17 11
11 17
2 7
9 8
55 33
12 57
5 65
20 26
24 3
14 80
9 34
26 44
14 14
6 4
13 7
7 4
6 3
18 15
6 11
2 7
10 3
38 86
35 63
40 47
30 14
49 67
30 12
17 60
24 7
46 73
33 126
1 1
20 4
3 5
25 4
24 29
62 141
9 4
2 15
12 8
14 3
11 7
20 1
10 9
12 8
9 1
5 14
1 5
59 86
10 2
6 8
6 12
18 19
8 11
7 17
14 4
8 5
6 18
15 18
18 17
9 10
69 35
17 22
17 24
60 111
22 51
23 4
27 34
58 110
61 42
1 3
16 12
3 6
41 7
21 7
38 3
5 2
2 13
9 10
18 16
8 9
13 8
4 10
8 124
26 96
16 90
62 21
3 5
8 5
14 11
5 15
9 1
3 62
14 27
45 53
13 15
1 49
25 27
4 53
36 100
44 70
1 2
2 17
2 7
54 34
72 56
9 1
7 20
4 8
11 14
4 6
4 20
13 5
17 8
19 12
10 15
8 1
44 26
25 143
3 27
8 92
21 120
51 37
28 148
77 167
8 5
8 18
17 11
14 14
16 14
16 6
14 12
2 19
5 18
7 9
9 75
37 75
23 5
13 33
15 55
33 108
41 16
2 1
8 15
15 1
5 3
26 74
46 84
38 71
6 72
48 28
7 5
6 10
4 2
16 18
7 16
8 20
9 19
3 8
9 8
66 38
38 107
58 117
11 23
73 77
31 24
51 96
63 64
4 34
3 5
1 9
7 3
16 18
1 6
12 89
5 2
1 6
7 9
13 2
10 20
18 18
1 7
16 51
10 5
5 17
13 18
10 14
14 6
16 17
4 7
12 9
18 12
9 10
15 16
5 1
53 86
59 69
36 84
17 10
18 131
4 2
5 17
17 2
19 1
6 6
10 3
79 106
24 13
65 77
44 106
34 49
71 63
18 163
34 65
61 77
29 10
9 2
9 6
4 5
9 20
16 3
15 16
1 5
19 9
9 4
5 12
9 2
65 108
72 135
85 153
21 174
79 128
54 50
19 159
77 24
78 118
7 1
9 18
2 8
12 18
19 16
8 13
19 1
1 8
10 10
22 68
42 9
9 20
22 23
4 22
12 61
19 63
30 39
17 71
31 18
8 4
4 5
1 4
14 13
20 8
9 13
5 1
14 16
13 18
3 6
11 26
59 80
37 18
8 3
9 10
10 1
4 3
9 14
14 7
5 17
11 3
7 1
2 9
37 75
37 17
7 4
1 10
15 20
12 10
3 1
17 6
7 11
20 8
2 4
10 117
47 6
3 4
7 13
17 3
9 8
2 1
42 110
10 15
1 3
19 9
4 7
2 74
32 87
41 46
25 54
2 4
2 17
19 19
9 5
36 46
40 21
35 19
12 4
13 60
27 67
32 26
11 11
50 81
1 4
9 14
4 10
3 22
41 61
45 75
36 16
2 2
8 5
5 15
1 10
6 75
1 3
10 13
5 8
5 3
84 159
45 104
13 53
1 114
5 1
1 6
3 17
12 14
20 20
13 10
7 3
71 27
65 64
49 88
51 70
46 123
21 128
65 134
3 5
20 18
9 15
1 18
2 1
61 82
21 36
5 3
14 11
8 8
1 15
12 9
5 12
2 3
6 46
21 57
5 4
20 2
15 5
2 14
11 15
8 3
7 9
3 67
45 57
18 55
6 79
21 98
48 22
11 51
6 1
5 20
7 13
2 19
16 9
10 13
6 19
2 10
39 84
16 33
9 1
1 9
6 12
8 7
5 4
15 19
9 4
15 15
13 17
8 13
2 10
71 159
49 102
8 3
7 8
10 4
4 10
15 14
20 9
9 1
19 1
17 15
7 5
34 86
11 103
17 55
15 94
48 101
46 88
33 104
10 5
11 15
4 9
2 10
9 5
20 16
13 1
18 2
2 9
5 19
5 10
6 9
44 20
23 102
52 108
12 23
37 59
28 59
3 5
1 13
5 3
12 9
6 1
10 45
76 54
47 135
35 151
84 106
19 57
10 3
4 12
6 3
4 14
9 4
8 6
9 8
6 5
4 8
18 13
20 18
5 3
1 126
44 17
65 7
58 146
39 120
8 3
18 11
3 9
5 9
6 19
8 15
1 5
10 19
13 14
8 7
13 11
35 76
24 136
4 112
37 139
1 129
54 149
10 17
9 5
5 4
10 3
2 16
11 6
15 16
13 18
17 2
11 16
7 9
6 9
36 116
48 96
64 113
51 158
68 46
50 140
9 5
18 5
1 8
8 12
10 2
19 12
15 20
4 18
6 16
8 4
6 6
18 58
36 4
27 95
20 62
41 24
25 118
9 1
8 6
6 13
11 6
8 20
19 3
14 1
19 2
7 11
8 16
1 8
45 114
2 3
13 6
4 9
9 10
25 130
57 120
41 77
12 18
19 25
2 103
55 4
8 32
42 51
2 4
7 12
6 13
6 8
2 118
18 34
46 11
38 22
59 21
51 61
2 2
8 5
15 17
5 8
25 89
42 29
7 35
49 30
46 81
5 4
8 1
16 19
7 4
1 11
5 8
1 7
17 95
5 4
8 4
4 13
18 18
16 11
12 5
4 3
62 11
30 35
10 78
56 97
8 5
1 4
12 19
7 7
11 14
13 5
6 11
16 1
14 1
1 2
36 115
6 3
8 17
16 18
18 20
17 16
5 10
1 8
3 1
11 15
26 12
33 76
6 2
5 17
7 11
10 20
1 5
6 14
17 20
10 8
64 51
8 88
30 64
10 16
17 128
61 55
56 43
51 35
19 157
65 134
3 1
11 4
7 1
10 16
9 4
38 37
10 39
75 88
68 136
56 15
1 49
35 11
23 69
9 100
5 5
16 4
1 1
5 13
16 5
16 1
8 5
38 109
31 7
60 37
66 109
5 22
89 129
51 138
42 84
8 3
15 6
20 20
20 7
12 7
4 17
19 15
5 18
14 5
6 2
4 52
29 85
32 92
9 28
10 61
23 17
2 1
15 5
1 12
5 2
39 5
66 46
26 11
51 95
2 118
9 3
1 18
5 9
20 18
12 15
3 3
11 4
8 11
8 11
11 14
9 6
27 3
9 66
33 7
43 79
2 46
7 73
21 70
18 78
19 5
7 4
5 11
20 2
17 4
10 8
8 20
19 20
9 10
10 5
49 58
7 13
21 64
24 15
46 13
22 23
20 54
34 114
3 38
13 6
2 4
14 5
15 10
8 5
12 42
9 1
19 64
23 44
4 61
43 48
46 71
47 47
1 5
18 3
7 6
27 36
57 26
48 39
26 115
29 49
4 103
26 41
4 2
4 2
11 10
16 9
14 9
4 8
35 97
58 100
37 31
40 6
5 2
2 8
7 6
1 12
13 4
11 18
7 1
22 65
29 90
64 70
71 76
9 61
22 17
2 85
5 3
2 5
10 4
3 13
11 6
9 18
6 3
44 38
53 29
44 10
33 64
20 161
33 163
3 4
3 13
18 20
5 4
2 5
38 40
8 42
6 5
13 2
19 9
1 18
12 15
3 10
3 14
6 5
74 152
44 61
25 76
71 11
45 116
46 6
8 3
9 14
18 13
10 16
4 3
7 15
17 2
9 8
1 4
3 7
38 6
12 11
42 56
3 2
17 5
13 20
14 14
7 3
43 73
13 60
10 90
46 60
7 62
43 6
14 60
1 4
18 17
10 2
4 38
40 47
10 43
28 17
2 36
42 20
18 4
14 30
37 78
25 14
8 1
19 20
6 15
13 10
13 7
15 14
11 9
19 3
8 3
7 6
23 123
13 84
52 90
55 27
48 2
17 21
36 41
4 2
16 20
13 19
20 13
1 19
2 1
39 115
44 51
9 4
20 1
20 8
18 2
13 13
12 4
20 4
6 16
19 8
11 18
6 7
24 31
41 66
34 59
7 66
3 56
42 68
8 4
20 15
5 13
10 1
2 20
16 5
12 17
6 16
12 5
6 2
17 92
79 64
9 73
8 27
34 38
17 87
6 3
4 8
10 11
2 14
1 1
6 3
18 12
5 2
70 12
17 77
44 63
44 101
15 153
9 2
10 8
8 5
14 2
16 8
20 9
10 12
5 20
20 6
13 7
10 7
56 111
9 85
28 93
2 6
12 37
55 90
36 47
11 97
30 11
52 91
10 2
15 7
18 9
6 4
19 6
1 7
5 18
2 4
13 7
6 7
4 17
7 5
20 134
28 92
73 70
69 50
30 121
44 43
2 55
1 1
3 9
3 8
8 5
51 79
7 138
7 5
2 5
6 2
15 8
2 17
2 2
2 11
8 7
7 7
31 61
14 3
17 80
20 7
36 55
15 45
30 54
9 5
16 13
14 17
8 12
19 6
19 17
3 4
6 10
9 9
17 16
8 6
5 69
5 83
49 61
44 12
5 68
25 30
41 16
33 63
8 5
18 16
7 12
2 18
4 15
1 13
14 9
15 5
19 3
3 2
45 32
31 25
36 13
8 5
7 2
1 11
9 10
6 20
18 8
5 15
12 2
20 12
3 2
26 8
28 112
1 87
9 1
7 11
17 20
14 14
17 12
17 20
2 9
16 2
7 6
11 10
1 6
12 67
4 5
17 12
13 9
11 12
9 1
7 10
17 14
12 85
9 124
27 136
4 152
9 50
81 106
3 1
2 17
6 17
7 18
10 6
41 52
2 106
38 29
35 146
40 16
1 138
74 98
44 83
30 125
70 12
4 2
8 7
16 8
8 3
4 17
6 4
31 93
44 53
37 1
49 10
53 3
31 41
5 3
3 20
18 20
1 5
16 15
8 7
6 10
7 82
23 74
23 70
23 54
17 24
10 23
6 4
9 7
15 17
7 12
12 18
5 20
19 1
10 3
53 71
28 12
46 31
24 24
40 30
33 100
28 73
25 52
27 50
1 48
4 3
8 18
16 14
7 2
19 5
7 6
13 30
11 27
45 30
1 58
10 30
49 4
50 121
10 2
6 10
16 14
17 19
14 17
10 5
16 6
6 13
15 4
1 1
19 5
7 6
47 87
44 51
37 17
20 33
1 90
39 78
30 39
1 2
12 16
10 1
14 90
26 22
48 95
12 28
21 68
47 91
12 100
38 38
6 96
12 88
6 2
16 12
16 11
6 20
17 12
19 11
13 8
3 6
51 63
40 75
32 27
7 4
8 8
4 17
6 18
11 17
2 19
9 11
18 8
3 10
3 70
27 15
2 5
10 1
15 8
20 18
16 16
4 4
2 7
5 19
18 17
11 6
12 9
17 12
10 9
78 36
23 38
6 71
14 95
8 141
47 123
13 115
48 144
33 90
46 70
10 1
4 16
10 10
10 10
5 10
10 8
14 4
2 12
1 18
6 5
2 20
2 8
51 67
11 61
1 4
18 7
5 4
24 145
74 152
43 130
29 142
40 145
10 3
2 4
1 16
1 18
3 3
8 7
4 16
18 13
10 2
12 9
11 12
4 6
31 42
68 128
38 50
11 69
8 3
2 17
18 10
2 1
18 11
18 20
12 8
16 11
7 3
1 7
51 68
4 4
13 12
19 11
8 1
16 2
1 6
62 14
10 3
3 15
4 11
1 5
16 1
2 15
18 2
6 17
1 19
18 3
10 1
3 10
45 22
34 60
20 19
5 4
5 17
16 14
10 2
10 2
9 18
7 2
6 48
83 40
51 3
5 85
13 63
15 82
58 91
3 4
20 3
3 1
6 15
4 4
14 91
38 41
65 113
53 126
7 2
13 20
4 3
12 6
10 11
6 10
7 14
10 13
5 4
3 128
27 53
43 131
45 116
64 39
1 2
10 5
9 9
9 66
3 80
8 8
1 4
54 47
26 28
69 12
63 68
20 16
5 2
1 19
20 15
2 20
18 11
7 1
9 2
18 59
25 150
61 75
66 98
34 71
45 1
2 122
30 151
50 99
9 4
20 9
11 12
1 17
10 15
9 5
11 8
16 6
8 6
1 18
4 8
11 50
11 33
53 106
41 86
3 1
3 6
8 4
15 14
9 1
21 81
45 41
63 15
50 151
54 15
51 110
41 90
65 54
63 117
10 3
11 9
7 6
13 15
18 9
2 6
12 2
15 17
12 13
11 16
10 14
5 5
6 54
49 71
17 97
4 16
49 49
9 5
15 1
14 4
4 10
16 15
6 17
12 14
12 2
15 5
14 13
7 6
58 75
11 107
22 19
41 79
5 5
43 41
15 98
1 2
18 20
6 6
53 108
35 13
61 63
18 71
67 61
58 95
3 4
15 9
10 16
6 15
3 2
32 44
25 2
15 5
7 1
14 1
3 19
3 15
1 19
11 16
2 5
17 2
8 10
12 106
57 110
32 61
8 86
4 110
31 68
14 104
50 62
4 1
14 9
19 13
15 12
20 11
7 3
82 67
55 134
82 129
66 138
61 158
3 33
65 85
2 4
11 16
5 1
6 8
43 109
16 79
55 9
44 89
36 87
17 92
2 2
9 11
10 16
2 5
16 65
7 156
5 5
4 13
6 11
2 9
13 11
12 18
5 3
6 64
8 76
8 25
86 35
81 63
10 5
8 12
20 17
8 14
11 15
10 13
11 8
8 10
9 14
20 12
17 4
8 6
38 41
21 36
5 75
27 15
17 33
6 25
33 55
27 11
10 3
11 1
14 4
13 10
7 12
18 6
6 15
20 6
18 6
2 1
8 16
8 4
26 62
6 47
7 10
12 63
53 50
3 21
35 49
20 58
6 1
10 3
3 20
16 17
12 18
1 16
15 9
7 9
44 1
29 22
57 109
14 39
1 57
40 27
58 15
6 5
2 6
19 2
7 20
3 7
2 6
4 3
6 1
61 15
16 34
6 130
6 115
58 93
46 46
8 2
3 14
18 14
7 4
18 6
14 10
17 12
5 12
18 8
3 8
27 116
54 15
74 140
6 2
5 8
18 13
19 8
13 9
14 16
4 16
8 3
34 24
28 77
18 62
10 46
24 59
28 63
40 60
37 29
7 2
7 3
16 20
5 4
8 11
4 12
14 18
1 2
8 3
14 3
2 74
3 22
30 28
14 14
24 80
7 11
21 19
10 2
17 4
8 8
20 12
6 19
17 16
9 3
7 13
15 2
3 15
10 18
10 3
61 81
66 57
27 18
54 155
64 163
48 27
35 121
32 37
31 48
7 142
5 3
15 11
1 1
14 11
11 7
6 17
6 4
8 157
7 73
67 158
68 113
60 157
46 56
7 1
14 6
4 9
11 18
6 11
16 16
5 7
19 8
3 6
47 36
15 79
28 46
2 2
1 11
20 18
5 3
52 71
42 108
18 96
17 66
44 37
1 1
7 13
2 8
19 93
27 45
9 5
9 19
13 18
15 11
17 11
6 7
18 4
15 8
14 2
17 5
2 6
15 113
32 47
9 1
14 20
2 6
4 19
8 6
4 6
4 12
2 19
13 15
7 19
6 8
67 58
3 88
4 99
27 11
43 36
16 83
1 2
18 18
5 10
48 58
15 38
14 17
2 14
8 86
3 2
8 16
20 16
4 2
3 6
53 35
2 69
64 8
9 4
18 4
3 1
1 18
8 20
14 6
15 7
13 12
16 4
6 10
8 4
4 79
33 43
53 113
22 13
13 32
20 78
42 33
25 103
5 5
5 8
7 16
10 9
7 20
6 15
10 5
38 1
45 20
43 70
35 92
24 10
48 58
27 9
27 42
14 24
8 41
10 3
15 2
5 20
17 14
10 5
11 15
15 10
11 17
1 2
5 7
10 19
1 1
30 36
9 5
1 5
15 11
19 11
6 18
12 10
11 12
16 5
18 17
1 3
3 1
5 21
50 95
51 76
3 3
7 18
1 4
7 1
6 7
8 31
37 80
47 93
21 107
7 109
16 60
3 1
1 11
12 7
10 9
10 3
39 10
29 58
24 13
38 60
34 41
11 76
6 24
20 41
28 30
29 71
4 1
8 9
4 10
19 2
1 20
3 5
38 84
6 45
38 32
2 2
2 18
11 1
8 6
2 42
9 57
18 55
19 64
38 21
13 33
44 73
42 87
3 1
6 3
19 4
11 1
2 9
82 94
55 8
9 5
17 20
11 8
19 3
11 18
2 17
14 8
1 2
11 17
8 6
3 5
58 4
31 58
50 21
1 1
3 5
2 6
5 42
52 123
4 5
7 15
18 14
10 5
11 4
5 4
14 33
34 99
45 27
30 21
46 47
1 4
11 18
1 2
9 97
7 4
1 9
12 11
12 16
2 3
16 17
12 11
17 13
9 2
41 91
32 99
39 20
16 92
28 29
37 68
45 98
11 42
1 7
9 4
14 20
20 6
8 11
8 16
8 9
8 16
5 10
9 2
14 20
7 9
10 54
24 138
27 152
2 24
4 33
11 9
41 96
2 3
15 9
18 11
10 5
18 37
32 31
39 69
19 41
18 86
45 21
45 50
5 33
20 42
42 64
8 5
3 14
3 16
7 9
12 19
7 3
14 17
1 13
16 18
1 8
37 17
8 2
19 18
2 18
16 11
15 13
12 7
15 18
11 19
14 10
1 9
74 12
2 5
5 5
1 12
9 4
13 32
29 13
23 16
34 49
36 26
8 32
9 82
33 36
20 22
4 1
16 6
15 12
7 9
1 3
3 6
15 67
57 64
45 94
5 3
11 15
1 14
2 12
1 1
19 17
3 9
16 1
34 20
23 102
3 2
8 16
10 19
11 11
5 4
31 38
57 156
4 154
80 120
64 129
4 2
18 5
6 20
2 20
4 2
4 9
54 111
62 84
64 9
3 84
8 3
17 2
15 16
20 20
7 15
2 13
12 9
1 16
14 12
1 10
20 6
6 4
10 5
16 20
19 10
3 3
8 20
15 1
6 4
81 129
33 72
29 55
37 57
21 59
65 26
9 1
11 6
18 20
5 10
9 13
2 20
12 10
7 20
4 12
4 8
7 7
44 19
34 60
54 64
6 27
12 79
31 6
35 124
2 3
2 11
17 16
7 1
46 67
42 108
52 37
36 97
9 66
43 5
12 24
8 3
14 6
6 10
6 16
14 6
2 4
19 7
9 5
5 4
4 1
24 24
2 49
8 47
30 65
6 3
16 19
19 5
12 15
18 18
20 4
1 20
8 5
10 96
10 67
41 27
8 63
39 93
4 86
12 56
18 69
8 5
1 1
15 5
7 14
8 1
18 14
4 4
18 13
6 18
6 7
22 174
3 33
36 16
38 142
83 155
66 76
5 4
2 16
5 5
1 2
5 12
3 5
1 4
24 74
4 5
7 2
6 14
2 6
4 10
3 5
6 40
9 33
20 6
3 2
9 1
13 14
12 15
3 4
2 52
25 5
43 51
6 2
2 2
7 10
4 13
4 8
5 16
6 5
2 5
53 89
34 45
10 5
6 19
10 10
14 1
3 19
9 7
18 9
13 3
7 18
14 15
19 16
7 3
8 7
36 74
25 36
49 38
49 14
8 128
2 50
9 2
13 2
7 12
7 15
10 9
13 5
1 6
1 4
20 10
9 8
4 5
45 9
12 44
6 51
6 64
1 5
2 13
10 9
38 133
47 45
4 140
64 7
2 115
13 48
4 107
19 33
20 48
46 39
2 5
6 2
5 13
10 6
11 34
36 75
25 38
43 9
39 101
47 89
23 12
28 107
12 80
10 39
1 5
8 7
2 2
64 77
24 146
7 1
7 16
5 11
19 3
10 20
9 11
4 10
2 19
9 3
45 61
64 163
18 78
2 159
11 123
78 85
49 112
66 90
5 131
10 3
19 17
19 12
16 17
1 14
18 16
20 2
16 20
10 2
11 14
19 9
6 9
11 5
32 28
7 88
34 28
9 79
33 54
8 2
17 4
14 4
5 3
19 17
14 4
8 5
4 16
3 14
9 8
30 73
40 4
43 6
20 78
40 69
2 108
34 50
49 132
53 105
6 1
10 4
1 10
1 12
13 7
18 5
15 8
4 9
10 28
30 117
16 38
54 92
10 5
18 15
19 4
20 2
15 15
15 19
14 1
18 7
13 3
10 8
14 7
1 5
11 21
6 3
4 11
7 13
9 3
8 19
6 8
6 4
3 2
40 87
12 67
30 30
9 3
16 5
20 10
1 10
2 16
9 16
17 8
9 1
3 7
18 6
1 1
13 26
5 5
16 10
7 9
11 3
3 19
14 14
9 1
4 116
79 47
27 82
81 153
14 3
27 53
13 68
9 155
50 142
7 4
14 4
1 7
6 4
12 1
14 11
15 2
14 20
7 5
21 59
31 43
11 21
43 80
4 37
20 43
21 23
7 5
8 16
18 14
15 9
1 6
14 9
10 19
11 13
9 10
51 17
32 78
26 96
48 31
74 31
21 130
13 25
65 17
69 93
7 4
3 12
15 20
12 8
18 12
2 10
1 20
6 7
7 7
36 48
56 46
52 21
43 93
8 93
45 28
54 68
5 1
14 6
10 3
17 16
1 11
13 1
5 8
56 87
3 98
27 67
16 28
2 100
4 4
9 8
14 18
7 3
1 19
3 7
8 62
5 84
19 89
8 5
9 19
18 9
17 12
17 4
6 13
8 17
8 13
15 17
3 10
53 36
43 94
15 111
3 1
9 20
3 12
7 2
2 9
24 49
5 101
9 5
7 20
3 13
10 7
2 1
18 3
6 2
20 17
7 4
2 7
10 3
37 45
4 19
55 41
45 89
10 83
28 94
55 15
12 61
7 18
6 12
8 4
4 8
3 8
11 13
9 10
10 8
10 5
7 14
3 18
1 4
29 73
5 5
13 20
14 6
3 4
5 19
11 12
1 10
39 41
6 1
16 19
9 8
13 13
14 13
12 20
18 3
5 2
61 27
57 65
32 49
56 77
40 3
9 3
18 3
12 10
6 7
5 3
1 2
3 1
15 4
13 9
12 19
9 8
67 1
11 24
40 52
46 22
54 102
68 46
63 84
31 55
66 122
6 1
8 2
20 10
20 13
7 7
4 7
12 2
7 5
47 60
18 86
67 38
21 122
9 117
21 96
68 91
9 2
18 17
1 17
16 15
1 12
19 16
9 20
12 3
19 5
18 10
1 5
39 115
8 1
3 6
18 7
8 7
16 18
2 5
17 9
5 13
13 16
5 4
29 98
18 111
51 37
50 116
23 26
8 4
14 1
3 1
5 8
18 14
14 13
14 13
12 6
4 2
4 9
65 37
71 158
63 83
46 132
2 5
9 9
19 7
9 6
24 73
14 24
11 18
39 41
17 19
1 43
29 60
9 75
23 15
4 1
19 4
9 16
1 1
10 20
2 9
76 62
49 144
6 1
10 3
4 16
7 7
8 8
15 15
1 13
7 5
23 39
37 73
39 1
40 31
61 81
4 53
9 36
5 4
19 5
6 5
2 15
16 11
16 20
7 9
22 18
8 57
45 26
10 50
2 31
24 31
7 92
2 5
12 12
1 20
4 3
50 85
47 127
78 109
73 106
3 1
12 15
14 2
15 19
3 5
9 43
43 11
62 75
1 4
15 11
8 10
18 91
20 67
63 79
20 102
3 91
53 58
13 8
40 136
3 3
3 12
7 2
10 8
10 6
15 121
30 32
62 38
24 15
9 19
13 125
45 1
25 14
7 77
46 127
8 3
4 2
13 10
13 18
13 14
15 1
10 18
11 9
9 9
8 8
37 112
19 72
42 108
40 34
26 120
38 53
40 112
27 47
3 3
19 15
3 5
9 1
1 10
4 51
10 4
11 6
15 1
16 13
8 12
15 10
17 4
5 7
20 3
6 17
5 11
6 8
69 6
55 3
38 80
52 28
16 74
35 61
2 3
9 15
4 18
6 7
8 18
31 4
19 63
44 82
41 49
7 48
6 5
1 1
12 6
1 10
4 3
6 1
1 18
7 1
80 141
37 20
59 83
19 57
27 3
5 83
49 112
8 1
9 8
1 15
18 18
6 19
7 14
2 3
6 19
17 14
10 6
14 45
23 4
49 68
26 63
41 34
47 75
8 33
56 52
24 21
1 95
9 3
20 10
19 10
4 5
3 9
3 13
19 16
13 17
11 11
15 1
3 8
62 134
53 44
44 113
3 5
15 18
11 10
20 7
1 3
11 56
3 4
14 4
2 5
6 17
8 2
45 97
27 48
50 34
37 3
5 61
25 75
25 74
40 58
4 3
5 13
20 15
8 3
13 10
10 8
51 114
58 152
18 73
10 114
18 137
66 112
62 7
29 72
41 81
25 17
9 1
15 20
20 18
9 11
6 13
7 14
11 14
6 2
10 16
11 19
6 9
26 51
31 144
81 132
23 119
40 133
25 4
6 3
7 7
16 9
5 11
14 5
4 5
11 11
3 7
9 90
4 111
9 89
5 2
14 12
3 2
11 7
8 10
1 11
9 6
15 87
16 100
34 1
4 31
26 6
36 106
24 110
5 77
50 96
3 3
1 5
1 9
3 16
10 2
42 80
17 11
4 36
40 50
37 3
13 82
40 73
35 60
20 28
2 3
3 3
3 2
2 7
4 12
7 7
47 68
54 30
48 26
50 75
40 111
2 112
3 26
10 2
4 9
7 19
19 19
3 20
15 5
8 9
4 10
19 8
19 3
8 19
7 5
85 78
78 168
75 95
73 86
6 168
36 107
45 2
9 4
18 1
20 9
6 3
14 15
17 14
3 1
1 18
15 5
9 12
7 6
41 35
33 45
26 21
19 60
4 63
18 100
38 81
2 1
20 14
3 12
4 9
53 1
3 116
18 114
53 136
3 3
15 20
3 15
5 15
3 1
7 85
18 87
53 88
6 1
11 13
19 14
2 2
17 11
2 9
17 7
5 10
3 120
64 176
73 167
21 119
73 19
7 2
14 20
9 2
2 9
14 2
19 17
4 17
12 3
9 6
70 59
57 84
30 53
44 43
32 113
68 58
57 80
6 150
10 95
3 2
10 16
1 3
6 6
9 2
19 50
42 46
9 50
44 16
19 109
25 24
23 51
59 2
41 32
10 2
17 20
18 13
10 6
17 10
4 6
9 10
4 4
15 16
1 15
15 6
8 9
26 40
7 74
29 54
10 13
33 50
32 27
23 44
14 16
10 5
12 15
14 2
5 6
7 20
2 8
3 3
2 7
16 20
8 2
17 14
7 4
3 62
25 72
18 54
43 55
42 80
2 75
15 45
6 3
6 1
8 12
2 8
12 13
13 14
6 16
7 8
60 17
8 81
52 83
7 90
5 10
66 10
14 75
9 1
12 6
13 2
16 1
3 4
11 9
2 8
4 12
11 20
17 10
3 5
19 28
25 118
3 82
8 2
13 2
18 16
13 18
11 14
2 20
16 7
17 13
14 20
4 4
31 73
50 10
57 58
55 42
6 5
6 3
5 11
16 13
15 15
4 2
3 14
1 10
37 17
5 2
7 20
4 9
10 20
6 17
7 12
6 9
35 60
42 25
7 84
18 65
42 42
9 101
6 2
4 3
11 18
13 17
1 2
18 3
6 9
10 6
62 3
64 75
60 80
10 30
26 40
52 100
3 24
55 25
38 83
54 68
2 2
15 17
20 20
9 8
16 45
10 96
39 35
33 28
38 32
32 94
25 63
28 30
19 62
8 2
13 4
17 9
13 16
15 7
20 8
14 14
4 6
4 2
7 2
10 98
74 106
72 11
14 132
61 156
46 80
2 76
7 1
20 19
15 18
4 14
19 4
13 11
13 17
8 16
1 7
15 65
8 1
4 12
3 1
6 19
15 17
6 17
16 19
9 12
16 12
6 7
5 101
15 111
68 89
58 154
40 48
23 80
8 3
11 18
19 9
1 12
7 10
15 5
18 4
4 12
8 16
2 8
14 112
22 60
6 2
9 9
14 4
16 18
19 5
3 12
20 20
8 7
32 6
37 49
3 87
14 3
22 13
42 23
25 69
14 81
8 4
15 5
19 8
11 20
2 2
19 17
20 6
18 10
1 9
7 3
58 78
62 50
50 49
15 57
1 117
44 67
58 24
7 1
17 15
7 15
12 2
2 17
2 8
15 17
3 6
7 8
13 69
33 15
17 10
11 8
46 41
37 39
5 9
10 3
19 15
14 4
14 6
15 19
6 16
9 4
16 10
20 20
9 2
9 14
7 4
54 74
39 34
36 83
23 88
3 130
27 7
28 75
8 2
7 15
20 4
5 5
6 17
9 17
18 9
15 16
10 17
6 4
10 131
46 136
65 136
77 1
27 43
16 1
7 3
5 6
11 11
10 19
13 11
2 2
7 18
16 16
8 3
42 92
75 121
31 66
6 71
17 140
13 98
70 150
21 1
7 5
20 13
2 17
13 8
14 2
5 16
8 1
6 14
2 3
16 111
28 69
1 4
12 9
10 2
33 83
4 66
4 37
13 25
29 13
23 47
8 14
46 112
55 19
11 55
8 2
8 15
2 17
1 5
10 9
12 18
12 6
5 1
4 2
4 10
44 13
25 59
3 106
39 92
10 2
17 10
1 9
7 5
11 18
14 9
15 18
6 3
12 11
3 7
6 14
4 4
15 83
13 69
4 20
2 26
3 4
15 12
12 4
17 13
9 2
16 7
25 89
41 49
15 94
46 70
17 66
31 12
19 74
8 15
6 1
10 13
13 14
2 5
10 17
4 20
6 4
5 6
28 122
9 13
41 6
2 74
20 84
9 2
4 11
8 20
7 18
1 20
16 17
18 10
16 20
10 3
17 6
6 4
23 9
2 38
53 87
56 21
37 52
38 102
3 3
4 8
2 3
7 11
9 3
1 33
14 111
40 106
67 38
61 91
48 112
28 18
22 134
30 89
3 4
15 7
11 18
15 16
10 2
34 2
6 50
7 46
34 44
16 49
29 85
16 44
2 28
1 59
10 12
7 5
20 18
16 9
14 17
18 14
5 7
12 18
3 6
6 1
13 1
71 129
11 27
22 103
23 135
59 105
3 2
13 18
20 2
19 5
1 5
18 47
4 1
14 19
4 8
13 3
8 19
3 6
33 72
40 80
19 93
9 1
13 20
5 14
18 15
11 16
7 9
13 12
17 20
18 19
10 20
1 5
28 94
6 3
12 1
1 10
15 16
2 4
7 16
8 10
7 6
24 99
22 119
61 95
21 114
7 37
26 40
28 12
9 1
20 16
15 17
20 6
18 3
12 1
17 14
10 17
9 19
17 2
7 5
25 4
9 61
36 142
40 149
75 110
68 68
31 150
8 3
7 7
1 7
7 8
4 16
3 18
15 16
2 19
20 3
10 5
72 121
43 87
45 34
27 151
20 67
41 43
8 131
67 168
72 67
67 101
7 2
12 19
16 9
17 7
3 6
7 18
16 17
10 11
6 7
61 39
30 77
65 121
26 106
33 45
67 40
9 5
11 7
16 2
13 8
10 14
9 3
13 18
8 2
9 8
9 13
9 1
20 75
8 58
22 32
1 5
23 37
21 1
48 62
5 83
14 107
1 5
13 2
3 6
17 108
17 37
4 60
4 3
14 8
16 11
3 4
20 4
7 1
55 105
50 55
29 102
35 119
14 12
22 106
49 26
4 2
16 17
2 13
19 14
4 3
9 3
13 77
24 63
32 25
15 43
38 51
22 15
22 32
2 58
11 14
5 4
20 15
10 6
2 2
19 4
2 7
1 7
16 86
4 1
13 10
3 14
10 9
6 17
9 10
2 41
44 81
25 21
24 78
33 38
64 76
9 70
37 100
64 42
7 5
4 15
20 17
4 8
18 6
5 6
16 13
3 14
3 10
33 32
6 153
8 117
10 3
11 1
17 7
17 11
6 16
1 13
4 14
6 9
19 1
12 7
4 6
9 8
13 117
57 45
16 32
14 4
7 57
2 33
61 92
44 37
42 60
9 3
9 14
5 6
10 10
2 3
4 20
3 16
1 9
19 5
14 18
3 4
21 20
4 75
1 40
1 4
5 11
5 4
46 15
5 71
23 18
14 50
15 72
7 4
20 17
17 6
20 10
17 2
17 19
17 17
3 8
6 9
60 54
2 57
40 131
63 96
20 44
40 33
6 2
13 18
15 2
1 12
19 8
20 1
8 9
10 9
74 121
53 158
72 12
57 103
71 138
62 61
7 141
3 46
24 8
67 80
2 5
1 4
19 5
4 10
67 41
80 46
62 108
43 63
8 4
11 16
4 11
10 2
8 13
8 19
17 4
14 19
8 12
10 1
49 3
10 60
21 68
28 21
39 49
44 40
6 62
29 83
20 20
29 32
8 2
5 5
14 5
8 4
9 16
20 14
15 16
13 4
2 4
8 2
2 15
89 106
28 119
62 65
85 26
5 170
30 149
52 44
7 2
17 15
12 11
15 15
3 2
12 17
11 12
1 20
9 6
54 72
3 17
18 36
34 7
46 38
24 87
22 19
24 82
14 41
7 2
12 8
8 1
19 5
18 1
5 1
20 4
13 12
1 1
31 125
7 1
17 19
4 2
13 14
18 18
14 18
3 9
3 14
9 3
22 80
21 59
30 17
18 30
5 20
5 20
3 8
1 36
21 1
5 3
14 3
8 19
9 10
5 4
10 4
9 6
30 38
10 33
46 3
40 12
23 45
15 41
3 16
37 25
3 75
7 4
6 17
10 19
9 20
17 1
19 3
12 3
20 16
8 8
41 158
39 88
62 171
24 123
28 31
21 147
57 139
33 15
7 3
1 13
19 5
14 16
4 6
9 15
3 15
20 9
8 5
37 68
23 42
27 75
29 14
17 63
2 76
43 37
7 32
3 1
11 6
15 13
1 2
1 3
1 82
6 2
3 3
17 2
9 11
10 9
20 7
15 8
6 4
29 20
14 67
23 14
5 20
46 38
12 13
6 4
2 6
17 13
13 13
16 13
5 20
8 3
10 2
7 78
22 50
61 12
60 29
23 53
31 101
53 97
7 10
17 93
39 21
9 2
18 10
5 8
15 19
3 17
20 8
4 8
9 9
19 14
18 2
10 9
1 110
47 2
17 22
40 56
11 61
54 39
7 95
12 92
17 59
41 58
7 5
12 17
11 1
12 20
18 2
18 17
9 5
8 12
4 6
9 55
46 14
1 34
46 101
6 4
8 11
18 8
7 14
19 7
20 14
2 6
4 8
31 62
8 45
32 31
13 36
2 5
9 12
2 8
7 8
4 56
55 119
12 87
16 63
25 17
70 5
79 64
5 3
17 7
18 1
10 1
10 5
8 20
4 2
23 145
34 7
39 45
6 78
9 1
3 10
8 1
17 2
14 7
4 20
10 6
3 14
5 2
17 13
10 8
8 66
38 59
40 74
33 80
5 49
28 22
37 65
16 13
3 79
36 51
2 2
2 12
17 17
1 6
48 28
3 4
9 4
7 3
14 13
3 3
55 17
41 116
20 106
4 3
13 4
16 18
10 4
10 6
3 2
77 31
12 31
24 90
4 1
9 8
12 10
15 10
9 16
3 9
19 121
78 92
77 66
2 4
14 9
8 13
7 8
30 40
30 23
21 69
34 5
5 68
42 72
25 86
4 4
1 8
4 5
3 11
5 19
10 1
33 25
34 83
17 69
8 47
16 63
26 87
38 22
20 45
15 78
29 88
7 3
4 7
12 20
10 2
19 17
7 17
15 18
6 11
8 2
19 71
54 90
3 58
12 28
24 27
16 56
28 12
4 60
5 4
9 17
6 18
19 6
7 6
14 16
4 4
27 52
43 56
18 29
18 61
2 4
16 20
20 18
7 3
40 39
29 34
1 45
41 36
25 10
6 52
5 62
9 3
3 7
16 19
17 6
8 3
14 14
1 4
2 11
9 19
8 20
9 5
43 21
32 63
66 74
57 147
36 76
48 21
32 40
73 63
23 137
9 1
1 10
5 11
13 2
9 19
20 14
10 11
17 12
12 18
17 4
5 6
47 81
41 55
7 89
2 90
25 20
10 2
8 13
20 12
12 11
9 13
6 20
5 5
6 5
13 19
6 20
11 7
9 2
57 37
38 9
46 21
37 35
22 51
17 25
21 134
70 14
51 64
8 5
19 16
16 2
11 5
19 18
17 2
11 2
13 13
8 14
6 1
25 95
46 87
8 24
31 17
1 44
22 51
3 3
19 12
10 19
9 6
5 5
29 33
8 41
34 43
38 19
27 18
3 1
7 8
17 9
11 12
5 6
71 7
18 96
15 4
75 149
37 153
3 4
18 20
19 11
9 16
2 7
62 6
41 74
8 2
20 14
19 2
19 17
20 5
10 2
20 13
17 7
5 13
7 7
51 95
64 50
34 91
57 107
31 83
7 10
42 87
5 4
11 11
20 6
7 19
5 20
2 19
9 6
29 120
20 16
31 6
42 92
14 64
60 15
54 43
57 100
17 28
6 4
14 9
1 1
14 3
11 16
18 7
11 11
6 3
60 7
13 132
19 78
66 88
51 121
41 70
9 2
17 7
2 5
13 11
17 7
8 17
11 8
1 10
13 15
6 2
8 1
41 6
26 70
18 86
16 12
4 35
24 67
49 3
34 12
2 3
19 16
7 1
8 3
40 86
12 93
11 50
3 96
3 12
58 34
11 56
29 85
10 1
7 13
3 16
18 13
1 15
9 5
5 19
17 18
13 10
20 13
10 19
6 2
19 107
27 112
50 70
22 6
59 31
20 89
6 1
1 15
3 13
10 9
2 18
16 11
5 10
9 2
40 58
36 60
41 88
29 46
54 104
57 73
11 71
38 23
19 18
4 5
4 19
10 13
3 5
20 5
3 5
75 109
72 25
43 55
5 4
1 3
8 14
16 15
12 6
3 15
6 9
23 7
9 79
11 94
24 31
38 139
17 25
8 1
6 17
5 6
11 13
12 1
14 7
2 3
11 8
18 19
5 2
51 85
64 85
10 110
56 125
7 86
9 5
15 7
15 7
20 14
14 20
3 18
6 2
19 17
8 13
19 3
2 3
11 56
41 74
10 4
11 4
1 1
10 16
2 9
16 9
18 16
4 14
18 6
10 8
14 1
6 9
23 163
53 139
32 89
60 73
33 121
31 50
5 3
15 10
6 15
5 17
19 5
13 12
4 4
33 58
14 66
39 15
13 18
7 2
19 9
11 14
18 19
3 14
9 18
10 19
18 8
1 1
13 67
10 1
4 17
2 7
20 14
20 15
8 10
17 12
1 7
18 20
16 10
14 20
3 1
58 83
54 119
49 32
9 2
8 4
1 6
9 2
16 11
5 1
9 15
8 5
6 13
19 8
9 3
47 40
3 21
4 61
10 61
5 54
11 24
15 16
22 92
31 71
9 1
2 8
5 7
18 10
13 17
14 20
2 19
10 1
18 17
6 3
5 8
37 28
21 77
13 29
51 35
2 45
1 2
7 1
4 3
27 71
19 4
35 27
29 70
6 2
20 9
18 3
12 3
18 3
5 18
14 13
7 1
39 28
18 10
42 30
37 66
31 83
11 21
7 64
1 1
15 1
1 3
41 141
10 4
20 17
15 6
5 15
9 3
11 12
4 19
18 15
8 17
9 2
10 8
1 2
12 151
6 3
7 14
17 3
12 1
3 4
13 9
9 19
7 8
41 132
30 30
49 107
65 23
41 126
73 88
46 143
9 3
13 18
12 6
19 19
15 2
4 7
19 15
7 7
17 3
2 6
8 10
14 88
4 86
30 119
40 116
29 64
24 29
32 96
5 79
1 5
4 16
6 8
43 61
53 50
46 80
29 87
49 57
35 38
6 1
4 7
9 5
3 20
19 13
20 1
20 17
6 5
40 4
17 60
9 14
13 76
28 44
12 79
10 4
2 5
14 14
19 11
18 9
1 9
10 12
16 8
18 3
18 9
20 19
7 2
11 43
52 57
20 96
2 10
46 91
49 68
30 43
1 5
2 12
5 10
50 83
10 80
13 110
30 9
21 26
3 1
19 17
16 14
11 4
2 10
32 105
38 93
6 4
1 4
20 17
13 17
3 3
11 20
19 18
10 3
22 29
2 46
28 11
26 59
49 98
40 7
9 40
30 97
54 29
55 6
4 2
8 16
18 6
15 15
13 16
6 3
33 55
8 12
39 87
40 1
6 31
5 77
4 3
11 2
9 11
11 11
8 10
2 4
47 99
16 37
9 5
20 17
3 13
2 12
17 8
6 17
16 5
18 20
1 3
1 18
10 9
62 79
41 49
40 64
23 40
2 121
50 102
60 66
26 33
44 122
19 92
5 5
14 11
9 19
6 14
3 18
9 11
5 5
10 148
83 25
56 100
19 26
61 29
4 5
8 16
13 12
14 10
12 12
9 8
41 54
1 100
48 101
34 66
43 93
22 70
38 59
52 53
25 4
5 5
4 7
5 14
14 13
16 10
18 5
8 8
71 25
69 53
70 42
46 140
28 20
10 91
74 35
72 108
5 1
15 4
6 11
18 6
5 16
9 6
9 7
45 36
51 23
60 111
56 36
38 21
13 14
25 18
25 5
21 110
5 1
13 10
9 12
8 4
8 17
18 17
3 10
20 62
34 91
12 74
10 1
1 20
7 2
20 5
11 20
15 8
14 10
6 1
10 12
10 20
12 1
8 8
40 42
10 74
51 3
40 55
11 14
12 18
28 55
34 118
8 5
15 14
12 7
5 9
3 20
9 3
15 6
16 6
8 13
5 10
44 85
55 29
33 53
16 94
29 92
8 2
20 7
8 12
3 20
1 12
13 6
17 4
14 18
7 13
2 10
32 83
36 50
8 3
12 20
16 1
5 9
2 15
13 8
19 5
10 2
15 16
3 2
42 2
63 68
72 142
1 4
7 3
8 1
15 122
50 130
43 128
34 23
24 9
37 107
66 100
16 63
4 4
19 1
11 20
19 2
19 1
7 2
52 143
50 38
34 7
27 156
76 31
70 45
39 133
5 5
10 8
15 2
5 18
20 12
13 14
4 9
20 126
18 66
29 160
21 110
3 3
17 19
7 6
13 5
9 8
16 69
44 37
19 5
36 32
18 75
2 11
39 19
38 71
16 39
9 4
9 1
3 8
16 9
19 3
4 4
12 13
3 15
19 20
6 6
4 10
7 83
16 24
33 68
11 21
9 4
19 13
3 6
9 5
6 18
19 9
12 3
18 19
14 18
1 20
7 5
25 44
39 105
30 99
24 29
3 63
43 116
61 30
5 2
18 19
6 9
16 13
6 1
20 18
2 4
43 43
47 64
6 5
4 1
11 2
7 8
8 2
6 6
19 8
4 10
61 42
32 68
14 27
40 8
9 5
20 7
8 6
3 8
11 15
17 15
4 4
12 7
9 17
7 14
10 2
54 7
58 130
30 70
6 33
56 65
4 18
58 31
8 23
35 124
30 110
8 1
9 2
11 18
4 13
14 2
17 8
12 4
5 18
11 8
10 9
54 124
19 24
27 101
53 100
4 103
48 106
38 87
66 77
50 65
50 36
1 5
7 15
6 10
52 58
52 76
32 106
38 25
31 67
34 57
3 1
18 10
2 10
20 6
1 3
47 127
2 3
16 18
18 3
7 9
23 83
26 19
39 31
23 80
6 75
12 12
2 93
7 1
19 10
5 13
14 6
10 17
3 17
17 2
9 14
3 8
47 50
24 44
42 63
4 4
1 5
4 16
3 3
12 3
10 6
26 75
30 9
1 22
43 104
1 4
11 15
40 93
53 61
7 34
52 9
3 3
20 6
17 9
17 8
2 2
16 25
33 44
1 5
10 1
4 9
9 62
4 56
38 27
13 123
9 3
3 15
7 14
20 5
15 3
17 14
17 20
3 9
4 16
15 6
4 3
33 75
16 55
40 6
18 48
9 5
9 7
12 7
1 19
4 5
5 4
10 12
5 10
20 12
19 8
8 5
57 72
37 13
17 19
46 29
51 126
23 121
60 18
58 38
1 4
8 1
9 3
44 155
59 144
23 117
56 159
8 2
75 8
17 105
23 60
65 146
9 1
17 5
11 1
2 3
9 6
11 4
5 3
3 4
8 8
13 11
10 9
14 10
6 75
26 83
8 44
3 79
38 53
40 69
1 23
39 71
39 21
4 5
8 20
6 3
11 14
7 11
1 5
47 137
10 1
17 13
16 4
2 2
16 5
5 15
14 11
3 16
11 2
10 10
15 15
2 10
10 43
9 60
6 4
13 17
3 10
11 4
19 15
14 1
12 3
2 7
40 15
48 137
5 2
1 6
20 2
1 2
1 3
1 18
6 9
32 3
26 10
37 79
31 11
27 16
1 29
7 2
18 7
2 14
19 3
19 7
20 7
14 20
8 15
4 2
27 113
6 23
48 2
21 79
9 3
17 1
18 3
6 12
13 20
15 11
8 13
2 4
3 1
2 9
2 3
48 39
3 65
5 4
17 9
20 16
10 16
18 19
18 5
5 3
36 65
72 111
6 78
35 161
12 156
1 1
8 2
3 6
76 84
68 142
27 79
9 3
18 7
15 12
20 3
13 13
14 19
20 6
17 1
12 5
20 17
3 1
18 59
1 33
22 71
5 5
10 17
3 3
8 20
20 17
20 11
8 10
17 24
40 76
22 77
13 52
33 53
6 1
26 48
6 82
2 2
19 5
10 5
2 9
66 93
14 30
1 1
7 5
8 2
39 58
37 117
54 44
60 63
59 30
5 84
2 38
28 15
3 2
10 2
2 1
18 4
9 10
14 103
77 108
71 1
15 149
34 71
5 114
21 46
84 70
48 77
7 5
8 4
9 4
12 12
2 8
12 13
17 7
11 13
10 10
57 93
53 74
35 85
21 87
8 84
44 125
62 51
26 94
4 77
33 20
6 2
15 7
1 8
18 8
4 17
16 13
13 13
9 3
14 85
14 116
9 34
29 36
17 30
2 5
16 23
45 119
59 62
6 3
13 16
18 1
17 18
3 11
18 12
19 1
8 7
42 87
16 48
3 102
52 45
24 20
4 1
39 13
73 8
5 3
14 14
1 1
11 3
15 6
3 1
6 2
15 83
32 46
21 82
20 40
26 15
14 76
3 5
20 20
15 8
5 7
1 6
51 111
10 4
15 19
14 20
11 10
4 4
6 3
8 2
1 14
16 4
11 9
17 4
4 7
29 77
9 93
45 36
40 91
5 4
14 18
13 17
4 6
10 20
14 14
5 6
42 67
54 141
48 72
60 34
2 136
6 3
12 16
16 17
6 2
13 20
4 14
5 15
7 2
52 53
11 44
32 79
22 26
20 84
53 41
32 68
10 5
6 9
12 6
16 9
12 14
13 5
3 6
1 14
15 9
12 4
2 19
8 2
28 108
55 110
21 81
6 30
44 42
36 110
13 52
27 93
6 5
7 20
7 2
2 19
18 20
16 8
8 10
10 5
13 5
29 17
29 18
30 3
15 6
1 56
3 7
39 71
14 57
20 34
5 3
10 8
14 5
6 20
6 16
11 3
10 9
19 23
11 41
62 108
19 100
60 18
37 42
4 117
18 60
19 81
28 137
7 1
3 12
11 8
1 15
11 15
3 15
7 13
9 1
7 2
13 44
31 28
63 65
7 143
71 146
54 39
17 2
8 5
10 17
8 1
8 10
16 17
4 6
17 11
9 19
6 15
1 10
1 109
3 1
3 12
1 4
10 19
2 9
47 88
8 33
5 3
1 19
9 20
13 18
3 18
18 8
2 9
32 15
21 11
8 5
6 3
7 14
10 3
17 19
19 9
7 14
9 5
1 13
3 2
46 58
49 104
45 76
10 3
16 4
17 17
11 6
12 3
6 16
1 4
4 10
16 7
19 8
19 14
1 4
1 69
10 2
15 16
11 12
3 4
18 2
19 6
7 7
18 13
3 11
5 4
5 3
2 9
27 57
24 55
6 3
11 17
10 4
13 6
5 2
17 10
18 20
5 2
42 93
5 118
9 57
78 137
48 162
1 5
10 1
1 10
49 29
6 5
1 5
6 20
12 15
7 20
3 15
12 11
10 7
12 71
19 112
56 96
6 42
6 27
45 30
55 57
27 97
3 21
22 79
5 3
18 9
9 10
20 7
18 3
7 20
1 6
14 54
3 5
14 20
12 19
18 11
10 4
4 80
60 33
64 131
5 78
20 109
10 36
1 125
63 48
64 77
10 43
1 5
1 20
5 2
25 62
1 44
23 50
12 83
21 14
7 2
14 15
8 9
20 1
17 11
20 3
14 4
16 14
9 10
38 4
1 32
75 62
82 15
57 56
31 11
15 98
77 91
53 140
2 3
10 7
14 18
5 3
34 61
10 76
22 85
43 86
41 57
5 4
15 17
6 20
5 7
19 4
11 12
10 3
29 27
22 80
26 39
15 15
35 39
10 25
14 2
23 43
17 46
19 54
8 1
8 15
14 7
18 20
6 8
13 20
6 16
3 12
18 9
4 8
79 107
39 87
25 83
47 121
4 3
6 10
20 15
20 7
4 4
2 8
68 31
48 21
4 1
3 1
9 1
20 4
2 8
3 4
49 47
23 178
72 151
9 5
7 1
18 5
13 12
10 18
3 4
15 20
1 1
15 17
8 10
1 3
48 80
2 3
3 10
14 20
9 9
71 133
87 23
18 17
11 36
6 11
59 33
49 130
63 32
85 101
10 3
13 18
16 18
5 20
9 9
10 6
9 9
10 1
1 18
9 7
18 6
3 10
43 75
39 60
27 46
5 3
15 1
20 4
9 16
17 9
13 5
1 2
34 35
8 5
7 1
4 3
4 7
11 17
12 15
11 13
9 1
4 4
8 6
31 130
45 138
63 52
69 51
23 112
24 118
44 2
67 66
8 3
19 12
10 10
17 14
13 14
8 19
9 13
10 1
10 17
4 10
8 31
24 12
30 27
23 14
5 2
16 10
3 16
20 8
9 11
16 9
4 6
8 6
15 92
27 31
25 135
10 1
1 19
19 15
13 13
11 12
19 11
19 11
18 5
10 17
14 19
20 5
4 7
24 78
62 71
52 33
8 122
6 5
17 11
20 3
9 18
14 11
8 3
13 3
10 8
8 96
46 9
3 62
1 45
36 14
35 45
40 81
4 77
3 41
12 42
9 2
8 16
4 7
12 13
19 9
18 18
2 2
11 10
13 9
8 13
7 6
45 17
57 110
25 45
15 18
41 46
47 112
26 81
9 1
9 1
12 13
13 12
18 9
4 14
15 5
12 7
14 7
3 7
6 9
68 137
70 119
24 24
39 82
84 1
50 85
10 5
17 18
20 2
3 15
15 14
17 14
15 10
17 19
5 2
16 13
14 3
3 3
46 9
55 145
52 111
2 3
2 2
1 2
7 3
14 3
48 11
41 60
23 101
7 102
21 90
22 17
9 5
17 7
14 13
19 20
7 7
16 7
5 5
16 4
7 7
18 20
9 4
44 76
48 46
46 74
38 6
32 88
8 68
18 29
44 1
4 58
9 1
18 14
2 15
16 10
12 19
11 12
16 1
3 1
7 18
19 20
2 9
10 71
24 71
2 2
11 5
19 12
6 9
56 34
64 57
36 89
2 5
60 9
60 111
3 3
1 13
4 2
3 3
5 5
54 50
9 127
40 40
23 81
2 131
5 1
5 18
2 18
11 20
4 3
16 19
7 10
25 7
36 26
4 25
44 36
17 89
8 68
1 89
5 4
5 13
12 16
4 1
19 11
7 9
6 3
28 91
15 32
45 56
46 54
4 92
45 40
8 3
7 12
15 13
14 13
3 13
2 2
7 12
9 7
6 20
9 10
25 11
44 66
65 75
38 114
32 69
45 1
25 120
65 16
22 45
6 5
5 4
17 2
17 17
15 18
4 20
9 16
2 9
34 40
76 138
4 5
13 12
17 4
16 13
1 6
8 9
29 86
55 117
15 120
37 116
49 132
4 114
59 77
67 76
10 4
13 17
16 16
12 8
18 1
6 5
13 2
6 6
19 12
5 1
1 14
3 6
62 10
15 129
5 30
9 3
15 17
10 3
5 4
7 11
10 13
14 2
14 3
15 6
7 20
9 9
43 90
9 112
58 131
8 46
62 50
56 42
36 125
52 75
55 58
2 4
15 12
5 1
10 2
4 64
40 26
34 27
6 25
80 104
23 120
72 164
1 2
41 96
32 20
9 3
12 17
11 17
10 11
18 13
12 14
16 16
10 16
5 10
18 17
3 9
5 69
10 40
35 30
8 4
10 12
7 10
11 3
12 17
18 19
4 14
11 6
15 3
7 3
20 94
21 47
5 23
20 7
4 63
3 54
31 3
10 4
8 18
11 3
7 5
17 17
20 14
6 15
16 7
1 16
11 10
10 3
1 3
59 84
5 3
3 9
4 9
11 14
12 6
18 19
10 2
75 50
71 133
39 79
8 71
33 65
50 26
2 121
72 55
7 150
41 2
2 4
6 9
12 13
6 10
48 1
36 56
49 41
6 20
46 42
9 53
6 2
7 4
9 16
1 20
10 14
20 16
1 9
7 4
59 32
53 130
41 78
75 153
81 25
33 77
52 144
1 3
11 11
8 5
21 36
19 46
11 60
9 40
21 23
13 71
35 96
25 43
7 2
2 2
1 16
17 11
11 7
19 2
9 6
15 11
10 3
53 149
14 3
55 78
8 61
81 1
7 67
54 152
34 163
46 23
69 130
2 2
3 19
12 8
10 2
20 45
79 148
73 1
26 125
66 62
9 117
15 60
65 111
11 97
57 9
3 3
4 18
19 15
12 15
7 2
20 65
15 56
31 35
15 7
9 77
5 39
37 16
1 5
20 10
9 4
24 148
33 85
15 154
16 146
22 114
16 11
35 45
19 63
78 63
1 3
15 19
2 9
4 8
18 76
7 1
7 14
7 7
6 16
19 10
15 9
1 5
19 10
2 7
38 101
11 132
7 2
16 3
1 16
14 10
4 3
10 11
9 11
12 12
7 10
59 77
7 37
61 99
49 30
43 33
48 46
40 91
4 4
2 2
9 12
1 12
9 20
8 9
1 22
34 40
22 18
14 38
44 55
44 36
15 47
27 60
7 5
6 7
20 20
14 7
12 9
1 13
5 1
8 4
8 7
10 4
21 5
49 39
11 7
19 56
11 49
20 65
29 51
4 5
12 2
1 16
8 4
13 1
5 5
10 88
35 77
65 60
8 41
13 78
1 1
9 13
2 7
39 108
63 125
2 3
15 15
5 15
7 7
20 75
36 79
62 169
3 104
39 47
61 76
69 141
8 3
11 3
8 7
12 20
16 13
20 1
10 10
14 12
2 2
6 8
45 82
23 54
32 45
24 90
23 76
41 88
7 1
11 18
17 16
17 19
16 11
1 17
5 9
8 15
10 9
37 95
34 19
32 114
23 93
1 74
52 118
46 6
16 112
53 62
35 81
8 2
13 15
15 16
10 2
12 6
14 18
9 17
16 9
17 19
8 1
39 91
25 94
6 43
41 65
2 39
25 58
42 20
55 19
7 4
10 5
16 6
4 2
19 3
7 7
19 14
7 6
1 7
58 44
8 5
17 19
17 12
7 4
5 1
14 12
19 13
13 2
17 1
6 8
19 19
62 107
65 54
11 60
59 15
15 111
1 1
3 8
7 3
1 32
25 4
20 85
18 12
25 5
43 80
25 27
2 1
20 18
16 19
6 6
43 140
49 60
23 73
19 113
26 53
59 93
3 3
12 4
12 16
2 4
6 8
22 116
19 13
32 10
72 117
70 101
43 80
7 5
12 20
6 9
3 9
3 6
8 12
20 11
20 16
9 7
55 90
13 97
58 82
62 15
26 70
40 19
44 103
46 87
62 6
7 2
19 20
10 12
8 19
2 17
14 8
12 9
9 1
9 6
40 126
25 162
49 66
2 56
45 6
28 121
65 46
66 125
67 45
5 2
13 12
1 18
8 2
2 16
8 9
5 5
54 128
11 124
26 103
17 179
32 62
1 1
6 8
5 3
8 61
1 96
15 88
24 100
39 21
3 3
5 18
17 19
19 4
1 8
44 92
1 1
17 10
10 9
47 6
56 84
27 98
36 108
57 48
41 75
62 139
65 108
28 93
15 123
2 5
14 15
16 13
4 5
37 61
38 100
29 67
20 34
10 5
12 5
20 10
18 2
15 10
8 10
12 6
12 7
18 1
1 10
5 20
9 9
19 35
29 31
41 77
9 46
21 111
17 108
10 89
4 8
50 102
8 3
16 3
19 11
4 9
5 18
19 2
9 4
7 20
7 18
7 5
66 126
15 124
23 18
5 70
30 37
44 51
27 92
8 5
10 16
13 20
5 18
19 3
1 14
9 13
10 18
12 6
6 1
36 108
26 135
3 83
49 108
46 98
27 6
8 5
2 7
4 15
9 5
2 7
11 1
12 7
20 9
6 15
4 7
68 136
71 81
53 146
9 94
8 5
12 1
2 17
3 17
20 15
5 14
2 2
4 12
10 15
7 7
41 41
55 99
41 124
5 133
42 55
19 135
4 73
5 1
9 14
17 19
16 8
2 19
7 9
10 7
29 49
42 59
26 44
36 60
23 3
43 94
49 80
3 52
4 29
28 46
2 3
11 3
20 17
10 3
70 72
46 18
53 116
10 30
23 46
52 134
3 57
23 22
54 66
14 81
9 4
8 19
16 9
8 15
17 16
3 8
9 12
9 4
20 16
13 14
10 7
1 18
31 149
69 145
30 4
59 87
17 138
60 6
40 8
25 70
58 86
1 4
9 2
8 1
41 143
49 147
5 39
31 120
70 95
56 153
58 9
46 40
1 2
6 15
7 5
53 125
51 95
6 117
59 94
16 33
13 33
14 32
10 1
19 11
20 17
8 16
19 4
5 10
3 11
16 7
12 6
19 5
10 15
3 3
4 61
30 6
27 4
5 2
1 7
18 19
7 12
13 15
7 12
8 10
1 119
8 140
55 129
55 140
70 19
51 55
73 111
21 77
2 5
19 11
19 18
9 1
62 19
8 94
58 101
43 71
53 103
30 89
19 118
66 86
40 29
9 4
15 17
19 17
11 6
18 20
18 15
11 2
12 14
15 13
12 1
4 5
35 114
23 140
73 31
6 88
1 5
12 12
3 6
66 41
38 139
53 129
2 2
15 6
3 9
7 2
27 9
8 28
59 125
26 14
39 64
68 90
64 99
10 3
16 19
16 15
5 2
10 12
6 15
20 19
12 5
15 18
2 12
19 6
2 10
35 120
43 56
4 1
20 10
16 12
9 12
20 14
7 5
27 12
17 103
45 41
49 112
46 17
17 34
30 106
1 2
1 11
10 1
25 62
54 59
4 63
65 65
21 96
17 16
58 61
8 1
33 45
55 11
7 4
14 18
20 9
19 6
4 20
18 6
15 13
9 10
9 10
65 63
81 93
44 102
75 117
81 73
19 118
80 75
72 168
54 30
5 1
6 2
9 15
14 9
3 3
17 4
4 10
10 44
6 56
25 35
46 13
4 4
13 15
20 5
20 13
12 14
5 8
53 34
4 6
33 102
10 28
6 66
8 5
9 16
17 20
2 18
18 20
13 19
18 8
5 18
16 16
7 4
70 92
8 17
33 116
58 43
38 111
56 80
27 141
3 1
10 16
14 7
18 12
9 10
47 144
8 163
41 61
72 94
24 33
34 103
13 84
29 160
31 41
2 2
16 20
1 16
1 7
59 31
1 1
14 14
5 3
33 50
16 112
33 98
69 147
29 96
6 5
19 9
17 17
20 17
5 11
10 2
9 8
3 7
19 21
49 54
3 45
9 4
5 18
11 3
14 9
16 5
19 11
11 2
16 19
11 17
20 1
6 4
12 70
35 89
16 94
38 167
21 52
66 109
4 5
2 13
3 3
18 2
13 6
8 4
10 64
27 16
2 23
2 55
6 28
25 64
17 55
26 13
7 5
1 3
3 5
12 10
14 16
9 13
10 10
1 5
8 2
34 29
10 36
19 29
14 16
17 17
5 12
42 23
29 22
5 4
3 13
11 5
8 2
5 20
5 8
8 4
7 93
35 14
6 62
16 69
10 34
6 88
41 65
39 3
3 2
2 17
18 3
6 9
5 6
2 28
5 3
16 21
19 8
9 63
9 5
11 20
20 10
11 8
16 17
7 11
9 2
9 5
18 19
20 9
6 3
26 85
2 65
47 4
2 71
13 17
28 20
1 3
9 19
3 2
14 19
5 102
51 30
7 1
5 3
7 13
6 10
5 10
2 7
3 16
20 14
5 1
24 32
21 39
11 30
40 7
4 74
9 3
12 20
15 10
2 3
14 4
15 17
9 19
17 5
12 7
17 10
2 3
60 4
68 141
7 5
20 15
11 15
15 19
7 1
14 4
2 11
15 9
8 5
35 59
62 114
21 109
4 78
21 14
59 7
38 76
61 119
10 3
13 6
20 7
18 3
15 12
19 9
11 6
20 7
14 11
14 12
14 8
10 4
41 29
28 21
58 84
10 96
46 83
45 3
33 78
31 68
39 32
17 111
9 2
20 1
18 20
15 15
20 3
5 14
20 6
19 1
13 6
11 1
10 7
40 12
46 96
6 77
33 76
44 85
22 92
43 50
25 60
22 23
2 5
10 1
20 11
11 15
17 10
7 7
11 17
6 17
16 10
13 12
16 16
14 11
1 5
43 61
5 1
8 11
20 3
19 11
12 16
17 3
5 4
68 74
46 8
63 134
52 98
2 123
3 4
3 3
13 4
12 2
1 3
34 45
10 3
14 5
6 19
18 8
16 15
16 6
11 11
3 13
2 12
11 9
10 8
7 3
7 114
57 25
9 79
31 99
55 28
38 59
38 35
1 5
6 13
4 1
84 47
73 11
62 27
58 112
4 1
1 1
10 16
3 3
2 15
5 5
32 26
42 55
26 88
1 87
46 57
3 5
5 7
7 16
4 4
3 10
50 35
49 120
16 75
2 4
9 10
5 14
9 6
18 56
7 109
37 35
6 12
45 11
11 44
6 67
43 79
5 89
3 3
6 9
14 2
4 18
4 4
20 127
42 43
19 16
42 115
3 2
19 2
15 16
3 4
2 1
1 89
42 39
7 4
1 16
3 17
3 20
13 12
4 9
20 13
14 3
2 9
15 29
14 45
10 5
19 5
10 1
12 2
5 2
18 7
14 6
1 11
19 18
2 7
20 19
10 1
9 77
21 44
11 73
30 11
18 54
15 46
34 11
31 26
39 41
15 68
8 3
6 9
17 9
15 1
13 3
13 16
13 6
10 19
6 2
8 10
15 29
33 20
10 25
21 9
37 78
33 38
24 82
21 4
9 3
15 8
7 9
18 17
20 19
19 10
17 17
19 7
6 13
5 14
6 7
41 23
29 78
79 49
59 174
25 150
75 75
3 2
7 5
14 6
9 15
8 2
35 52
4 19
24 24
21 65
10 18
32 23
22 76
28 53
10 5
19 12
20 1
16 19
3 5
14 6
17 16
8 1
1 14
16 7
17 14
6 10
62 85
59 134
23 128
3 133
57 16
28 112
6 3
15 16
19 15
19 11
20 1
8 18
16 10
2 10
50 88
39 39
4 4
5 15
3 12
6 3
14 13
2 8
19 26
21 17
1 4
6 15
2 2
47 72
68 82
8 5
13 2
9 17
13 13
18 20
4 9
2 18
12 20
18 15
8 4
14 11
25 83
34 94
30 15
60 25
1 85
49 10
42 89
8 2
1 7
7 18
3 5
15 1
18 9
15 7
16 10
2 4
8 4
40 57
52 34
65 96
25 95
64 90
12 118
45 121
16 93
2 3
12 10
10 17
6 10
3 43
21 38
8 71
23 98
30 117
50 41
6 3
1 18
8 10
1 19
7 17
10 5
10 20
1 4
68 91
10 4
7 4
4 18
12 7
6 6
6 14
12 5
12 7
15 9
3 12
4 8
9 8
2 81
27 62
24 43
38 62
6 82
8 2
19 83
17 84
17 34
7 1
9 9
11 8
12 19
20 7
11 15
14 10
6 18
6 3
58 127
85 79
40 78
2 38
80 65
80 137
2 1
12 3
15 11
4 1
51 11
41 5
11 78
42 7
1 3
5 7
4 6
57 83
41 116
19 30
59 72
10 4
10 16
18 2
15 7
7 12
3 5
2 7
16 19
6 5
3 17
4 13
4 4
31 76
18 12
11 52
7 68
9 1
10 10
13 11
17 16
20 4
18 11
20 5
5 11
9 15
8 10
3 4
7 11
76 159
53 98
5 5
15 19
4 14
5 8
2 20
8 7
1 5
60 22
2 3
11 11
5 8
9 10
12 8
76 71
50 31
51 36
38 151
26 141
9 134
52 58
65 18
10 2
14 4
7 19
15 10
18 8
12 12
15 8
16 3
8 12
19 19
2 8
5 1
24 80
13 44
36 25
13 26
11 43
8 2
9 1
9 16
19 10
14 5
4 13
18 20
15 14
16 6
4 4
29 70
25 20
4 51
14 89
6 5
7 3
14 11
11 16
17 20
9 16
4 14
4 2
19 156
37 101
4 134
62 44
6 2
9 12
13 16
6 20
5 12
7 20
10 11
8 2
36 19
6 113
63 59
22 21
28 134
31 14
66 92
21 48
1 2
12 2
10 10
20 19
2 22
20 15
26 48
20 12
20 41
15 57
3 92
23 78
11 19
10 1
14 14
13 18
9 17
20 12
11 20
5 6
4 16
17 5
11 17
17 20
8 3
39 20
24 61
30 50
51 97
61 74
54 26
10 4
38 94
9 1
12 5
8 19
13 9
6 2
13 18
12 14
9 10
3 6
14 8
1 10
43 50
7 5
17 19
4 18
11 8
18 16
7 15
9 12
16 18
7 2
36 164
24 136
36 58
8 47
29 89
55 76
58 123
4 4
3 12
16 4
14 13
6 13
2 3
5 65
29 62
5 4
20 9
15 15
20 2
14 5
20 16
7 3
26 62
20 81
40 81
1 65
19 58
16 61
19 46
10 2
7 7
20 6
8 10
17 10
1 1
20 8
4 2
13 7
9 11
8 12
4 5
1 57
35 97
35 124
39 28
6 1
14 16
18 20
1 13
18 18
7 14
13 9
10 9
50 126
17 46
69 120
30 84
16 72
2 39
51 60
16 113
12 6
47 48
4 5
3 20
18 15
17 17
4 9
3 5
64 53
64 91
55 35
5 4
13 16
4 7
10 4
5 15
16 15
8 3
11 116
51 32
40 96
7 55
68 84
10 96
21 90
36 35
5 4
2 8
17 1
7 9
10 19
5 10
5 3
22 69
60 6
6 91
42 31
16 46
8 1
19 14
12 8
16 17
9 11
20 6
12 6
7 13
4 6
10 9
20 73
60 18
50 41
22 16
58 92
59 56
35 98
27 93
3 68
25 81
2 1
18 3
2 11
6 3
25 95
54 3
42 98
54 108
53 79
51 42
7 4
17 4
10 11
2 11
14 3
16 17
3 9
12 8
2 3
37 33
43 55
1 3
4 1
1 10
58 7
4 5
17 5
19 18
17 15
2 11
3 9
16 62
2 66
22 31
3 3
14 1
10 3
14 13
3 2
48 80
35 109
67 119
2 2
8 11
17 9
6 2
51 36
49 138
75 107
2 6
78 24
55 45
5 4
13 13
20 10
3 6
11 1
8 18
5 10
64 121
68 9
45 63
23 127
31 45
3 5
2 6
2 7
10 1
6 9
55 87
1 14
7 107
61 59
47 38
15 113
7 4
13 9
20 19
8 19
15 18
6 14
16 19
18 2
3 6
56 73
80 20
8 60
6 2
13 8
9 14
18 15
15 18
14 7
15 10
3 9
45 52
29 70
46 31
2 3
7 11
13 13
5 8
19 29
70 15
6 43
18 100
30 138
8 5
16 3
9 6
4 3
8 11
12 14
8 2
2 1
14 7
2 10
24 32
42 84
5 2
7 10
9 5
15 11
17 12
1 3
1 4
52 29
4 1
1 19
11 11
13 12
20 9
4 10
10 76
21 68
8 98
15 8
5 3
20 5
4 4
12 14
7 1
1 18
5 10
43 124
80 90
37 158
42 12
57 17
8 3
1 16
15 8
8 9
15 13
3 3
16 9
13 13
20 11
8 7
8 68
60 135
40 32
26 109
12 138
42 15
40 59
8 132
5 2
7 8
6 9
20 6
4 8
4 5
10 1
11 139
75 86
9 87
7 141
62 171
41 172
46 129
33 82
8 38
20 116
10 2
4 15
12 11
14 12
17 5
17 16
1 15
15 8
2 16
16 14
10 15
7 5
6 147
36 112
68 15
53 148
78 56
32 123
17 155
4 3
17 10
1 9
14 2
11 18
2 1
35 45
55 96
3 2
18 14
10 14
2 13
6 5
31 53
20 23
14 123
22 101
4 70
2 5
6 3
16 8
12 14
3 8
15 7
11 11
8 1
3 3
75 8
24 136
31 127
2 4
1 3
15 9
6 4
40 41
22 102
45 1
55 48
5 87
14 111
8 1
18 12
1 2
12 15
9 1
14 12
2 13
14 14
20 6
10 9
19 73
42 109
9 100
52 106
61 14
41 121
12 122
79 125
28 59
32 106
8 1
19 14
10 6
12 14
15 10
5 16
6 9
11 13
10 8
5 9
31 10
34 109
19 143
71 149
68 41
6 1
10 4
14 4
19 11
11 14
11 7
17 4
5 6
31 95
6 80
60 99
33 58
13 85
6 2
18 12
6 17
20 15
14 2
17 16
10 3
9 7
9 82
41 44
37 26
60 6
53 85
2 81
44 18
51 64
58 40
4 5
2 13
3 1
10 2
9 19
8 1
44 78
14 36
16 92
30 89
38 18
44 6
10 2
29 27
9 1
13 14
4 1
8 15
10 20
4 16
16 2
17 16
12 8
7 10
8 8
22 40
13 65
41 146
45 157
22 128
59 82
54 94
8 81
2 3
18 7
19 14
5 10
4 38
52 69
34 88
4 54
11 30
1 5
16 1
2 7
58 45
48 7
4 1
5 18
9 7
15 9
16 11
1 6
75 103
9 4
20 11
14 19
8 9
1 7
7 7
16 10
3 3
12 8
9 18
1 5
31 114
10 1
1 6
2 8
11 10
3 2
15 19
20 13
1 13
1 15
16 19
5 5
8 4
10 119
61 21
25 93
75 89
77 135
34 130
31 66
45 47
4 2
6 19
7 13
1 1
9 18
5 8
23 71
51 64
48 32
21 95
20 26
8 3
4 12
2 16
5 4
10 17
13 13
18 8
19 9
14 15
8 5
6 151
34 110
29 150
45 79
57 96
18 56
35 67
17 156
6 4
8 18
14 3
19 18
6 6
18 7
4 3
7 4
11 79
1 129
51 35
23 13
26 58
56 72
29 133
3 1
7 14
3 8
7 18
1 7
70 38
4 1
20 9
20 15
2 12
4 14
4 4
5 141
22 37
26 112
28 72
1 2
10 19
8 4
54 93
3 75
6 24
39 81
60 19
65 83
46 15
35 6
9 3
10 8
10 10
15 5
2 4
18 9
5 12
18 8
3 10
17 18
5 5
55 110
76 58
30 95
35 83
38 64
10 4
3 17
5 14
18 10
13 11
1 14
15 6
18 15
4 12
10 3
12 14
3 6
37 25
12 86
36 21
4 3
10 17
11 13
17 7
2 2
7 9
13 11
13 35
27 9
26 77
13 58
7 76
11 79
9 4
5 7
20 12
3 9
15 7
18 18
9 3
17 5
9 15
20 12
6 7
81 135
61 99
29 111
11 31
40 24
68 121
10 4
20 9
14 1
20 2
7 13
15 8
11 19
18 9
16 13
14 20
9 10
4 1
27 73
40 4
11 39
34 25
7 1
14 7
2 8
11 19
17 6
19 14
4 17
16 17
4 10
40 93
72 134
77 147
39 30
2 5
14 15
3 12
2 8
18 107
4 142
9 3
7 9
20 13
20 8
17 11
16 2
11 11
7 13
20 8
17 13
9 8
8 14
46 13
46 73
41 45
29 96
70 55
16 9
63 59
62 81
9 4
13 5
14 14
20 13
17 20
14 16
2 9
19 6
4 2
6 6
6 4
13 42
63 43
12 129
70 120
64 103
60 123
1 2
20 3
1 7
4 109
5 1
1 12
4 7
15 8
2 3
16 17
10 7
22 45
20 20
54 34
11 11
45 62
25 36
22 22
19 64
18 72
42 8
4 2
17 20
8 13
15 3
16 1
7 7
28 55
43 48
10 69
41 26
6 41
35 28
8 31
4 1
16 13
1 18
4 13
9 6
4 9
53 36
41 91
28 81
18 65
6 2
20 6
7 3
18 8
13 15
16 15
10 11
6 4
19 65
3 24
57 17
11 63
23 56
32 85
2 1
5 6
16 4
8 1
7 19
4 4
33 16
56 43
60 34
46 105
63 7
14 107
9 3
10 18
14 20
19 2
14 12
6 13
11 17
5 2
20 9
10 17
2 6
21 9
54 47
8 1
5 13
1 11
7 20
1 5
11 19
19 1
10 15
17 7
2 5
13 97
39 89
6 1
4 1
16 5
13 10
11 8
13 18
5 10
1 8
50 73
4 2
15 7
17 19
17 10
10 4
1 4
10 54
4 2
16 18
13 13
7 20
4 1
8 8
57 45
55 69
22 40
58 115
15 37
13 25
42 28
6 112
2 2
8 19
2 12
1 8
5 91
10 5
17 5
18 14
7 12
15 19
6 11
1 20
5 1
20 4
7 17
14 11
4 9
20 49
32 86
56 98
57 9
6 4
7 18
8 15
4 4
13 19
20 9
4 7
10 1
23 25
48 20
7 51
36 6
62 96
20 84
5 97
10 65
1 65
50 108
2 5
12 17
7 2
5 1
29 70
27 30
7 39
39 61
10 4
1 3
9 6
4 4
54 57
39 100
10 93
18 91
1 3
6 14
5 6
71 101
20 36
75 103
13 19
3 156
4 3
18 13
6 16
8 18
20 7
4 10
56 48
31 99
31 121
7 77
6 2
10 1
14 11
17 4
6 20
8 19
2 7
8 7
28 41
63 125
43 142
69 128
58 77
69 145
49 107
82 58
7 4
5 20
6 12
9 16
7 11
12 11
2 2
3 13
7 1
14 141
63 140
67 140
63 5
9 143
42 34
53 95
8 3
15 20
5 10
8 14
1 3
4 20
8 16
19 20
2 9
2 2
49 32
6 122
3 1
15 11
4 6
15 16
9 7
12 62
19 136
51 109
73 46
23 123
22 121
42 136
36 109
51 104
5 2
20 7
11 12
15 10
1 17
7 11
3 10
72 110
48 119
43 125
2 4
14 18
17 10
9 7
52 112
42 62
51 54
62 60
32 94
48 48
43 126
47 6
37 102
7 3
1 17
11 5
6 7
4 8
10 19
7 7
17 1
1 9
19 138
10 4
10 13
8 9
20 10
18 13
19 18
6 13
3 12
11 10
2 7
16 3
3 9
28 144
14 157
27 2
9 3
7 14
20 9
9 19
2 20
10 13
8 17
17 17
7 2
18 12
9 4
55 154
23 92
48 8
20 7
10 131
8 70
10 138
15 114
30 40
3 4
10 14
2 7
2 14
6 8
60 122
47 178
20 128
11 153
52 139
36 156
1 3
5 19
7 10
50 49
1 46
72 95
38 40
3 120
4 82
12 1
4 2
12 8
14 15
8 6
14 8
3 4
77 33
60 163
39 128
3 5
9 3
14 1
8 17
9 8
28 67
24 136
35 21
34 18
83 93
70 54
20 120
33 107
73 64
9 1
5 4
15 20
17 10
4 8
6 5
20 19
3 20
20 13
8 13
3 8
21 26
64 87
24 28
8 3
14 17
8 19
1 7
18 14
8 10
16 20
8 13
20 11
9 2
11 116
66 76
11 7
2 87
69 134
80 12
51 20
76 112
29 83
8 2
9 1
9 3
12 2
6 1
2 15
2 2
7 15
1 8
8 7
5 81
15 5
21 20
19 31
7 69
31 21
40 84
47 88
1 5
20 19
3 6
22 26
45 21
23 23
1 2
11 11
6 4
41 47
6 136
78 104
17 46
43 20
40 45
9 1
18 10
14 12
6 7
5 8
9 9
12 4
9 14
2 13
16 3
10 8
35 33
7 8
28 31
36 10
20 31
6 58
8 38
52 58
19 42
16 92
10 5
9 9
13 12
11 16
20 1
14 13
11 6
10 4
4 16
4 8
15 5
8 10
17 144
69 69
63 143
42 83
22 36
40 113
68 143
43 102
6 4
3 12
2 15
7 19
19 4
20 11
7 7
10 4
6 38
69 55
16 30
71 99
78 33
63 4
63 109
30 87
47 157
77 133
10 1
17 3
5 4
4 1
1 15
17 7
2 14
9 15
17 1
16 2
16 15
2 4
20 24
9 78
10 3
8 1
5 6
3 11
12 19
9 19
1 11
20 12
11 7
3 3
15 14
5 9
9 11
17 47
32 13
17 107
26 3
3 5
1 20
5 14
19 17
1 10
19 48
3 5
9 17
7 20
2 8
6 5
10 92
12 48
16 91
46 24
34 81
31 79
2 3
10 13
12 9
3 9
62 113
49 27
25 47
1 5
20 1
1 1
39 14
3 1
20 10
20 5
7 7
4 10
10 59
7 42
16 40
46 85
1 5
15 9
8 6
8 133
17 53
9 116
29 119
82 43
87 11
43 27
64 36
2 1
7 11
8 11
2 3
10 27
25 59
2 5
7 11
4 17
9 2
54 23
52 40
37 30
13 20
23 101
15 68
19 31
1 68
24 21
1 3
16 20
9 8
9 17
32 37
2 67
42 1
6 82
11 75
48 27
13 89
7 12
9 3
4 9
20 5
15 4
9 1
12 15
4 17
8 5
7 8
10 10
2 1
11 93
28 30
7 3
19 6
12 6
2 11
18 14
4 2
10 20
17 1
5 9
9 40
2 48
25 46
3 1
28 49
1 1
11 4
8 8
25 51
4 23
37 47
2 62
32 22
38 77
11 12
1 5
5 3
19 19
13 11
17 8
9 5
9 2
7 8
14 39
56 46
70 19
83 120
11 104
33 17
73 62
1 5
12 6
5 1
45 114
29 51
10 33
16 22
4 56
8 5
8 3
1 6
9 9
3 6
18 9
15 14
13 12
6 14
4 7
67 73
74 49
9 13
1 32
9 4
10 7
19 11
12 16
1 9
13 2
4 17
9 8
17 2
17 5
8 10
40 83
33 75
19 23
8 67
32 84
7 15
9 28
1 6
9 5
8 4
10 13
10 1
15 13
2 8
8 13
19 4
14 10
7 15
1 4
24 101
9 3
11 20
18 16
15 2
2 5
9 10
15 3
5 17
1 6
2 7
2 10
5 10
49 106
3 1
3 8
12 18
10 3
4 8
15 14
3 2
31 53
10 74
4 5
2 9
9 14
4 2
14 18
8 10
17 18
57 60
15 112
25 78
2 73
67 85
16 17
9 35
7 4
5 1
16 11
2 11
17 17
9 16
4 12
1 3
3 2
58 67
8 112
24 97
6 2
11 4
18 16
18 2
11 4
14 17
11 7
3 1
54 76
61 52
53 2
9 3
9 10
11 17
12 8
14 2
14 12
8 6
19 18
20 6
2 4
9 9
35 40
26 87
44 97
43 68
34 36
9 12
2 65
49 102
44 26
3 5
6 16
20 9
6 12
10 7
5 57
33 86
58 144
23 10
48 101
14 12
56 76
58 80
22 34
12 77
10 4
11 13
1 11
10 4
5 15
3 4
6 11
16 10
1 7
12 14
7 12
2 3
32 96
44 146
8 2
5 11
8 15
8 7
4 1
8 11
4 13
10 2
13 11
3 4
3 57
24 74
37 82
1 1
18 13
8 5
42 140
56 52
80 115
59 3
27 66
41 157
58 9
59 132
5 4
20 10
16 14
13 1
13 16
8 16
2 6
30 162
28 33
7 4
12 17
6 15
12 8
10 17
20 8
9 8
20 1
8 1
12 59
16 68
34 103
30 101
38 59
60 97
56 30
14 97
3 5
14 9
4 10
14 12
7 1
39 66
26 31
33 40
6 59
37 55
7 48
20 23
3 3
18 2
6 19
1 3
5 7
18 31
44 57
35 98
50 112
43 53
2 3
13 7
3 13
1 7
14 48
7 1
3 12
19 15
2 1
20 3
9 16
7 3
1 1
8 6
46 25
18 34
43 7
50 54
9 100
4 78
23 12
52 93
10 1
8 15
15 12
12 9
3 5
13 7
7 9
6 14
8 18
3 19
2 5
8 7
26 84
45 11
30 33
28 87
27 95
37 81
30 79
8 10
1 4
16 12
9 5
31 37
42 77
46 17
19 104
24 54
45 99
37 95
26 6
52 82
7 4
15 13
17 15
20 19
17 11
13 11
17 20
2 7
10 1
31 25
48 90
54 15
39 80
27 76
11 137
46 145
48 63
47 38
1 113
1 3
18 9
4 3
46 7
18 57
19 80
20 82
6 2
17 14
12 9
10 6
13 10
8 17
5 9
5 5
8 40
5 20
45 36
23 32
18 53
4 3
15 18
17 8
16 13
11 4
3 7
80 159
27 115
60 94
5 5
8 10
4 11
8 15
16 4
13 9
7 5
79 122
32 165
77 167
10 90
11 7
71 77
40 62
4 2
19 17
9 4
14 1
19 9
7 2
7 57
71 146
30 71
46 142
80 68
75 43
10 69
6 2
12 9
15 9
20 18
20 7
18 10
11 7
5 9
23 16
14 96
6 97
15 104
19 90
2 1
16 12
6 11
6 3
65 119
45 43
60 60
45 4
14 91
5 49
9 1
13 20
10 15
5 6
19 3
18 2
18 13
14 15
14 3
14 6
9 9
14 7
28 83
34 116
13 69
23 69
59 47
51 64
52 8
38 46
1 4
19 9
7 1
36 55
5 93
1 38
30 59
45 51
47 60
44 98
7 1
7 12
10 2
16 2
14 7
15 15
12 10
19 6
4 10
70 140
67 19
13 39
24 7
8 2
17 18
5 10
13 12
12 9
18 16
5 14
3 20
13 15
2 7
17 26
61 51
2 5
7 5
7 9
6 5
59 11
26 19
11 57
40 89
21 90
29 60
2 4
10 3
12 19
9 7
40 50
50 80
49 126
65 45
29 108
28 61
63 11
56 124
46 40
1 5
11 6
2 7
15 9
21 30
10 4
10 12
9 12
13 7
20 14
14 17
2 13
6 19
15 20
2 19
18 1
3 1
73 22
87 24
35 115
3 4
11 15
14 10
6 4
5 5
9 3
14 37
21 40
55 39
3 54
3 2
17 3
6 9
12 4
10 8
5 66
44 5
6 83
5 23
1 12
28 1
23 27
10 57
21 9
12 73
3 1
6 11
16 17
9 15
7 1
33 63
42 31
25 12
38 80
36 69
1 12
40 85
7 2
5 11
2 8
4 15
4 17
5 20
18 16
13 6
1 8
77 129
7 2
8 15
9 9
2 19
2 14
5 20
7 8
8 12
2 7
8 76
28 76
10 2
14 2
20 8
2 13
14 20
10 12
18 13
14 14
17 15
16 7
18 8
1 4
13 68
9 4
19 12
4 17
11 10
8 10
16 13
8 9
18 19
15 3
15 12
2 5
64 133
77 13
8 4
6 11
3 4
7 2
10 16
10 19
7 12
9 11
6 6
5 9
23 74
30 76
53 20
46 105
1 5
3 4
16 10
7 2
7 1
4 2
26 84
34 41
41 52
5 56
1 2
19 17
10 3
22 112
1 62
40 108
11 136
4 127
8 138
52 43
57 1
51 128
70 14
9 4
9 7
20 19
15 11
18 6
13 9
12 7
1 20
13 12
16 2
3 8
75 88
68 62
15 104
7 5
10 7
8 3
4 17
16 7
14 4
4 12
17 1
8 7
19 14
45 75
2 50
54 12
47 116
28 19
10 30
42 30
1 5
20 5
2 7
47 21
27 127
7 1
8 8
7 12
3 9
14 3
2 12
19 1
16 2
6 1
11 17
30 53
24 40
12 21
32 39
35 45
5 4
13 6
14 11
14 6
9 1
8 4
2 1
26 79
20 99
2 3
2 1
15 13
6 6
59 50
36 102
17 59
11 15
69 91
49 21
3 5
9 12
17 3
17 19
2 5
39 81
44 77
7 5
14 2
17 20
12 16
10 2
14 2
15 20
9 15
9 5
12 5
9 112
62 143
71 160
85 132
16 86
40 71
51 167
50 54
5 3
3 8
12 11
4 4
4 4
14 16
7 6
80 23
68 8
1 52
82 26
8 50
80 35
79 54
3 1
18 10
9 5
3 5
2 5
28 44
35 107
4 5
7 20
3 15
10 4
7 14
5 1
50 30
50 105
29 27
13 25
10 40
1 2
11 14
8 3
47 77
18 85
46 23
24 15
51 69
25 87
44 101
27 104
7 2
6 20
10 16
10 17
17 5
14 6
20 2
16 11
9 2
14 68
16 78
1 119
6 51
21 8
56 106
13 54
16 5
13 28
1 4
12 12
7 7
37 1
39 19
11 55
21 90
27 69
12 32
12 70
6 1
6 2
6 10
10 8
6 7
1 16
18 15
2 8
1 89
12 53
3 4
18 11
14 20
7 19
5 3
58 16
3 63
63 73
41 90
41 62
9 5
6 13
18 17
2 11
19 12
11 12
10 14
20 3
10 9
10 7
8 7
19 65
40 56
29 22
36 51
20 21
21 94
40 73
10 91
9 1
2 17
9 17
10 1
11 17
16 17
7 15
7 18
16 1
18 1
1 1
69 129
4 3
20 7
1 11
7 5
5 1
7 6
47 158
11 178
34 94
14 74
88 137
3 169
27 34
3 1
5 7
5 19
8 20
2 10
57 46
36 74
8 5
7 3
4 9
1 8
17 15
2 20
1 20
5 3
6 1
5 3
23 64
21 90
43 25
4 1
53 27
10 4
16 5
8 20
1 9
12 10
1 12
11 4
19 15
11 11
16 17
3 6
2 1
27 106
11 121
4 5
20 11
7 15
3 15
11 10
7 4
85 74
64 108
54 33
52 90
10 132
20 151
80 57
4 2
15 8
18 7
7 9
20 19
9 4
2 43
28 33
12 61
27 62
27 45
47 66
12 46
24 80
8 65
6 4
16 18
13 8
6 12
13 16
9 1
17 14
5 5
17 52
37 115
61 64
12 80
15 6
6 1
15 5
15 5
3 14
2 14
19 9
13 2
5 4
5 65
46 124
70 104
61 104
17 17
8 3
12 17
15 2
4 8
7 1
19 16
2 5
19 4
8 14
10 1
11 4
47 166
43 136
31 76
80 163
27 156
56 8
15 172
6 93
68 3
6 1
14 13
6 17
17 13
3 4
1 4
11 10
10 4
33 61
24 64
20 33
10 85
10 85
21 31
20 11
33 13
21 39
1 34
2 1
15 10
9 4
2 4
6 104
32 146
4 1
14 9
15 8
20 20
2 16
4 5
75 37
61 25
58 110
2 81
8 5
19 11
15 7
17 5
5 14
20 4
2 10
5 8
14 6
5 8
31 96
53 6
69 154
87 32
44 15
1 5
10 20
1 1
13 31
2 3
2 5
20 10
7 5
53 74
3 64
33 22
34 70
44 79
51 66
25 103
9 3
18 16
17 7
11 20
14 1
8 15
17 4
3 10
4 8
12 16
5 1
3 95
19 19
39 70
32 62
38 87
5 1
1 16
6 5
9 7
12 15
6 9
4 7
11 55
22 99
29 92
45 78
10 1
18 4
12 3
7 8
1 3
14 20
19 17
14 17
17 16
20 14
14 9
4 5
39 106
28 19
32 7
60 91
8 3
6 14
17 7
7 9
16 5
11 13
12 2
5 15
16 19
1 9
42 42
5 5
7 20
8 4
5 5
2 7
8 9
8 9
26 117
82 39
43 106
50 130
58 38
61 97
20 26
53 36
9 3
7 2
18 10
9 8
19 7
9 5
2 2
9 9
13 17
8 13
8 9
23 47
31 105
10 57
2 96
15 102
33 105
8 52
53 91
5 4
16 20
13 6
9 5
2 17
2 3
4 3
22 55
37 146
49 137
10 33
5 5
18 7
8 12
4 10
5 9
16 9
10 8
3 63
23 65
10 33
34 8
25 19
36 22
5 43
13 67
12 45
17 82
10 1
10 20
8 6
10 20
10 15
6 16
3 5
9 14
17 8
5 4
10 20
9 9
31 24
18 55
49 113
26 116
32 89
34 9
8 49
34 68
27 115
3 2
19 11
7 18
5 4
5 6
58 92
42 40
37 44
9 67
48 18
9 5
2 2
15 12
15 6
14 20
2 4
7 13
18 17
19 14
10 9
6 3
3 3
72 62
22 73
56 131
37 74
66 96
3 2
5 15
20 9
11 5
10 3
32 11
12 17
5 80
21 75
11 79
39 89
14 15
13 16
29 52
3 30
7 5
1 13
13 19
10 14
8 18
9 14
6 10
1 10
9 5
22 61
32 66
19 29
34 33
1 70
1 14
36 70
14 48
41 7
10 5
8 11
18 1
2 10
12 9
4 11
16 7
5 15
6 4
7 14
8 4
5 7
11 58
36 40
12 50
4 12
19 31
4 2
12 9
14 1
19 17
3 12
8 3
49 64
22 84
75 145
76 143
66 143
1 110
13 70
18 175
8 4
13 18
7 20
9 5
9 18
8 18
16 20
6 10
14 8
1 9
50 29
6 2
15 10
2 5
3 19
17 14
3 11
14 4
9 8
6 106
14 59
33 12
4 48
42 67
26 39
46 47
12 3
3 95
4 3
11 4
8 12
7 3
19 12
1 2
46 59
9 4
4 4
3 3
2 2
14 6
12 20
2 2
3 20
10 13
14 1
9 10
12 44
62 1
36 117
52 119
18 69
19 21
13 54
39 42
20 37
8 5
16 8
14 15
6 11
13 16
15 16
5 5
9 3
13 18
10 10
26 101
4 72
48 51
16 70
43 2
34 90
15 7
42 17
52 52
16 3
3 3
1 3
11 20
10 11
9 8
73 38
13 113
36 106
52 15
56 137
14 44
43 32
25 22
11 44
5 5
13 19
19 2
6 19
20 10
3 14
4 6
16 129
58 51
60 42
54 128
8 2
9 15
6 4
5 5
16 12
8 12
12 10
10 17
10 19
4 1
12 37
46 83
5 127
49 36
10 1
11 11
10 15
18 16
11 1
5 5
5 3
19 3
2 13
3 12
5 10
6 7
34 139
29 101
12 155
3 124
63 16
37 151
2 1
10 6
8 15
7 2
25 89
57 64
66 16
13 112
40 104
26 25
53 45
1 3
15 18
1 10
40 27
4 1
9 18
11 1
19 16
1 2
3 8
14 90
19 30
51 97
4 4
9 3
3 18
15 2
13 10
9 3
12 47
22 109
48 41
35 97
35 111
3 48
52 106
44 13
21 49
7 1
14 14
11 9
20 8
11 9
18 2
1 20
7 19
8 1
29 75
63 58
57 36
34 32
16 128
58 88
22 62
36 82
3 3
2 12
1 17
15 3
2 7
36 165
29 55
6 1
14 19
17 12
8 8
4 9
4 6
10 18
9 1
45 17
27 79
5 70
39 54
28 53
22 41
48 60
6 91
30 13
6 5
1 5
7 1
6 11
5 14
3 6
15 19
7 10
50 69
20 16
2 66
45 49
56 10
34 109
13 21
9 1
5 16
14 8
20 5
8 13
1 16
9 6
16 19
9 20
5 1
4 7
4 10
51 108
16 17
53 89
9 5
15 20
7 6
13 4
17 15
14 11
11 17
19 8
10 17
13 14
2 10
55 33
9 22
5 4
5 18
6 4
10 9
5 5
12 4
6 2
38 38
18 57
32 16
27 36
20 80
34 7
8 5
18 6
18 19
8 7
1 2
9 19
11 14
10 18
13 5
8 7
28 67
27 72
33 12
7 12
15 32
23 74
28 75
28 37
2 1
11 1
2 13
5 2
41 19
67 23
39 5
3 19
8 102
10 2
13 20
14 10
1 2
7 14
3 14
7 2
10 10
5 3
16 8
12 11
6 3
6 131
8 154
29 136
22 4
36 79
24 48
7 2
1 12
9 6
1 1
17 19
14 7
4 7
6 17
4 4
42 123
36 131
18 6
58 105
6 5
18 7
3 8
18 20
10 5
18 7
17 13
10 9
6 65
43 45
34 146
27 25
62 17
21 11
18 62
57 15
16 67
79 66
10 5
2 4
2 1
14 18
20 8
2 6
8 3
20 7
8 14
2 18
13 11
1 5
22 160
10 3
2 11
20 10
13 15
1 17
8 14
18 10
12 16
5 4
3 17
15 8
5 5
65 66
59 72
56 112
60 60
53 85
5 3
14 3
14 11
7 8
20 17
18 3
9 1
23 115
52 93
54 85
23 84
19 128
33 144
45 137
16 69
49 157
7 5
18 9
1 7
11 12
14 4
4 13
3 13
13 20
4 2
50 58
64 97
5 117
8 138
5 1
19 3
13 15
14 20
20 8
15 19
1 4
38 88
8 5
5 8
16 1
6 5
14 10
13 2
13 9
11 15
1 15
7 9
25 57
52 31
20 29
19 100
31 4
56 30
5 85
5 1
14 13
15 9
6 8
1 5
7 2
1 7
29 104
4 5
16 3
19 10
1 17
3 16
3 6
13 126
3 14
58 54
1 4
16 2
4 5
48 91
7 14
35 97
27 89
10 2
2 19
8 5
18 19
16 3
19 19
19 14
6 12
18 11
8 2
8 7
1 3
12 38
4 3
10 19
19 15
12 12
15 6
4 9
2 69
6 19
3 18
7 19
2 3
11 5
13 8
4 9
62 135
70 69
21 73
3 34
5 1
2 1
9 20
9 3
18 13
8 2
5 6
22 14
42 152
55 45
72 29
24 139
4 4
10 16
9 12
3 9
14 15
4 8
11 14
40 56
36 28
11 33
6 3
18 3
5 1
8 13
14 20
10 2
5 16
1 9
78 49
10 2
6 14
18 9
13 20
15 1
7 6
1 13
12 12
5 13
18 9
9 4
9 5
72 120
7 42
56 100
8 30
68 43
61 30
55 73
31 115
41 128
8 4
12 7
7 7
2 14
7 9
15 19
11 9
9 20
13 16
3 8
20 58
6 43
29 11
3 1
16 4
11 6
1 12
2 4
49 27
6 11
10 1
10 3
20 17
9 15
14 12
14 6
3 16
1 2
10 8
11 10
7 15
2 1
50 105
54 64
2 2
2 8
19 9
1 10
31 4
9 5
19 20
4 13
2 18
4 14
4 20
5 14
11 4
14 11
7 18
2 7
31 11
34 17
9 2
20 16
4 10
9 3
4 18
5 10
11 17
16 18
11 9
5 13
9 4
15 42
25 55
51 19
59 131
62 107
33 59
33 69
40 145
51 50
8 3
8 6
4 7
17 5
19 4
14 9
7 17
8 13
9 11
7 2
35 40
40 60
49 48
28 129
42 150
30 76
73 66
4 4
12 18
19 13
15 13
16 7
3 2
4 66
48 46
22 49
4 2
10 4
8 13
1 15
3 3
5 9
31 19
34 123
21 130
66 14
54 46
5 1
14 14
19 9
1 17
18 13
17 14
8 5
47 45
32 56
10 23
21 20
16 8
38 17
12 85
10 100
2 3
8 5
17 2
9 4
31 93
26 106
66 146
26 79
43 17
14 140
43 24
78 91
79 4
10 2
5 9
7 18
16 10
7 18
13 17
16 15
20 9
9 2
3 18
3 15
4 2
31 40
29 3
23 38
19 45
3 3
17 5
13 20
19 17
1 2
4 48
3 2
3 4
5 4
2 11
2 3
25 17
63 113
10 5
2 9
15 18
5 7
6 15
18 8
11 2
11 1
19 4
3 4
5 11
4 9
33 31
54 12
70 117
61 45
4 3
15 19
17 1
1 5
1 5
4 6
33 29
47 143
28 154
77 44
4 3
14 4
5 13
20 14
1 5
7 10
20 34
23 90
41 82
28 24
31 71
19 15
2 30
10 3
15 13
17 20
17 7
8 10
18 13
17 5
18 17
14 7
19 10
9 14
6 6
37 19
62 111
68 5
58 123
40 96
58 104
7 1
10 8
5 19
6 12
19 12
15 1
16 2
17 7
7 4
24 20
3 31
49 16
9 68
29 100
42 82
26 24
3 1
7 7
16 4
17 3
9 3
1 64
23 151
5 104
22 76
72 126
53 141
74 22
57 44
73 108
9 1
1 3
10 17
4 18
18 16
17 5
20 5
18 5
16 10
16 17
6 6
68 104
1 64
68 71
17 78
31 18
54 103
8 5
14 3
9 12
10 5
3 4
5 15
9 12
6 15
11 20
9 5
11 38
37 85
1 108
3 106
48 106
13 54
16 34
31 59
32 111
2 4
2 20
14 6
9 9
49 95
55 60
35 94
43 38
71 130
77 93
15 43
66 138
46 116
5 3
10 15
20 13
4 13
5 11
6 20
1 10
6 157
1 2
10 17
3 9
25 32
17 32
25 36
1 3
5 19
2 9
48 32
38 74
3 3
17 2
11 3
10 6
8 7
8 16
21 87
24 4
51 63
23 104
56 53
27 118
63 11
3 1
4 20
15 5
19 5
2 7
22 117
45 46
2 5
1 1
11 10
6 9
48 76
54 51
27 99
52 1
14 30
47 102
5 4
7 17
9 16
7 20
17 10
2 7
4 9
27 53
40 90
5 91
6 69
9 3
20 2
15 13
18 1
9 16
20 17
17 10
10 9
16 9
19 14
6 8
8 28
35 28
35 39
21 9
14 15
2 55
6 3
11 18
14 11
8 20
5 14
20 18
5 3
5 6
64 11
51 58
8 94
53 8
23 144
6 1
10 4
15 14
17 5
15 1
2 16
11 4
10 4
36 55
52 21
28 10
12 9
25 33
24 60
8 84
20 35
17 56
24 98
6 2
1 8
18 19
9 16
6 20
8 4
7 7
3 8
45 122
8 102
33 98
3 1
6 16
12 1
8 8
3 2
27 119
14 60
40 18
2 2
14 2
12 1
1 2
72 62
9 4
1 16
4 7
16 13
1 4
5 19
8 4
18 1
17 8
1 13
1 2
23 66
8 2
6 12
14 15
12 14
12 18
9 20
19 3
1 4
9 2
7 10
54 112
76 51
4 111
62 164
69 93
7 62
73 98
10 3
17 14
8 17
5 18
19 5
13 20
4 18
4 20
16 15
3 17
3 12
7 7
34 19
33 58
16 59
10 75
20 1
8 23
5 57
9 2
11 18
12 3
18 1
1 7
18 1
16 11
3 13
17 16
2 6
4 8
2 39
7 53
22 13
18 76
6 2
13 16
12 12
14 3
19 16
1 10
14 8
9 1
55 89
51 34
70 95
70 81
4 127
33 35
32 97
38 139
27 110
1 2
7 19
3 3
56 16
70 84
69 3
3 4
9 4
13 18
9 12
8 1
43 60
23 61
27 23
31 13
29 3
6 52
29 72
3 71
1 3
10 13
3 1
7 11
45 46
33 70
4 1
9 8
7 18
18 1
3 20
9 1
1 46
14 4
17 60
16 18
40 66
5 52
10 34
35 19
19 41
10 2
19 12
12 19
8 1
5 17
2 16
11 7
16 17
8 4
14 19
17 8
6 4
33 2
60 21
39 70
65 64
35 123
39 74
8 2
9 8
3 2
9 16
8 9
7 7
6 20
2 18
4 12
5 6
23 29
34 83
25 25
11 56
41 41
5 3
3 2
18 11
1 8
8 14
6 18
6 8
38 17
7 56
26 94
22 72
14 97
49 105
7 5
5 14
18 13
7 20
6 4
7 1
2 9
12 11
5 2
24 30
43 95
27 103
31 11
45 95
4 5
10 6
17 19
15 4
17 19
9 3
12 27
27 56
39 53
5 10
31 81
36 61
7 38
38 42
42 32
5 3
5 5
4 11
7 11
19 3
20 5
7 10
2 94
4 89
39 96
53 21
9 105
31 34
22 82
1 1
14 17
3 5
48 3
10 55
19 63
9 3
4 10
12 14
2 18
3 6
2 17
11 20
14 7
5 8
17 14
7 2
16 20
65 66
70 45
41 176
85 16
30 28
31 9
3 2
2 16
19 16
9 9
6 10
26 83
18 76
10 66
41 27
45 18
14 74
3 1
3 4
2 1
14 9
7 10
32 77
11 66
13 45
36 66
2 43
22 16
7 8
2 1
9 16
7 20
9 5
20 48
1 94
27 60
33 61
59 16
51 70
27 35
21 81
18 2
4 1
12 7
16 19
1 12
15 4
3 10
58 80
61 14
35 119
10 3
9 18
9 12
14 20
17 14
3 14
2 9
3 1
20 20
4 13
14 11
6 6
44 139
80 27
23 105
31 23
74 112
30 127
3 4
1 11
12 18
3 1
5 7
55 36
26 30
54 85
47 15
5 54
7 4
3 5
10 10
6 18
19 20
2 3
12 15
19 4
3 2
56 131
46 11
50 58
6 1
10 9
3 6
13 1
16 1
14 13
4 17
9 1
13 123
12 32
44 137
13 37
17 88
21 84
21 102
63 70
37 86
8 1
18 17
13 15
14 8
4 3
20 13
15 5
16 16
4 16
2 2
75 58
19 133
1 5
8 18
9 8
5 106
29 54
24 47
4 11
44 111
6 14
6 99
13 72
55 71
10 3
19 8
20 3
9 1
7 7
19 3
3 1
15 16
4 17
4 17
10 18
3 7
26 59
2 79
47 121
6 2
12 8
17 6
10 7
20 12
2 11
6 13
10 9
45 56
22 61
5 22
2 61
21 54
46 93
14 2
20 96
3 92
49 85
3 4
4 6
12 10
3 16
1 8
38 66
8 2
3 10
5 20
7 16
11 18
1 5
11 14
15 10
2 14
2 6
49 35
58 62
4 3
7 3
11 13
15 2
17 13
10 5
65 127
45 68
2 28
7 46
22 39
43 123
36 50
3 42
56 3
64 97
5 4
12 16
5 6
17 15
4 4
6 16
5 10
17 86
17 93
44 7
27 5
47 92
10 1
7 13
7 17
3 17
13 11
6 19
19 8
20 19
8 19
7 11
1 7
4 1
6 31
25 116
54 115
15 57
4 4
9 12
17 16
13 7
14 17
4 5
15 162
80 167
21 47
10 100
8 2
7 14
7 17
3 9
9 9
17 17
15 16
18 15
4 14
2 10
42 67
25 41
8 1
19 5
1 14
11 14
5 17
1 7
1 19
11 4
9 3
4 8
59 26
70 90
53 31
31 40
4 4
19 12
20 3
7 2
10 19
6 10
80 32
33 152
5 65
72 75
29 156
79 51
10 2
5 18
3 6
16 15
3 16
3 19
6 15
14 4
12 12
8 5
18 18
1 4
67 116
7 2
10 17
19 9
6 19
2 4
17 19
2 12
10 9
3 9
50 39
6 170
81 121
8 4
10 17
19 13
17 7
2 15
3 10
20 11
1 5
4 5
6 9
25 54
12 23
31 59
1 49
40 39
39 25
7 3
3 11
19 14
5 10
2 12
10 17
16 17
12 2
6 8
24 160
72 24
28 41
43 7
5 55
35 12
2 1
3 5
19 5
4 5
56 39
15 68
33 24
48 107
6 2
3 18
15 4
4 16
6 11
10 2
14 4
10 6
56 98
61 39
5 51
45 144
51 61
62 140
20 124
57 60
74 109
41 35
7 5
6 20
16 18
14 17
14 10
3 16
4 14
7 7
4 1
13 99
4 86
3 81
32 12
4 5
10 8
14 11
9 6
6 20
6 3
33 98
61 13
60 44
59 151
32 156
11 81
4 1
11 1
8 9
15 1
6 5
3 3
57 101
55 103
21 39
9 5
2 15
1 4
16 13
17 2
7 9
8 4
4 16
15 20
11 16
4 9
65 20
69 173
30 91
14 59
7 3
18 20
13 19
14 19
1 4
10 9
14 1
6 9
2 10
6 56
2 49
9 3
20 9
10 16
1 20
12 20
2 9
1 13
9 6
19 4
10 2
9 10
56 119
50 67
22 5
15 95
63 29
4 24
52 16
42 72
16 51
6 2
14 10
12 17
8 12
18 13
14 5
8 19
4 5
17 112
39 25
53 43
19 40
9 1
5 20
2 17
16 11
13 6
20 20
18 2
4 14
14 14
18 19
6 10
39 31
43 75
39 94
12 53
44 20
3 84
5 4
15 3
16 7
13 14
18 6
18 8
5 3
5 77
52 19
8 19
46 65
17 66
1 2
18 6
8 1
29 21
23 14
16 102
5 58
10 50
1 92
39 122
48 5
1 2
18 13
3 9
43 15
13 85
59 70
3 4
1 13
20 20
7 11
1 5
25 86
5 1
3 18
19 6
20 1
1 16
4 2
6 3
17 3
25 62
13 27
29 9
32 43
32 34
1 5
8 5
7 5
6 42
48 60
28 110
42 53
17 59
18 17
47 74
2 4
19 19
18 8
8 6
59 119
54 140
72 64
6 143
57 69
70 68
4 28
45 133
10 1
11 14
14 3
1 14
12 20
6 1
11 8
19 1
19 14
8 11
15 3
8 9
37 38
20 63
24 71
45 78
36 70
25 93
19 11
21 26
9 5
20 14
7 9
7 7
16 8
18 17
17 3
13 12
5 20
11 11
9 8
2 26
62 138
41 28
52 78
5 78
11 21
58 2
40 30
19 64
3 1
5 19
16 8
15 9
7 10
42 47
30 84
38 6
47 123
51 37
42 76
63 103
5 5
7 13
17 10
13 4
8 10
8 14
8 6
3 48
77 130
80 134
63 146
37 109
66 126
19 167
53 22
10 2
5 7
17 6
13 19
19 1
3 15
2 11
19 15
1 11
13 7
16 2
9 9
29 49
11 68
25 67
53 38
58 19
13 3
36 74
49 32
47 47
1 5
15 20
1 2
47 147
2 1
5 5
7 18
9 5
57 16
2 49
26 71
49 31
58 13
5 124
43 120
14 68
45 68
10 2
8 11
8 7
4 17
2 10
13 9
4 19
1 5
17 17
5 13
7 1
4 4
69 118
43 27
87 107
42 111
7 3
18 17
9 16
16 17
20 12
4 2
17 11
10 11
5 6
17 34
23 75
32 7
12 56
7 68
8 2
2 5
16 16
6 17
17 1
20 8
16 12
2 3
1 4
4 2
57 78
41 130
45 86
14 55
9 4
7 7
15 11
19 11
17 12
12 20
15 6
20 19
6 17
19 15
7 6
36 91
33 43
12 116
61 28
19 94
58 44
15 115
8 3
11 20
7 8
1 19
10 15
1 2
19 3
16 4
14 10
9 8
68 6
62 111
83 58
2 70
44 6
62 66
81 15
27 144
39 60
6 4
6 11
7 2
17 6
9 3
17 17
13 7
7 6
40 83
14 15
14 73
26 50
15 80
30 5
35 19
9 5
10 11
8 14
13 18
7 4
2 9
12 1
4 15
8 6
4 5
7 9
43 100
82 31
76 84
33 85
2 18
15 153
15 30
4 5
19 20
10 15
11 14
15 6
5 9
2 81
26 72
27 57
1 32
8 81
2 2
20 8
20 1
10 2
7 7
11 16
10 6
15 2
3 13
16 100
11 100
12 100
4 100
1 100
10 4
13 10
1 2
14 20
19 18
18 5
14 100
8 100
13 100
18 100
19 100
10 5
12 6
19 11
18 11
3 17
4 6
20 100
13 100
17 100
15 100
6 100
10 6
2 7
12 5
12 4
10 15
14 15
16 100
9 100
18 100
13 100
6 100
10 2
6 7
6 14
2 5
7 15
7 10
11 100
7 100
8 100
9 100
6 100
10 3
2 18
8 18
20 2
17 11
9 5
3 100
13 100
15 100
1 100
2 100
10 8
8 18
4 20
12 7
1 7
6 16
18 100
5 100
15 100
10 100
15 100
10 8
15 2
14 6
17 7
16 8
17 2
6 100
3 100
4 100
18 100
18 100
10 7
19 20
11 19
20 2
18 5
1 18
15 100
14 100
9 100
3 100
7 100
10 3
17 6
19 3
16 16
20 7
6 11
9 100
7 100
1 100
10 100
19 100
10 1
19 18
16 4
3 6
6 7
10 16
4 100
14 100
5 100
11 100
18 100
