-1
-1
-1
-1
-1
111841
111841
164181
111841
111841
111841
87394
87394
87394
49384
126990
160539
74487
41863
41863
125801
125801
111841
69859
111841
69859
125801
104153
144581
131095
131612
194541
131612
101515
117250
104246
104246
104246
160539
104246
112598
192608
104246
192608
192608
131612
123757
104246
102560
104246
104246
166907
160539
104246
104246
104246
166907
104246
194427
121120
169384
169384
104246
104246
121120
104246
111841
111824
134379
104246
160539
136550
136550
134379
136550
115866
136550
187218
198087
198087
187218
187218
167221
167221
167221
163094
163094
167221
172732
172732
167221
172732
172732
169323
167221
169323
136550
167221
163094
163094
163094
163094
163094
134220
134220
163094
163094
157874
157874
157874
141235
193741
157874
193741
186798
193741
186798
188193
188193
131671
188193
188193
188193
153018
183272
193283
183272
183272
131671
186798
183272
193283
186798
183272
183272
153018
153018
153018
146285
146285
146285
146285
146285
158897
131671
158897
150486
141235
141235
150486
141235
139754
139754
168632
179873
179873
168632
168632
139754
134251
179127
139754
179127
179127
131671
146495
146495
179127
134251
179127
146495
179127
146495
179127
146495
134251
131671
131671
130179
131671
134251
183097
197761
130179
115866
168320
170655
151309
151309
115866
190288
190288
190288
190288
190288
188164
188164
188120
188164
188120
188120
165506
165506
165506
188164
190288
188164
182515
182515
188120
190288
165506
188120
151309
188120
188120
165506
196099
187576
194745
194745
195135
195135
195135
182515
195135
195135
194745
194745
194745
194745
182515
151309
182515
145398
194745
145398
165506
195310
195310
195310
195310
195310
195310
195310
195310
195310
195310
143493
164140
195310
159877
194745
159877
195310
164140
159877
164140
159877
165506
165506
165506
159877
159877
164140
164140
164140
164140
164140
164140
159877
155002
159877
159877
167986
159877
155002
155002
161011
153285
143493
161011
159877
159877
161011
161011
143651
170655
170655
157017
143493
188952
188952
188952
188952
188952
122396
164830
188952
183906
188952
183906
188952
183906
189723
188952
183906
183906
177528
188952
177528
188952
145907
188952
177528
188952
157017
177528
164830
157017
185973
185973
152302
185973
185973
130179
164254
152302
157017
158817
164254
166786
170655
159877
158817
147227
147227
157017
173811
173811
173811
173811
173811
151309
165587
180424
180424
180424
180424
143493
180424
180424
173898
198009
180424
198714
198714
180424
198009
180424
158137
158137
180424
158137
180424
180424
180424
180424
179734
158137
173898
176657
158137
159877
158137
158137
158137
158137
154058
158137
157071
170655
158137
154303
157071
159877
157071
159877
157071
158137
154058
158137
158137
158137
151309
147188
151309
162627
162627
147188
151309
153285
197877
197877
170939
170939
170939
170162
176908
170939
179036
179036
170939
197434
179036
179036
179036
175397
197434
179036
173615
175397
175397
175397
188588
175397
188588
173615
170939
175397
188588
188588
173615
173615
173615
188588
145907
188588
188588
172360
176908
181398
146963
192251
192251
192251
192251
181398
157874
192251
174534
170939
174534
190458
190458
190458
190458
190458
170939
169453
190458
172360
190458
180068
180068
170939
175397
170939
169453
170939
169453
167830
175397
170939
162627
157874
167830
167830
167830
170162
167830
162627
162627
162627
162627
157874
168843
161237
168843
168843
168843
155950
157874
168843
170939
168843
168843
168843
170939
168843
168843
184950
184950
184950
184950
184950
178638
178638
178638
168843
178638
157874
155950
178638
164430
178638
157874
178638
178638
191280
157874
191280
161237
191280
164458
164458
178638
178638
178638
155950
196474
155950
196474
157874
178638
161237
157874
157874
157874
155526
157874
157874
182154
193792
193792
182154
182154
155526
155950
155654
155654
155950
155950
155526
155950
155526
155950
155950
155526
160189
188427
188427
175663
188427
188427
188427
199482
199482
199482
199482
199482
160189
188427
199482
199482
160189
188427
160189
160189
194308
194308
194308
194308
194308
188427
194308
194308
190469
194308
166316
188427
160189
160189
166316
155526
155526
155526
153532
155526
158658
166316
158658
166316
153532
155526
154750
187571
187571
187571
187571
155526
187571
187571
154750
173645
177778
177778
177778
177778
191103
191103
191103
191103
154750
191103
191103
153665
191103
191103
171335
191103
191103
173645
191103
171335
155950
171335
171335
171335
171335
151618
161713
154750
156287
154750
154750
155950
155526
155950
161237
161713
153532
155950
154750
155950
156287
151618
148477
151618
153285
168360
168360
164269
164269
164269
164269
151618
163503
163503
163503
153285
163503
163503
163503
187935
187935
163503
154750
187935
187935
187935
187935
187935
187935
187935
165214
165214
165214
165214
165214
163503
158546
187705
158546
187705
187705
150610
187705
163503
187705
187705
187705
187705
187705
163503
163503
187705
179441
151618
163503
151618
154750
163503
151618
158546
158546
150610
158546
150610
158546
154750
165214
158546
158546
151618
150610
166731
184384
184384
166731
166731
166731
199751
166731
166731
184384
184384
166731
184384
173093
173093
166731
153637
166731
166731
165506
194274
194274
194274
194274
184384
184384
194274
165506
165506
166731
150610
170939
150445
150610
150610
153637
150445
160548
150445
160548
158538
187228
187228
166731
153285
150610
150610
150610
150958
150958
153285
150958
150958
151377
150445
150445
150445
150958
148477
148794
172488
172488
172488
172488
172488
166252
166252
162790
186685
176320
148477
166252
170495
148794
162790
162790
151028
151028
168017
170495
150445
148477
151028
170495
164805
164805
164805
151028
166731
148794
147844
148477
148477
166731
189761
189761
189761
189761
189761
176458
176458
178305
148794
176458
178305
178305
183521
148794
190482
148794
190482
178305
178305
148008
148008
178305
147844
148477
176458
148477
178305
179634
178305
178305
178305
178305
179634
176458
176458
147186
183296
183296
158829
179634
176458
158829
176458
158829
176458
166731
176458
176458
158829
152254
152254
152254
174079
152254
149100
147453
147844
147453
153561
153561
153561
174079
179634
147453
163746
163746
147844
147844
163746
163746
153561
147844
153561
177688
177688
177688
147453
169726
147453
148477
147453
146822
146185
145907
148477
148477
146185
145245
145907
145907
145907
145907
147844
145398
147844
145245
147188
145398
147453
147453
145152
145907
146822
147844
145152
145245
147844
147844
143252
191426
145907
180494
180494
175389
175389
180494
175389
175389
145398
180494
167185
166630
166630
187775
187775
187775
159285
166630
187775
159285
187775
166630
187775
187775
187775
165959
166630
159285
166630
166630
165959
166630
170737
157614
166630
165959
165959
199211
199211
199211
199211
199211
199211
199211
199211
199211
199211
199211
199211
199211
197822
199211
145398
199211
159285
199211
199211
199211
145398
179341
199211
197822
197822
197822
173592
145398
165494
198670
199087
199087
143252
199087
199087
199087
165494
197822
179341
159285
179341
179341
165494
165494
165494
190902
190902
190902
190902
190902
190902
143252
165494
190902
189144
189144
190902
165494
157614
164275
162495
164275
164275
164275
162495
164275
159963
159285
159963
159963
143252
159285
159285
143252
164275
144607
160098
157614
159285
160098
159285
157614
176104
176104
153952
176104
153952
176104
153952
189363
176104
189363
189363
189363
189363
143252
157614
157614
164275
145245
145152
152693
143252
145152
164275
152693
164275
144607
153952
152693
144607
148538
152693
152186
152679
152679
152679
152679
152186
150665
173729
173729
148538
173729
173729
173729
173729
148538
157756
188224
157756
157756
143252
198675
157756
159285
150665
148538
146430
144089
192671
192671
157756
148538
197391
148538
197391
197391
144607
145245
145907
145907
192671
192671
197391
144607
146885
145245
145907
143831
146885
197391
143252
145907
197391
174770
174770
197391
169881
174770
174770
169881
197391
174770
197391
169881
144089
197742
171082
197742
197742
197742
141552
143861
143831
174770
174770
171082
178079
178079
143831
178079
171082
178079
171082
178079
171082
178079
169881
169881
197391
169881
169881
192671
150931
150931
178079
197391
178313
197339
178079
197339
178313
178079
197339
176089
197742
143831
143831
197391
178079
178313
176089
176089
192671
176089
178313
178313
169881
176089
176089
174150
174150
174150
174150
174150
178079
179750
179750
174150
178079
143147
167828
197742
168231
184546
184546
170788
170788
184546
184546
184546
198672
184546
184546
184546
184546
184546
184546
168231
178079
168495
168495
178079
167828
168495
178079
178079
168495
170788
168495
168231
150574
166657
166657
168231
168231
170788
166657
166657
166657
166657
166657
166657
168231
168231
155777
168231
155777
168231
166657
168231
168231
168231
168231
166657
155460
166657
168231
152258
178079
152258
150574
182554
166657
182554
182554
178079
168231
152258
178079
168231
168495
155460
150931
155840
150574
150574
150574
150574
168495
150574
150931
195208
150574
150574
150574
194725
149243
149243
155460
169517
155407
149243
149243
146509
153749
149243
147137
153749
149243
147986
141552
164409
150574
147137
155407
147137
155407
150574
149243
150574
169726
144089
147137
147137
150574
147137
146509
144089
145245
147137
147137
149243
144607
147137
155460
193211
193211
193211
179714
193211
179714
146509
150975
197742
184893
184893
184893
184893
184893
147137
184893
161119
165984
184893
184893
195710
165984
165984
150975
195710
195710
195710
184893
184893
184893
184893
150975
176174
176944
176944
176944
197742
172705
172705
172705
172705
172705
172705
149243
161119
167392
165984
167392
192347
192347
192347
155460
192347
192347
192347
188846
188846
167392
188846
167392
188846
188846
188846
188846
162615
158177
161119
161119
165707
188846
152092
158177
152092
198795
198795
198795
155460
152092
152092
150583
149468
150583
163719
149468
150574
149468
149468
149468
149468
149468
149468
149468
181251
149468
187805
187805
187805
187805
187805
194000
194000
187805
187805
181251
164359
164359
164359
181251
181251
141552
181251
179946
181251
179946
179946
181251
181251
181251
181251
149468
181251
192499
181251
192499
192499
181251
164359
181251
181251
152138
181251
152138
163284
181251
152138
145908
181251
163284
181251
181251
163284
145775
163284
145775
143714
152138
152138
154543
166072
154543
166072
181251
147137
160260
160260
149243
147844
147137
155460
147137
143457
146509
145775
147186
147137
147137
147137
147844
147137
143831
153022
145245
147844
146509
145245
143831
143831
147137
156319
175579
146872
146509
144979
162370
143831
147186
146872
147186
145908
146872
147186
161925
145908
161925
145908
145245
161925
143886
161925
182363
144292
152659
161925
188918
152659
152659
152659
188918
188918
147186
144089
145907
151388
186255
187029
151388
151388
190518
151388
187029
151388
188918
197478
188918
197478
197478
144607
145907
144089
187029
187029
162908
162908
187029
162908
147659
161925
145907
151388
145245
153509
146430
151388
144292
161925
143886
146430
146430
145907
144600
145908
199085
199085
161071
161071
161071
182140
161071
161071
182140
144979
182140
143886
161071
175136
175136
175136
145152
175136
175136
145908
145907
144361
146509
143860
144979
144361
146509
145245
146509
169845
171962
171962
171962
171962
171962
169845
156028
169845
169845
171962
156028
156028
144979
156028
156028
144600
171962
156028
144361
144146
156028
147236
157876
157876
157876
157876
157876
157876
156028
153015
153015
153015
153015
156028
153015
153015
153015
153015
153015
150810
150810
188573
150810
157876
188573
170957
177558
170957
181322
181322
181322
177291
177291
177291
147236
170957
177291
170593
170593
177291
170719
177291
170719
197699
177291
170719
170719
170719
170593
175808
175808
175808
188821
193870
175808
175808
179733
175808
170719
175808
175808
175808
175808
170593
170593
170593
175808
195562
162564
170218
195562
170218
193634
162564
147404
164996
170218
186852
170593
183007
186852
192365
192365
192867
192867
183007
192867
192867
192867
183007
192365
183007
192365
186852
195318
195318
195318
195318
195318
195318
195318
164388
195318
144979
144979
164388
197757
197757
164388
186852
186852
164388
170593
162564
170719
164388
164996
164388
162564
162564
175832
150810
175832
161708
157706
161708
157876
150822
150822
157706
169864
150079
169864
169864
169864
182591
182591
182591
169864
169864
179512
179512
179512
147892
147892
157706
178620
178620
178620
178620
178620
178620
187942
171358
187942
171358
183131
194644
183131
187942
178620
183131
171358
187942
185513
178620
183131
194644
194644
194644
185513
185513
174135
185513
171425
174135
174135
171659
171659
183131
174135
171425
171425
174135
188101
171358
174135
188101
188101
162884
162884
189601
189601
150822
189601
189601
148176
189601
148176
183131
148176
147404
144292
198643
198643
199236
198643
147236
198643
147564
147990
182291
198643
161711
147236
198950
198950
198643
156873
148176
156873
147404
174135
198643
171358
198643
148176
148176
198643
155004
198643
183131
198643
188101
170719
170719
156981
198643
174135
170719
194514
194514
194514
171358
155004
171358
155004
155004
155004
171358
156981
156981
155004
190544
190544
190544
198643
190544
190544
190544
169562
190544
147186
171312
184873
171312
170952
170952
170952
170952
169562
169562
198643
198643
169562
171358
184873
159520
159520
159520
159520
156981
155004
156981
156981
155004
156873
169483
169483
169483
169483
192424
171358
184115
153909
169483
169483
153909
153909
169483
188101
169483
169483
184873
170952
169483
169483
155004
178364
143860
192379
192379
192379
150720
192379
192379
192379
192379
192379
192379
192379
192379
153909
192379
192379
192379
196277
169483
153909
191558
147236
196751
191558
191558
180735
186678
191558
186678
180735
180735
180735
180735
180735
190544
171358
190544
164352
150720
180735
173447
173447
153909
150720
173447
173447
153909
170952
153909
153909
161679
188101
161679
161679
161679
161679
150720
161679
171358
161679
199730
144979
188101
156515
161679
178364
153909
196881
161679
196881
196881
196881
161679
196881
178364
148176
161679
155855
180735
147404
149540
150720
161679
155855
155855
161679
161679
180735
150720
170291
170291
190620
189647
170291
155855
189647
189647
188101
188101
189647
188077
189647
188077
147121
163166
180735
163166
158138
158138
158138
190362
157816
180543
180543
158138
180543
180543
150720
178364
157816
174096
178364
174096
169483
178364
159661
158138
157816
158138
158138
149840
158138
158138
157816
158138
158138
150144
159661
149840
170271
170271
170271
149840
186984
186984
198284
198284
186984
186984
171425
186984
149840
170271
150720
148199
149840
161562
149840
171358
150720
155855
148199
150720
149840
148199
161562
161562
161562
149840
190912
190912
186984
190912
190912
186984
180981
180981
152742
186984
169483
158280
169483
161816
161816
152742
161816
161816
161816
161816
161816
161816
161816
178366
161816
152742
161816
155855
152742
178366
161816
161816
150720
149840
161562
148199
195358
199133
195358
176404
176404
176404
189731
189731
199133
155855
176404
176404
199133
148199
152742
190294
161562
155855
154948
149840
152742
154948
149840
149540
148088
154948
149840
149540
150810
194525
194525
194525
194525
194525
194525
194525
173879
160539
148088
191740
192257
173879
173879
192257
191740
150810
173879
148088
160539
160539
173879
160539
160539
151453
151761
151453
160539
151453
151761
188843
188843
188843
187372
188843
187372
199223
188843
199223
187372
188843
188843
150810
149840
149840
148088
187372
187372
187372
150720
195041
160539
148088
154948
154948
148088
149840
149840
150720
148088
150720
151453
160539
151453
148088
150144
150720
189910
189910
189910
189910
161004
189910
149540
189910
189910
161004
192092
149540
149840
149540
148088
156178
156178
150720
150720
149540
150720
180288
147034
149840
180288
148344
147564
148088
186336
186336
148344
149540
148176
148344
149540
149540
148088
148088
147990
147404
147564
188034
188034
188034
180562
190011
190011
190011
180562
180562
160108
160108
149840
148088
175372
175372
149840
148607
168372
168372
148607
147236
156355
187651
149840
146606
156355
187651
187651
186048
186048
186048
181431
181431
181431
181431
149840
148088
181431
159036
146823
159036
181431
185432
149840
146823
192995
192995
192995
189408
189408
148344
189408
166188
193291
193291
189408
189408
192995
185432
185432
189408
185432
185432
185432
185432
185432
185432
181431
192995
181431
166188
185432
166188
192995
146823
146823
181431
166188
155680
189408
149840
156355
166188
166188
192995
149840
189408
146823
147404
160108
160108
149840
147404
195100
195184
195100
195100
195100
145665
147404
160108
147404
148088
147236
147236
148607
148088
147404
148088
147404
147404
148344
172459
147034
165067
165067
147034
146823
165067
188873
188873
146823
188873
175372
188873
147121
148088
192995
146606
168763
192995
145758
145758
147236
168763
191385
181716
181716
181716
181716
191385
181716
148088
148344
146823
146606
181716
185006
159270
146823
168763
168763
146828
169014
176846
176846
168763
176235
176235
176235
176235
151690
151690
151690
151690
198080
147236
198080
198080
146728
198080
198080
176190
198080
176190
176190
198080
195873
195873
195873
195873
159167
159167
148607
146606
163664
173329
195873
182854
198080
182854
182854
173329
163664
159167
147236
163664
159167
149355
159167
147236
146823
152207
152207
147109
159613
147109
147109
146606
147121
146728
148607
146728
147121
159088
146728
146728
177778
177778
180429
180429
146606
193494
146728
159088
159088
145758
159088
180429
146606
180429
146606
146606
146728
148607
179424
146606
179424
146728
177778
176041
177778
176041
176041
146606
176041
146606
176030
176030
176030
152784
176030
174324
147236
174324
176030
174324
196061
196061
159088
185469
184444
184444
184444
184444
189005
143860
189005
184444
163143
163143
152784
184444
163143
163143
163143
163143
163143
181387
163143
159088
146606
146606
181387
181387
146186
146728
181387
152784
152784
145665
192798
189005
192798
192798
192798
147109
192798
192798
148607
146186
193562
176219
193562
193562
189005
146828
176219
176219
146828
146606
176219
146828
176219
176219
146828
146606
145758
146606
176219
176219
176219
176219
146823
176219
170434
170434
170434
170434
146606
170434
192916
183807
183807
190984
183807
176219
190984
189005
190984
183807
183807
183807
183807
181147
181329
198477
181329
198477
181329
198477
187208
181329
187208
170434
194574
194574
194574
170434
182565
145758
189005
170434
154648
176219
154648
176219
154648
176219
149469
149469
149469
170039
170039
170039
170039
170039
150906
176219
149469
146606
189005
149469
189005
170039
164393
145830
170039
176219
190239
190239
146186
146186
164393
189005
164393
147236
145830
146606
164393
146186
146186
146186
190239
146186
145830
145830
145830
145951
145758
170157
170157
145758
160521
145758
160521
145665
145152
145758
145758
160521
144146
160521
146693
170157
145665
144146
153951
160521
153951
153951
153951
189724
154322
153951
150737
153951
189005
150737
153951
160877
197026
197026
197026
197026
153951
197026
192040
150737
192040
150737
188578
145830
188578
148776
153951
187401
148776
153951
150737
150737
177811
148776
177811
177811
148776
148776
182351
182351
182351
182351
182351
182351
182351
153951
182351
148776
182159
182159
182159
182159
182159
145830
182159
182159
148776
182159
146706
146706
177785
146706
175212
175212
197637
166136
144979
145908
175212
146509
178896
178896
178896
178896
178896
144752
194934
194934
145665
164237
195877
164237
145665
199930
199930
146509
199930
199930
156403
177419
190129
177419
156403
156403
199930
190129
156403
146509
156403
156403
144979
156403
144864
144864
175236
190239
175236
175236
175236
154322
175236
175236
175236
175236
146509
144864
190239
177272
175236
145152
144346
144979
176193
176193
176193
176193
184740
184740
184740
184740
184740
184740
184740
184740
184740
184740
184740
184740
184740
176193
176193
184740
176193
165507
184740
184740
165507
165507
176193
190239
176193
149355
149355
147236
149355
178773
178773
178773
193742
193742
193742
193742
193742
178773
178773
193742
193742
193742
193742
193742
193742
178773
177280
177280
177280
177280
161651
161651
161651
149355
161651
161651
149297
178399
178399
149355
178399
186910
186910
149355
178399
161079
178399
149355
178399
147184
165507
148735
147184
194941
144346
194941
147236
148583
147184
147184
147184
195480
173012
147236
195480
173012
173012
146642
147184
144292
189647
189647
169407
169407
169407
169407
173627
169407
169407
169407
169407
147184
169407
153285
179276
147184
179276
153285
179276
179276
153285
153285
179276
179276
179276
179276
153285
149396
149396
149396
149396
147815
169407
147815
148931
149355
146642
148931
148931
188786
148931
188786
146449
146642
146642
146642
163172
163172
163172
190764
163172
190764
146642
197780
188161
155778
190764
190764
190764
146449
146449
155778
199464
199464
155778
188161
188161
155778
146449
178460
186922
186922
186922
186922
186922
178460
186922
178460
188161
186922
178460
197887
197887
178460
178460
186922
178284
178284
197887
178460
170053
186922
178460
184965
178284
184154
184154
188161
184154
188161
184154
184154
178460
178460
184154
187112
187112
178460
187112
184154
178460
178460
178460
178460
178460
189005
178460
178284
178284
178284
186942
186942
178460
186942
178460
186942
186942
198989
186942
186942
178284
186942
186942
170053
197755
183337
183337
189005
183337
198989
166665
198989
175721
178460
178284
149004
175721
170292
175721
170292
189005
166665
164960
166665
170053
184154
184154
166665
166665
162966
170292
166665
166665
164960
164960
169407
162966
164960
189005
177129
177129
177129
177129
162843
162843
162843
162843
162843
162843
162843
162843
159518
184874
184874
184874
178095
184874
184874
151580
184874
184874
184874
178095
184874
184874
184874
184874
178095
178095
160627
160627
160627
165507
164166
164166
164166
164166
179788
179788
179788
179788
156478
156478
156478
156478
156478
156478
156478
165507
156478
156478
170292
152966
164496
170510
164496
186071
164496
186071
156478
186071
156478
186071
152966
177192
177192
189005
177192
177192
155350
177192
177192
156478
170510
170510
170510
155350
160365
160365
149755
183188
183188
156478
160365
160365
155778
156478
160365
149755
155350
160365
160365
155778
160365
160365
179788
152966
165507
152966
148931
149004
152966
151580
152966
152966
149004
170292
152044
152044
149895
170292
149895
149004
147954
152044
149004
147954
165507
170292
170292
148931
147954
152044
147954
146642
152044
146728
152044
147954
147954
147954
170292
149004
145968
159113
192547
152044
167388
167388
167388
160203
148931
167388
159113
159113
147394
148931
150695
183705
183705
183705
145968
150695
152044
150695
150695
152044
146642
146642
147954
172616
178565
178565
178565
178565
178565
185180
185180
185180
185180
195175
195175
185180
195175
180225
195175
183569
166409
183569
178565
183569
180225
183569
180225
178565
178565
178565
178565
178565
190070
166409
190070
199475
199475
178565
166409
199475
166409
189005
178565
172616
168091
172616
178565
172616
160890
166409
166409
161482
182856
182856
164923
159946
160890
159946
160890
165539
157218
165539
165539
165539
164923
165539
182856
165539
146462
165539
163728
159946
157218
147184
163728
147184
159946
163728
175397
175397
175397
175397
152601
163728
163728
146449
164923
152601
152601
152601
187900
194436
187900
187900
156231
187900
156231
194436
187900
176085
171253
164923
156231
152601
176085
152601
176085
176085
176085
171253
171253
197824
199686
197824
164923
199686
197824
170034
165324
170034
170034
171253
165324
173915
173915
189005
173915
171253
171253
173915
152601
171253
156231
183127
156231
192601
147081
192601
192791
192791
163052
152601
158509
192791
163052
164923
152601
158509
170034
163052
163052
169057
169057
158509
158509
158509
158509
162123
152601
158509
163728
158509
158509
162123
152601
162123
152601
193854
152601
152601
147081
183699
183699
172631
172631
164923
152601
152601
152601
152601
147954
147954
146462
172631
163052
174998
174998
145968
147954
148931
164923
145968
147954
145968
144898
195838
195838
146449
145968
146462
145968
186998
186998
186998
186998
153068
172631
146449
173237
173237
173237
173237
173237
151721
149548
146289
149548
163728
145968
163052
163052
149548
144898
144346
146462
149548
167839
187238
167839
147769
144898
146462
181753
187238
181753
166075
187238
187238
167839
187238
187238
187238
147769
167630
166075
187238
147769
166075
166075
147769
166075
146449
144346
166075
167630
164694
164694
167630
187238
195392
144146
195392
146462
195392
184378
145904
184378
144346
147184
164694
147769
144146
144146
145904
144292
196402
183417
196402
164694
146656
166075
166075
146656
146656
147769
164923
164694
147954
175052
183233
183233
183233
183233
183233
188525
188525
188525
188525
188525
188525
188525
183233
183233
183233
183233
183233
183233
183233
178300
178250
183233
186575
151183
173886
183233
188525
178250
188525
189005
189005
178250
178250
173886
183233
179466
178250
179466
178250
173886
192741
192741
179466
173886
192741
173886
179466
179466
179466
173886
179466
170145
170145
178250
192741
178250
183233
173886
151183
192027
181971
157539
181971
192027
192027
170145
175052
173886
170145
175052
183233
170145
170145
173886
157539
161771
151183
199341
173886
199341
164561
170145
164561
178250
173886
178250
158183
151183
195398
162502
168435
195398
195366
195366
166075
162502
162502
162502
167401
169479
167630
165346
165346
165346
169479
183950
169479
169479
157539
190671
190671
190671
166075
183233
150930
158183
166075
166075
158183
169479
162502
169479
162502
154717
169479
150930
167630
166075
171729
167630
171729
171729
197588
188224
188224
171729
171729
171729
169294
169294
197588
169294
169294
169294
176712
199235
169294
199235
169294
199235
157559
171574
171574
171574
165224
167401
163000
167401
178250
162502
161771
167401
163000
161771
170292
157559
167630
178250
191105
191105
164694
170292
170292
164561
157559
163000
157559
157559
176279
178250
161771
157559
167630
164694
191057
167630
157559
164694
155123
162502
155123
178594
180673
178594
146656
180673
181923
181923
181923
181923
155123
181923
155123
180673
180673
180673
180673
189005
155123
178594
178594
151183
180673
155123
180319
151183
165878
180673
180319
151633
155123
150930
151183
151183
165878
155123
146656
147871
151183
162502
151183
178250
164561
151633
178091
178091
146656
162502
162502
149240
151183
179830
167630
147871
151633
179703
164561
179703
179703
179703
179703
179703
167630
179703
159848
159848
159848
159848
159848
159848
167630
159848
159848
159848
167493
159848
164561
159848
167493
167493
159848
159277
167630
159848
159277
159848
164561
165378
186296
159848
167630
161771
159848
159277
149240
174873
196608
193825
159848
164694
155722
149240
159848
157559
164694
146656
149240
164694
159277
182357
154717
153909
162502
180673
197387
197387
183389
183389
162502
149227
149227
147871
155123
147871
146656
147871
150517
150517
165507
162321
162321
145968
162321
199723
147871
157766
144146
157559
146656
154717
147871
178250
151183
154717
180794
193517
147871
161771
180787
180787
146449
144146
144146
146529
146529
144146
155123
144146
165507
155123
146529
144146
146449
147871
146449
153909
161771
182556
182556
182556
178250
144146
144146
146449
157684
183410
151633
146449
144292
180673
163052
146529
144146
188101
188101
188101
188101
146529
161771
151633
149102
151183
151183
171180
149603
160163
160163
146462
145904
151183
144146
171372
144110
161771
145904
151183
146462
146462
154717
151183
148004
171282
171282
148004
148004
171282
163052
144089
161771
171282
148004
148004
151633
153909
163052
144089
149603
153909
144110
151183
148004
164923
151183
144292
163728
188682
149603
162471
162471
164923
162471
162471
155518
164923
162471
162471
159848
157649
190447
157649
155518
171282
157649
189042
189042
171282
157649
157649
151233
155518
157649
151233
189042
155518
152044
151233
199212
189042
199212
189783
189783
199543
189728
199543
199543
199543
189728
189728
199543
189728
189783
151233
182923
182923
182923
151233
182923
193547
193547
151233
182923
193547
182923
193547
156907
189783
189783
153793
153793
153793
193547
144977
193547
182770
182770
161600
184141
151233
183437
195103
195103
186030
186030
186030
183437
186030
151233
151233
144110
186030
151233
161600
176416
176416
161600
161600
144146
151233
144089
155490
159788
155490
144089
186547
186547
144110
151233
167781
167781
158195
167781
195251
151233
167781
186547
152600
151233
167781
144089
180982
180982
153824
180982
180982
180982
144089
182667
182667
190434
190434
190434
162809
162809
183672
190434
144110
190434
190434
177622
177622
183672
144110
162809
144089
167781
183672
158195
166316
183672
151233
190434
186752
186752
186752
186752
190434
186752
148433
151233
160993
186752
151233
186752
153824
153793
153793
144146
151233
183672
190434
155518
144977
186752
175991
154308
154308
154308
154308
197305
197305
180391
197305
172924
144517
165507
182189
180391
180391
172924
172924
172924
144089
144346
177347
177347
152303
152303
172924
180391
182189
177347
169766
177347
157387
152303
182189
177347
144110
180391
177347
157387
157387
180982
177347
147034
149603
189042
184581
184581
158123
184581
189042
158123
158123
158123
151377
151377
151377
189783
151377
144089
158123
148433
183049
148524
180982
148524
148524
148524
177347
182189
189042
144089
144517
144146
149603
149603
182189
159848
199715
165507
149603
144146
199720
151721
144977
199720
199720
144517
191800
191800
146289
197984
197984
182189
161890
161890
161890
161890
157813
198331
157813
185617
157813
157813
157813
185617
157813
143886
198331
198331
150266
185617
185617
143886
151233
185617
185617
150266
151633
150266
185617
185617
185617
185617
155518
188895
155518
188895
188895
164986
164986
185617
192474
174848
174848
164986
174848
174848
148433
174848
192474
192474
174848
174848
189783
173308
166516
198008
198008
198008
166516
185617
166516
161918
161918
161918
161918
161918
161918
161918
157903
194379
157903
153386
153386
153793
157903
153386
161276
161276
145095
189783
183994
183994
183994
183994
183994
152230
191986
191986
143861
159088
177563
172839
144089
153793
177563
177563
149603
177236
177236
177563
193311
197425
197425
197425
197425
197425
146462
191814
191814
197425
191814
146462
144089
172839
172839
168008
199410
199410
199410
168008
144517
189783
177563
197966
197966
197966
197966
197966
197966
197966
197966
197966
156382
189805
197966
197966
189805
181706
197966
189805
197966
181706
189805
199410
181706
144089
156382
189805
156382
181706
143886
189042
179418
161276
144517
189805
189805
179418
189805
160767
154983
179418
189783
189805
181706
177563
165568
195099
179418
181706
199410
179418
179418
160932
165568
199410
176161
165568
179418
160932
181706
165568
179418
165568
165568
179418
160932
161276
157281
189042
179418
160932
160932
161276
179418
160932
160932
168830
160932
160932
168830
179418
160932
160932
160932
160932
160932
155341
160932
172285
160767
154983
160767
161276
172285
172285
155341
157281
177563
153793
149644
149644
149644
149644
149644
152373
146837
144110
147871
144110
147871
144089
161276
155518
186549
186549
154728
186549
189455
189455
189455
189455
189455
154728
182534
175164
182534
182534
180554
189455
189455
182534
151183
179989
180554
189455
189781
189455
180554
175164
189781
189781
189781
189781
189455
189781
175164
189455
189455
155518
189455
196874
174730
174730
189455
174730
161638
164923
164923
179296
151721
164923
164923
148861
179296
164923
164923
164923
164923
164923
144675
198586
198586
186181
149603
186181
143860
175382
148861
152373
175382
144089
151633
151633
144146
143860
144146
196874
144146
148861
143860
181160
186584
181160
181160
186181
187745
187745
182189
176984
196874
143714
147919
186584
149243
186584
161771
147871
146837
146145
161771
182189
158329
144915
146289
147871
146145
158329
151183
182319
148433
147871
151183
196874
188968
188968
188968
161276
195049
147871
182319
186181
146289
144089
146837
161771
167589
167589
167589
143714
167589
167589
178244
178244
178244
178244
178244
178244
178244
182319
178244
178244
167589
178244
182319
167589
182319
187614
167589
144089
187614
182319
187614
182319
178244
144089
187614
143714
187614
186658
187614
186658
186658
182319
186247
186247
178244
182319
176823
191735
178244
175773
182319
176823
175773
175773
173897
181344
181344
181344
181344
170331
181344
181344
175773
197794
169964
175773
185159
185159
172047
176823
197380
172047
197380
197380
172047
172047
176823
155561
154397
167589
170331
170331
159001
159001
176823
155518
170331
176823
155262
159001
159001
177563
176823
157387
147871
149921
181657
181657
181657
181657
186181
155845
159088
154717
151633
149921
192093
162997
168982
151633
147489
147489
162997
151633
163481
162997
155262
155262
147489
147489
186181
150476
172100
155262
155262
163481
172100
172100
165732
186181
150476
152373
178344
178344
173147
173147
196061
196061
196061
173147
154717
178344
163632
168212
168212
163632
168212
170238
170238
157248
189863
168212
189863
170238
185699
170238
189863
189863
157248
157248
151759
154528
178222
151759
154528
151051
151759
152373
147489
151051
147769
146462
184385
143860
156148
156148
191939
160930
156148
156148
184385
156148
156148
156148
160228
156148
191939
149243
172406
172406
184385
172406
143860
155453
172406
153793
156769
156769
153461
153461
147489
153461
149880
147489
149849
184385
177563
159848
161771
147489
172636
172636
166724
143831
172636
172636
172636
172636
143831
143860
172636
144517
172636
172636
180407
180407
172636
172636
143860
172636
166724
176823
143831
193746
193746
193746
193746
193746
193746
193746
172636
193746
193746
193746
171889
160344
160344
149603
160344
166724
166724
160344
160344
152078
152078
152078
149849
160344
152078
160344
153793
152078
160344
151633
184683
177826
171007
152078
143831
147290
143831
150028
160344
150028
182189
149849
149849
146289
149849
149849
149603
160228
143831
160205
145968
146145
146529
150476
147489
143831
144089
149603
160228
148433
143831
147769
199796
181670
199796
181670
181670
181670
181670
181670
199796
181670
199796
162868
177826
151183
160228
177826
182189
163030
163030
153793
185354
185354
185354
185354
185354
185354
163030
163030
185354
185354
158068
161771
151633
160228
161276
153793
159848
143831
153793
146289
147184
161779
179349
146145
149130
152601
143860
144194
188535
160854
160854
160854
160854
160854
160854
160854
160854
179859
179859
179859
179859
179859
179859
160854
196334
196334
179859
179348
196334
179348
179348
179348
160854
179348
179348
160854
176938
166944
176938
176938
199379
176938
199379
182003
182003
182003
182003
182003
182003
160854
176938
176938
182053
182053
182053
199379
199379
182053
176938
182053
176938
199379
182053
182053
182053
196779
174463
174463
182003
174463
156651
160854
166944
166944
160854
156651
160854
182211
156651
149130
149130
149130
144296
161883
190608
156651
144296
156651
179028
154846
187488
190608
177691
161883
156651
173852
190608
177691
183854
173852
163641
147184
154846
149243
147954
149130
154846
146289
163641
146289
173852
146145
149243
163641
144296
183854
163641
152044
149548
144296
149596
149596
183854
149596
149596
183854
149596
157882
163641
163641
163641
150234
150234
152709
152709
152709
150234
157882
174447
174447
163641
174447
174447
163942
163942
178873
163942
153081
163942
163942
163942
176840
177563
153081
176840
153081
157354
157354
157354
154846
153787
153787
153787
152709
153081
153081
182053
187395
187395
169133
187395
186914
169133
187395
186914
199005
199005
199005
169133
169133
199005
169133
169133
199005
187395
199005
169133
199005
169133
199005
186914
199005
164737
169133
169133
164737
169133
199005
199005
169133
185356
164737
186418
182053
177978
177978
177978
169275
169275
164737
169133
169275
161512
164737
164737
175976
156828
156828
175976
156828
156828
156828
161512
177563
165184
175976
175976
164737
165184
177826
161512
175976
175976
169133
177826
156828
175976
175976
153081
186504
186504
186504
172817
186504
186504
186504
165184
172817
186504
186504
172817
175976
172817
172817
172817
156828
156828
156828
153081
152899
175976
156828
156828
153081
156828
171818
171818
146587
171818
154624
196183
196183
179820
154624
154624
153081
169133
169133
154624
154624
177563
149596
154624
154624
176840
153081
152709
175130
175130
175130
175130
176840
176840
156123
152899
152899
152899
175130
152709
176597
149596
175130
176840
175130
152899
152709
175130
149596
149596
159971
154624
175130
152709
175130
149596
152601
152709
156123
147769
149596
181548
181548
181548
152709
150234
176823
146587
149243
152601
158758
158758
146587
150234
147184
160048
176823
180414
180414
180414
160048
160048
151026
199298
160048
160048
199298
147222
156123
191213
199298
175976
191213
191213
175130
191213
174979
174979
191213
174979
191213
170704
170704
170704
175976
154744
170704
175976
146587
151751
146587
175976
155420
155420
175130
170704
155420
155420
146462
170725
170725
157460
170725
157460
170725
170725
170725
157460
170725
171806
171806
171806
181670
164511
155420
164511
175130
164511
181670
184896
184896
146145
153192
146597
184896
153192
149548
181670
184896
170704
157911
157911
181670
181670
155407
170704
181670
181670
181670
155407
192474
155407
164393
177563
166067
170704
155407
164393
154744
170725
166067
164393
170725
170704
164393
164393
162621
170704
164393
166067
184174
184174
184174
184174
164393
155420
164393
169275
162621
152376
156123
159971
169275
175976
169133
175935
155407
195017
152031
195017
147184
195017
155407
163414
163414
163414
163414
163414
176229
163414
176229
176229
176229
193998
163414
148433
152031
152376
169275
151789
159233
159233
159233
147830
159233
147830
159233
159070
198765
147830
166067
152031
159070
151789
159233
152044
151633
183292
183292
183292
183292
183292
148433
154355
152031
159070
159070
169133
155188
155188
147954
156123
155407
155407
155407
171161
171161
166067
160056
171161
152601
160056
160056
160056
160056
160056
151393
156123
167772
167772
167772
167772
167772
167772
160056
160056
160056
181670
152031
154342
154342
163691
163691
163691
165344
197645
151393
197645
151393
152709
151789
151393
151393
154624
151393
151393
152031
159971
152376
152031
171734
163052
171734
171734
171734
171734
151393
151789
152031
152376
159088
162511
170355
151393
195092
195092
195092
195092
152044
195092
164938
195092
152376
195092
164938
195092
151583
164938
164938
170355
154624
151393
150916
151751
151393
151751
162502
151393
154624
159971
151393
164307
164307
164307
164307
150916
164307
164307
164307
154342
152601
152759
152759
152759
154342
152759
150916
154342
152759
154624
151789
152759
159630
152709
152709
159630
151393
153608
150916
151583
150916
150916
151393
191815
191815
146642
152709
151026
181670
146988
195818
195818
195818
146642
195818
195818
195818
179258
166773
166773
195818
166773
179258
166773
146642
195818
147184
151233
149653
178339
166773
146642
196926
196926
178339
178339
166773
166773
166773
151233
166773
178339
160432
166773
149653
178339
166773
166773
147184
166773
166773
166773
156099
180914
180914
146597
160432
181670
195818
151583
151233
151233
151233
151751
151583
168602
168602
152601
151183
151751
151583
149077
150916
175940
171949
199263
160930
168501
195818
149077
151583
181514
181514
181514
165439
191591
165439
151183
165439
159971
152601
152601
180900
180900
180900
150916
191589
195925
147024
191589
191589
146597
191589
170402
170402
190758
190758
151233
195818
190758
195818
149653
146193
170402
170402
170402
170402
151233
195047
195047
190767
170358
170402
167703
171120
190792
190792
190792
167703
171120
171120
171120
171120
171120
190792
181868
181868
167703
157387
170402
170402
185471
149653
149653
170402
149548
146642
167703
185471
167703
149653
145629
167703
147954
167703
146587
165439
165439
171120
146193
149653
146103
185471
146642
185471
165439
146597
185471
149548
149548
151026
145257
150916
147184
146103
185471
148583
171120
185471
171120
151583
170524
170524
193091
193091
149077
193091
148583
170358
146193
151583
148583
149653
171120
171120
146587
149653
170358
149653
181868
170358
151026
170358
170358
171120
149653
165439
149653
149510
149653
151026
181868
151026
146193
185471
148931
170358
149510
170358
192533
185471
146103
149653
192533
193091
183145
199431
192533
199431
148583
199431
150234
192533
172669
172669
150234
183145
172669
196081
196081
196081
196081
196081
183145
196081
196081
196081
188462
178846
185471
161753
172669
196782
156850
161753
156250
156250
161753
185471
174366
174366
174366
183145
174251
174251
174251
174251
156250
174251
156250
185471
174251
174251
198170
198170
198170
156250
198170
156250
165439
183145
185471
156250
155393
146193
174251
176086
176086
176086
176086
184184
184184
184184
184184
176086
183650
184184
184184
184184
184184
174548
176086
184184
184184
164715
174366
176086
183145
169622
170358
185471
169622
169622
169622
169622
169622
171305
169622
169622
173136
183145
181868
174366
173136
198865
173136
164715
198865
183145
182524
182524
157880
167994
155393
167994
186538
186538
165439
181868
155709
169622
181868
169622
167994
173136
167994
157794
167994
167994
157880
161753
181868
157794
155709
181868
181868
165439
157794
164567
156250
168578
168578
191186
191186
191186
169622
168578
168578
165439
161753
155393
155393
155393
155393
150312
161753
177528
155393
179314
155709
179314
195851
195851
195851
152236
179314
195851
155393
179314
152236
154194
152236
154717
152236
176041
154194
155393
150312
176041
154194
158773
158773
158773
169581
158773
159936
159936
152236
154194
172469
172469
194793
172469
152236
154194
152236
175693
175693
175693
175693
175693
175693
152236
175693
175693
175693
172469
172469
175693
175693
169987
169987
175555
175555
169987
175555
169987
152236
169589
175555
169987
169987
175555
169987
169589
169589
169987
173136
155624
154194
159775
155624
169589
157387
157387
169589
169589
154194
155624
150312
159775
159775
175555
173136
175555
152088
146587
152236
173658
173658
199182
199182
190355
199182
190355
185160
199182
173658
199182
155624
199182
199182
173658
165699
173658
173658
165699
173658
165699
172773
172773
172773
172773
198431
198431
198431
198431
189730
182862
189730
189730
195771
194493
194493
189730
172303
172303
189730
165699
189730
177563
178967
172542
182862
182862
194861
178967
194861
178967
194861
152044
189060
194861
186253
178967
178967
172542
172303
172303
172303
172303
172542
169581
171230
173136
171596
199132
171596
175555
173573
173573
173573
173573
173573
173573
173573
173573
155941
171596
170157
171230
196609
171230
165699
171230
170157
175836
175836
175836
170157
155941
188044
196609
170157
184215
188044
168158
168158
168158
188044
175836
171071
158411
175836
165699
196609
156896
175836
155941
158411
158411
168158
155941
175836
175836
175836
156896
155941
155941
166237
181808
156896
156896
156896
156896
152236
155941
156896
155941
183706
183706
183706
187195
187195
165699
155941
166237
156108
172415
156896
155941
155770
165699
152586
175836
165702
165699
165699
164902
158411
155941
152586
158411
154193
168429
168429
175836
165699
156896
154193
168429
155941
155776
165699
152236
189749
189749
152236
155941
165699
168429
154193
155770
156108
157794
196609
164771
156890
164771
164771
165699
155941
164771
190406
190406
164771
152586
164771
164771
156890
155941
196609
190406
190406
152236
150730
172415
171646
168429
172415
196298
164771
177563
155941
176479
188044
172415
172415
152600
198497
198497
152586
176479
176479
176479
165110
176479
165110
165110
198497
168954
168954
168954
168954
168954
168954
168954
198497
184301
171596
168954
184301
168954
184301
165110
152160
184301
184301
184301
168954
198497
168954
152586
168954
198497
152586
152586
164315
164315
168954
198497
164315
164315
164315
164315
152160
152236
199433
199433
199433
199433
150730
152160
152160
181113
163843
149077
163843
181113
164149
188044
163843
163843
163843
163843
164149
163843
168954
163843
163843
163843
163843
198497
163843
168954
164315
163843
163843
152160
163843
158069
163843
171596
163843
163843
163843
163843
163065
163843
163843
158069
163065
164771
163065
171596
163843
158069
163065
152088
198078
198078
198078
198078
155563
155563
152088
198078
158069
198497
158069
163065
155941
163065
163065
152088
155563
155941
164771
155941
163843
156250
156890
155894
156108
198497
198497
187714
152088
148181
154344
181581
188044
150730
164771
181581
181581
163065
189408
150674
189408
189408
153801
152644
152644
155894
153801
152644
181581
150730
169814
156250
185808
185808
177892
150730
181581
152644
169814
169814
169814
185808
150730
150730
169814
169814
169814
167695
167695
167695
169814
181581
167695
181629
181629
181629
181629
181629
168257
168257
167695
181629
161182
180553
180553
164945
169814
167695
177434
161182
185808
185808
161182
169814
150730
150730
194931
152644
194931
177434
167695
192984
192984
169814
156728
156728
150197
163931
173959
161182
173959
161182
173959
192588
173959
161182
192588
173959
161182
156108
156108
156728
187133
156728
187133
187133
173621
173621
187133
169814
163931
148181
150197
191647
169814
194259
156250
194259
194259
194259
169814
150197
169814
191647
156728
152350
156728
169814
192905
168257
150197
169814
148181
161182
168257
163065
163065
188044
152350
169195
181581
167695
156728
156728
148181
149596
185808
181581
192905
156728
161182
150197
189231
162234
162234
189231
186213
164771
186213
182599
182599
152350
189231
182599
183993
189231
152350
186213
185808
168429
156728
156728
150197
181581
167695
162234
162234
179168
179168
162234
152350
152350
165846
168429
165846
165846
150674
170937
168429
171590
171590
171590
164771
167695
171590
152644
152350
155546
152350
152350
152644
163931
155546
175802
163931
155546
175802
155546
175802
154398
154398
155546
154398
163931
155546
164771
149596
149645
152350
149596
154398
161182
155941
175836
149596
146908
155546
173621
158302
179377
179377
152088
179377
173621
155941
149645
149596
147730
173621
191391
191391
155941
191391
191391
155546
152350
146908
155941
156108
149645
149700
152350
155894
149645
152644
146908
170937
152350
152350
152644
188044
156108
188044
147222
146908
169581
152088
163279
163279
155894
161182
195277
195277
195277
195277
189366
146908
195340
185630
195340
191936
189366
191936
191936
189366
189366
191936
185630
174934
185630
185630
185630
174934
169581
166994
168385
168385
168385
168385
168385
175305
175305
175305
175305
175305
175305
175305
168385
168385
158258
158258
155317
175305
158258
175305
194052
161866
175305
175305
168595
175305
161866
168595
161866
168595
172541
172541
172541
161866
172541
161866
161866
161866
161866
161866
158258
170470
158258
158258
161866
170470
159064
159064
159064
159064
168595
159064
159064
159064
155716
155716
159064
155716
185808
169420
199211
169420
185808
185808
181116
199211
155716
168595
169420
199211
154854
171596
168595
188855
181116
181116
181116
181116
155716
168595
181116
181116
181116
154631
199211
154631
181116
155716
155716
150084
159064
168595
199211
155894
175836
199211
159064
155941
155716
171596
156346
156346
155716
150684
155716
155716
156346
150684
154631
176650
197739
189970
197739
197739
189970
180307
189970
180307
176650
176650
154631
176650
176650
176650
154555
175836
154631
176650
156108
154631
155709
173300
173300
154555
154854
154555
175305
171596
175836
152350
150084
170531
170531
170531
152350
154555
165941
165941
179601
179601
179601
167695
179601
179601
179601
155894
179601
155709
159064
154555
194087
155709
194087
179601
194087
192862
194087
195088
192862
195088
155709
154555
177591
155894
162854
170531
152116
166200
152350
152350
154555
161866
155317
155393
172415
153671
154555
175836
153671
175836
168595
167811
185504
155894
153671
167811
172902
198957
198957
198957
198957
198957
198957
152350
191296
191296
167811
191296
167811
172902
167811
167811
167811
150684
172902
150084
150684
183016
185575
185575
185575
185575
185575
150684
172902
172902
150684
150684
172902
166220
166220
166220
183016
183016
166220
172902
188689
166220
150684
188689
188689
188689
188689
159064
166220
166220
183016
152350
166220
153671
156108
150084
155709
150084
162234
152116
183016
155317
150684
150084
155894
152116
152116
155894
150684
154854
153671
152713
152713
153671
152713
152713
171596
150084
187809
194807
187809
187809
194807
194807
194807
187809
185761
150084
161182
178615
175807
175807
175807
175807
178615
178615
175807
178615
152713
154828
195201
195201
158302
182268
182268
182268
194520
194520
194520
194520
184031
189578
194520
194520
152713
178143
184031
184031
182268
184031
189313
184031
161357
182268
182268
182268
184031
189313
189313
175305
151187
185273
185273
185273
185273
151107
185273
185273
185273
155709
184031
175836
151335
184031
152713
151335
154828
152350
163931
163843
155709
154555
150227
151107
150227
161182
175305
151107
176753
155317
171596
150227
151107
175836
172415
150865
150865
150865
150865
188748
188748
152713
154854
168564
150865
154854
152713
168564
150865
168564
168564
155894
150865
154555
150865
183127
150227
183127
168564
168564
154261
156108
170606
170606
170606
162199
151107
162199
162199
162199
155546
170503
170503
170503
161182
170503
170503
171596
183016
170503
154261
162199
154854
174395
174395
174395
174395
154261
174395
174395
174395
191460
176381
176381
176381
174395
174395
174395
174395
169942
169942
169942
195127
154555
154828
195127
191460
182197
191460
150865
169942
169942
169942
169942
153438
162199
162199
162199
162199
155709
162199
153438
169942
150865
191460
162199
157487
191460
166801
154555
150084
153438
154261
154555
154261
150084
153438
191460
166801
166801
161182
150084
154194
153438
154194
176012
150684
150684
150865
170937
172469
192812
192812
192812
192812
192812
192812
150227
188203
188203
192812
150865
192812
162315
162315
162315
162315
183974
162315
183974
159326
180706
163931
162361
191073
162361
191073
150084
154631
191073
191073
162361
162361
150084
162361
153671
150084
150084
150227
150084
194528
194528
194528
194528
194528
150227
155317
197882
152713
153671
156108
190954
190954
150084
194528
194528
154194
189119
194528
153671
189119
153801
190954
189119
190954
189119
166994
190954
189119
153801
153801
196351
189119
189119
163994
185436
153671
166994
163994
151903
153801
185968
158955
161143
161143
158955
161143
169660
158955
154631
175836
166994
159253
158955
151903
158955
193934
169581
175836
158955
158955
158955
158955
158670
153801
151903
190954
151903
197357
152350
150084
193710
193710
193710
197357
187473
187473
193710
193710
193710
193710
158773
187473
187473
176569
187473
193710
172095
179208
176569
179208
176569
189071
189071
188657
189071
189071
189071
177495
177495
177495
177495
177495
176569
197357
176569
172095
172095
172095
198621
176569
176569
198621
197357
172095
172095
172095
197357
164827
158378
158378
164827
164827
164827
150232
197357
151903
153801
158773
151903
187915
187915
151903
171596
171596
153719
151903
153719
153719
154828
153719
153719
152644
153719
150232
154903
153671
153671
153671
153801
176393
176393
176393
172469
164315
156108
154903
197647
176393
156108
150232
150232
183016
155115
152350
150227
150232
179442
179442
156108
176145
175831
187444
187444
176145
151237
175831
176145
176145
176145
175831
176145
170111
176145
175831
151237
152713
176145
151237
170111
176145
175831
175831
151237
170111
198336
194618
198336
198336
194618
163641
198359
198359
198359
198359
198359
198359
198359
148726
198359
198359
198359
198359
198359
198359
198359
198359
191135
191135
193425
198359
170111
164440
164440
164440
164440
185137
169417
169417
163641
185137
162578
162578
160611
185137
184289
184289
198359
169011
183042
183042
198336
169011
190997
183042
190997
176591
183042
183042
170576
176591
176591
176591
185137
170576
183042
176591
185137
170576
178702
176591
178702
176591
183042
192577
192577
192577
192577
176591
193712
198331
176591
176591
161585
176591
176591
176591
198336
176591
176591
170576
176591
181697
198336
181697
181697
169011
181697
160463
176591
176591
160463
160463
181697
169011
176591
185137
176591
168933
185137
182945
182945
180803
180803
185137
180803
174335
176591
180803
168933
180803
188235
181786
175351
181963
176591
184137
175351
184137
184137
175351
184137
176591
181963
179568
180803
176591
179568
183042
190219
190219
190219
190219
181212
181212
176591
181212
190219
179568
180803
190219
181786
180803
180803
190219
179668
179668
180803
180803
195651
195651
195651
179568
175351
195651
179568
179568
195651
195651
195651
195651
195651
175357
179568
175357
175351
180803
177798
175357
195651
175351
177798
195651
177798
175351
179668
195651
199272
199272
199272
199272
175351
199272
175351
199272
175351
175351
179668
175351
195651
179568
195651
195651
191107
195651
191107
175351
195651
195651
175351
198043
175351
179668
195651
177798
175351
175351
177798
175351
175351
175351
195651
179568
195651
175351
195651
175351
179568
177798
175351
175351
191107
174446
198441
198441
177798
198441
198441
181786
192786
174446
192786
190219
177798
168674
168674
186246
175351
169011
187110
183445
169011
169459
159918
187110
175351
186246
162754
186246
179568
171898
168363
169459
169459
169459
167893
184998
167893
168674
168674
177798
169826
169826
169826
169826
184998
179568
191150
175351
191150
157306
191150
191150
191150
169826
177798
183042
169826
176661
176661
181212
176661
183370
186218
183370
181212
176661
176661
169826
168363
187206
180803
187206
180803
180803
180803
180803
168674
161357
168363
180803
168844
158462
164508
168844
191168
191168
192732
192732
191168
192732
191168
191168
191168
192732
193989
168363
160008
164155
188463
188463
160008
199004
199004
199004
188463
199004
170288
175446
167207
188463
170288
188463
169359
175446
188463
188463
188463
175446
188463
188463
169359
169359
177798
166249
168844
166249
172306
168844
166249
170288
166249
166249
172306
167207
167207
172306
187573
180430
180430
167207
168363
175046
175046
196906
196906
168363
196906
196906
196906
164155
170576
170576
196906
167207
167207
170576
165391
196906
157306
168363
170576
170576
194324
185194
185194
185194
185194
185194
172990
170576
168363
171596
194522
195689
195689
170288
195689
195689
195689
192188
196906
192188
194522
189028
168363
168167
170288
170288
170288
191337
194022
194022
169238
194022
190872
194022
183368
194022
183368
168167
168167
168167
190872
183368
183368
183368
170288
168167
190872
169238
168167
168167
169238
163896
168167
164155
169238
168167
168167
167684
169238
167684
169238
163896
168167
170576
168167
174755
164155
174755
165391
168167
172469
183690
183690
183690
171596
183690
167207
185995
182668
182668
172382
182668
172382
172382
164508
168167
172382
172382
164155
170576
170576
163896
168167
174475
174475
164155
163896
163896
163896
173808
169238
173808
173808
173808
164155
160008
173808
165391
173808
164155
163896
163831
165391
172382
163896
173808
168167
167191
168167
165391
167191
163831
160008
163831
168811
168811
163831
168167
164155
158490
160008
164155
165671
168167
170576
160008
164155
160008
164155
164155
159918
165278
168167
171596
158490
168167
168167
184976
184976
163831
160008
193200
168167
158490
157306
168167
168167
163831
160008
158490
165391
196196
196196
196196
196196
158490
170288
162754
165278
196196
163831
168167
181393
181393
159918
162754
160313
161616
170288
165278
154351
158490
196196
158490
191126
194268
191126
154351
191126
191126
191126
154351
191126
191126
191126
191126
191126
191126
161189
191126
159918
162561
191126
191126
180653
180653
189879
180653
180653
180653
189083
189083
189083
189083
189083
189083
170114
172983
162561
170114
167191
170114
162561
170114
170114
170114
166206
166206
162561
158490
159918
163831
158490
162754
158490
156476
157306
196225
158490
158490
164638
196225
164638
170288
170114
170114
160313
163831
157372
166206
166206
163831
158490
194073
199302
197554
199302
197554
197554
167351
194073
181195
185461
194073
185461
185461
185461
185461
179416
185461
182842
182842
182842
179667
179416
179667
182842
179667
182842
179667
179667
179416
182842
182842
179416
182842
181195
172907
179667
172907
179416
172065
179667
179667
179667
172907
172065
170954
172065
172907
172065
170954
172065
172065
170954
179667
167418
170954
172065
170954
179667
170954
170505
170954
170954
170954
170505
170505
170954
172415
175305
170505
170954
184975
195969
195969
166757
184975
184975
184315
184975
184315
184975
184315
184975
184975
184975
184315
184975
184315
184975
170505
184315
184315
170954
184315
167418
184315
167351
170505
184315
170954
170954
170505
159064
184315
170505
167351
184315
167418
175305
170954
167418
167418
184315
170954
198364
167418
198364
160313
176671
198364
169880
176671
176671
176671
170954
176671
183472
183472
176671
176671
183472
176671
176671
176671
176671
176671
176671
170114
169880
169880
169880
169880
169880
170954
158859
170954
175959
175959
175959
169880
169880
158859
158859
186347
186347
186347
186347
196214
182290
179142
158930
160313
179142
179142
179142
169880
179142
175494
196541
196541
196541
196541
196541
179142
179142
166757
196541
196541
197880
197880
191544
187679
191544
196541
187679
191544
170954
169880
163415
191544
163415
163415
174679
174679
163415
174679
162998
174679
163415
196373
196373
196373
196373
196373
162391
196541
174679
196541
158490
158906
162391
162391
158906
162391
160119
158906
174679
158906
174679
162391
174679
158906
174679
162391
179843
173185
169880
196541
173185
160313
178201
178201
173185
158906
178201
178201
162391
174679
188404
158906
157409
163415
175472
175472
175472
175472
175472
188404
188404
175472
160119
188404
160119
193612
193612
193612
158906
157409
167418
171453
171453
171453
157409
174529
186077
174529
174529
171453
171453
171453
174529
174529
174529
188404
171453
177981
177981
174529
177981
158930
187107
174529
158906
171453
171453
187107
171453
187107
158770
158906
158906
164440
156476
183472
198616
170954
186358
163831
186358
158770
186358
186358
187107
158770
187107
186358
167418
186358
159918
163415
164455
167418
170505
161913
161913
187107
163831
158462
178911
161913
178021
187107
178911
187107
164440
187107
187107
161913
197074
179866
179866
162754
164440
157372
197074
178021
158906
170565
197074
163738
170565
178021
159918
187107
162391
158189
158462
159918
174681
174681
162754
174681
158462
158462
156476
162754
156476
158770
158906
158462
158490
167361
172415
167361
193050
166994
193050
167361
160313
166206
166206
167361
175305
195727
195727
195727
195727
163906
175305
167361
167361
167361
163906
163906
196412
196412
192031
196412
163906
196412
192031
168165
168165
163906
169238
168165
168165
168165
168165
163906
163418
175201
169238
158490
158189
163418
159918
158906
169581
163906
159064
159918
163906
159918
162561
158770
157372
158770
157318
163906
163906
163906
157409
157318
162561
166206
159918
172415
158189
162561
172415
166206
170288
175743
175743
187356
187356
187356
187356
187356
187356
164647
175743
164647
164647
175743
168872
157452
168872
175743
172360
175743
198054
172360
198054
172360
198054
166206
157452
172360
166206
163906
157452
191670
157452
162561
191670
172360
159447
159918
159447
191670
191670
184142
184142
184142
184142
184142
191670
184142
184142
184142
191670
178849
178849
178849
191670
159447
184142
184142
174968
174968
162561
174968
156476
171855
161947
163906
162391
160085
164937
160085
160085
191670
157452
162561
161947
158189
160085
162391
160085
169581
169785
161515
169785
169785
158490
169785
157452
157452
157452
160085
160085
191670
169785
170288
169785
160085
160085
157452
155453
161947
158906
161947
171292
171292
171292
171292
158490
171292
180524
180524
171292
180524
164937
171292
190999
171586
171586
171586
171292
170899
171292
171292
171292
171292
171292
170899
170899
158462
170899
170899
170899
162152
171292
166535
166535
166535
166994
193583
193583
193583
166535
177595
166535
170288
175456
175456
175456
175456
175456
175456
169406
175456
169406
156476
169406
169406
162581
170288
157318
162581
162581
152644
155889
157318
160111
159064
158462
164937
160111
161585
160111
157318
160111
158462
158930
161175
160085
158906
169581
152644
161585
158930
161947
161175
157318
158462
161947
156476
155453
161585
161585
161947
156476
160085
160085
161175
158930
160085
160632
158930
157306
157306
156476
158930
157306
160085
158189
159088
158930
155889
157452
191670
156476
184019
184019
158770
158462
158462
161567
172219
172219
172219
172219
163516
169581
163516
189010
189010
164506
164506
189010
164506
164506
160290
160290
155374
199066
161567
163516
158770
156476
163516
155374
158770
164937
156476
158770
161947
159277
168639
157306
193822
166965
168639
193822
168639
193822
159918
193822
193822
160290
168639
168639
160290
155889
160290
159918
160290
193822
163516
188868
156448
188868
156448
160111
160111
174659
188868
155889
160290
159277
195177
155453
179378
189861
189861
174659
162234
151306
160632
155889
163931
158770
155453
174659
188515
188515
188515
188515
160632
165342
165342
188868
165342
158770
155374
160313
187974
187974
187974
187974
187974
160632
187974
187974
158906
194355
194355
174031
174031
159277
155374
161947
155453
155374
160632
157549
188868
160111
160632
189821
189821
189845
189845
155453
158462
160085
161567
155453
155374
155374
156476
154017
161947
160111
177232
177232
177232
177232
160632
188783
189845
177232
160632
158193
191616
197134
197134
197134
197134
191616
191616
177744
191616
155622
191616
160111
160111
160111
188868
179242
179242
155622
156448
170925
160632
154585
155622
158193
155622
155374
175156
160111
156448
174222
155622
155622
174222
184888
185271
185271
185271
185271
185271
195369
195369
195369
195369
195369
185271
195369
195369
195369
184888
195369
184888
158930
175730
187620
188295
188295
174222
174222
187620
175156
175730
175730
175730
167019
193719
175730
160632
160290
158193
160111
172247
158193
172247
160632
154792
155622
172247
172247
172247
160085
160290
159088
160111
155374
160085
160111
155234
158930
158930
160085
160085
159064
154792
158193
186441
155453
198268
186441
158193
156448
158193
186441
166396
160111
166396
155622
158193
163504
182676
182676
196475
174835
158189
197375
197375
195622
198811
198811
167561
159918
154792
169947
196475
163704
169947
165406
165406
189103
189103
196475
197911
197911
184112
197911
197911
197911
184112
186441
173051
189103
186788
189954
189954
186788
186788
189954
186788
189954
196475
189954
173051
165536
165536
166396
165406
163704
163704
165406
165406
189954
163704
154792
160019
172247
163704
183626
183626
163704
183626
186788
160632
160019
160085
158490
160632
157419
160632
158189
157419
175305
155622
158189
162234
156476
164315
160111
157419
162091
173832
162091
173832
186863
186863
186863
160632
160632
162502
157549
186788
156448
186788
160019
161698
186788
185920
158930
160085
180465
195124
195124
195124
195124
156476
160019
157549
195124
186788
168597
184698
161698
173237
168597
173237
173237
168597
156476
159918
161698
190371
190371
190371
173237
154585
158193
161698
162234
163402
156448
163402
156476
163402
161947
160632
160290
186441
161698
160111
160085
189305
160019
187004
187576
197072
197072
197072
197072
160085
156476
197072
197072
197072
194845
160019
159918
160019
187576
157306
162234
187576
187576
159277
187576
161567
159277
159918
158930
168365
168365
168365
168365
155374
186972
156476
165853
165853
161567
155889
165853
165853
155234
186788
156448
154256
154792
160632
156476
154792
156476
154792
160019
159918
189260
189260
189260
159918
159918
158930
157452
154585
155374
154256
172247
155453
154585
158575
162234
155889
154256
154585
154585
158193
157500
154585
169993
169993
169993
169993
154256
169993
156476
163931
185216
169993
185216
185216
192231
192231
185216
158490
169993
169993
155622
169993
169993
154585
158193
169775
157452
158193
185475
185475
158193
185475
185475
158540
154717
161567
156476
157452
158203
156476
157500
158432
158432
160290
158203
158097
177563
158203
154351
154717
154585
158203
154256
153095
152644
157133
158432
162661
162661
188796
173868
173868
173868
153095
194669
183675
194669
194669
190101
183675
183675
177544
183675
162661
177544
177544
154792
154585
173868
173868
157133
173868
151306
154256
162661
162661
162661
162661
162661
159088
198294
198294
198294
162661
162661
158432
163052
158432
158097
157133
155453
157306
157306
160019
163052
157133
157133
158097
158189
195120
195120
195120
195120
195120
195120
195120
195120
195120
192872
157500
157500
157500
156134
157306
154318
157306
155453
155234
154585
158203
155234
157500
157500
158189
154204
158203
185588
185588
185588
154585
185588
156476
161722
156776
161722
154318
157452
158203
157452
175689
161722
175689
156776
157306
175689
157306
186417
178798
175689
175689
173789
175689
175689
184072
156923
156923
156923
160019
192476
192476
192759
192476
192759
154792
192759
172395
172395
192759
172395
163507
172395
178593
178593
178593
178593
191542
191542
191542
172395
178593
191542
158805
191542
160111
174705
158805
174705
174705
197510
197510
170395
156923
158805
174705
178798
178798
174705
158805
158805
156134
174705
174705
174705
158805
158805
152894
174705
180554
180554
180554
155622
160019
180554
155599
179382
158097
158097
158097
178798
155599
193531
193531
193531
156776
157306
188193
156134
188193
161567
164073
164073
155453
164073
164073
156776
156776
163364
164073
163364
163364
156776
164073
181968
172247
156776
186514
172247
163364
172247
163364
172247
172247
163364
155453
172247
186514
172247
197044
197044
197044
197044
197044
197044
178924
178924
190016
190016
156134
163364
178924
178924
163052
196439
196439
185699
185699
183289
178924
163364
154397
159428
178924
178924
168607
168607
159428
168607
168607
168607
159428
168607
188885
188885
188885
188885
188885
159428
181863
168607
188885
188885
181863
188885
188885
188885
188885
168607
163196
163196
161178
161178
159428
176840
159428
176840
190763
190763
190763
190763
190763
159428
196277
159428
164073
159040
176840
159428
176840
160290
176840
176840
159040
159040
156134
176840
159428
156776
159428
164309
164309
164309
164309
164309
157500
164309
165311
165311
160111
154397
156476
163052
159090
185101
185101
185101
185101
157500
185101
185101
171504
171504
186514
171504
185101
193933
171504
193933
177028
171504
171504
197677
185101
185101
157500
155889
159428
193636
193636
157500
171504
193636
159428
193636
157500
177474
157306
171504
177474
173947
166980
197084
197084
197084
197084
197084
163364
173947
189088
173947
189088
168026
189088
170558
170558
163364
159221
168026
159221
196176
163364
175227
175227
159428
180793
180793
180793
156776
162234
180793
159090
199182
154351
151665
156476
158203
189229
189229
189229
189229
193619
193619
181353
181353
181353
161182
156476
154792
187780
155622
160290
191063
191063
191063
191063
154318
154585
154351
155622
154792
156448
154792
152894
154318
186514
154318
192864
156134
155622
156448
156448
156448
153711
161567
156134
160290
155234
161722
159428
197240
197240
197240
197240
151306
197240
156160
181107
181107
181107
156160
156160
161722
156476
156160
153612
187780
179385
179385
179385
179385
159428
179385
156134
156134
155453
156134
155599
161182
152322
156134
156776
160111
191457
190402
190402
191457
190402
190402
190402
186133
190402
169826
169826
169826
173730
186133
186133
184468
169826
186133
170471
182218
182218
184468
170471
170471
182218
184468
182218
182218
170471
170471
170471
152322
169826
169826
169826
169826
169826
156130
165266
165266
169826
187065
161846
161846
159428
184468
159112
162234
159428
197457
159112
156476
153095
154585
155622
184468
156448
159428
161182
161567
156776
153711
164307
164307
155599
184468
155599
186501
154256
184468
153095
184408
184408
184408
154792
182126
184408
161182
155853
173730
184468
173730
154792
184408
184408
182345
182345
187852
175063
187852
184408
182345
175063
165042
154256
152894
173730
166442
172089
172089
152894
163052
155853
155853
155234
154792
160290
155853
166442
154792
153518
156776
155599
192592
192592
171395
159221
171395
171395
156448
155599
171395
161567
161567
171395
156160
166442
155853
155599
158432
155453
171395
161276
157777
171395
171395
171395
166442
155599
161276
171395
155599
154511
156160
169826
161276
160943
184468
154585
175601
166442
155234
175601
169826
155234
156134
169826
158432
154511
154756
166442
154511
156448
166442
155234
193042
156160
154511
193042
175601
166442
154511
161872
183566
161872
158659
184468
158659
158659
158659
161872
166442
161872
166442
161872
156448
160943
158659
158659
158659
154511
154906
171395
156160
154511
154792
166803
155853
162714
167235
154511
167235
154906
169011
188080
188080
169011
167235
167235
154585
167235
156476
162714
184468
154585
171395
152894
154906
156160
166803
167235
169826
167408
170288
167235
171395
155453
166803
171395
156448
155853
169826
166803
188201
158540
166803
199803
188201
188201
186702
188201
188201
154906
188201
188201
156448
154906
188201
156322
188201
177092
177092
160289
160632
160124
199033
199033
156160
199033
199033
199033
195915
181320
186702
181320
181320
181320
186702
195915
195915
174521
174521
181320
177092
176128
160124
183725
160124
176128
187854
187854
187854
177092
177092
160837
176128
174521
176128
197543
160837
197543
176128
197543
165166
197543
176128
155853
197543
176128
160854
176128
160837
174521
174521
174521
160837
170288
163526
163526
162714
156476
165471
165471
162714
159428
158432
162674
176383
176383
176383
176383
176383
162674
158540
163526
162674
160124
160124
169826
163728
157381
157381
160854
184468
158540
160854
160289
160289
160289
156448
154717
173215
173215
160289
160289
159428
160290
157381
157381
154906
163394
185873
163394
163394
154717
171395
160289
162714
157381
160289
155453
153791
160289
154717
160290
155853
155853
154756
157381
171395
157381
155853
154792
160289
160930
154756
160124
160289
158432
155984
154717
155453
160124
160124
162714
170011
154717
160124
160930
153711
159428
177194
177194
179749
179749
179749
179749
179749
155453
186567
154717
177194
187038
177194
168231
168231
168231
187747
187747
177194
154756
154511
187038
153711
154756
196293
187038
196293
187038
196293
196293
196293
192743
186889
196293
196293
198801
186889
183213
192743
183213
192743
192743
192743
192743
179701
179701
179701
174361
179701
179701
179701
174361
192996
172750
162624
179701
174361
162624
167790
167790
183814
167959
167959
183814
184470
162521
154511
184470
171397
162624
192799
184470
171397
154717
154097
154511
170452
162624
167303
167303
162624
162624
162624
162624
162624
162624
162624
162624
171397
167303
163195
154256
154511
153034
154097
164113
164113
193253
193253
163195
163195
193253
163195
163195
163195
163195
154717
162521
161562
162521
162624
162521
154898
154097
154511
161562
155599
156167
156167
159428
156167
156167
156167
160290
154097
156776
153080
156167
165626
162624
154717
160854
159607
154511
192891
159607
155234
192891
159607
160289
171395
159607
155234
156167
160290
154717
154717
155599
153612
171395
160935
154756
162624
154717
154511
197387
153095
154097
186361
154511
154756
197118
197118
161301
154511
161301
155453
161301
154717
160290
195851
159607
195851
153034
190705
195851
161301
190705
190705
190705
162521
161301
160943
170288
195851
154097
159607
195851
194346
194346
154351
153034
161301
156167
156448
154318
161301
171395
162624
186214
186214
154351
158490
186214
155853
164923
186214
159607
155853
186214
153612
154351
159607
156448
191073
191073
191073
191073
191073
191073
163835
163835
163835
163835
163835
163835
163835
167686
154097
185267
167686
167686
185267
176040
176040
153975
154756
154399
163835
169941
163835
172884
162224
169941
162224
195243
195243
195243
195243
169941
195243
195243
167686
169941
163835
162224
195243
163835
167686
172884
163429
163835
186633
196315
196315
163835
196315
196315
186633
155558
162224
172884
163835
163429
172240
162224
186633
163835
165080
162224
155558
162224
182641
163835
163835
160270
163835
163835
184496
184496
184496
184496
184496
163429
184496
162224
163835
163835
164420
164420
184496
184496
164420
184496
164420
160270
163835
164420
155558
164420
162224
163835
161301
167686
164420
160270
164420
163835
164420
163835
172884
191906
191906
191906
191906
172884
191906
191906
191906
191906
160270
163835
163835
160270
163835
160270
172240
159397
161301
167686
163835
163835
161301
187496
159397
159397
187496
159397
162224
182211
182211
187496
170288
160735
161301
155853
159397
159397
163835
159397
159607
155369
187496
154399
154717
159397
159397
155369
155369
156476
155853
187496
154756
155369
159607
156776
154351
155369
154318
155369
155369
174908
154318
156659
164851
164851
172240
155369
164851
155369
178277
178277
154717
172240
154351
154318
154351
155853
172240
154318
155853
156659
156776
154351
154097
154756
155723
172240
155234
155723
154511
172240
154097
160289
163835
159367
163835
154318
167428
160290
167428
159367
154223
154097
155234
155234
155558
154318
155599
153975
163835
154399
154318
156659
153975
156322
160290
154351
154351
154906
153975
170288
155599
154256
154399
156476
183814
160111
160111
156476
160289
153975
171746
171746
171746
195001
171746
154097
171746
156160
168495
155599
168495
168495
155853
154097
160111
153975
153975
198373
198373
198373
198373
198373
198373
198373
198373
198373
198373
198373
198373
194022
198373
198373
194022
170852
198373
194022
170852
194022
170852
189132
189132
165930
189132
170852
189132
170852
189132
189132
189132
158540
158984
170852
170852
159428
158984
170852
153294
170852
165930
165930
165930
199517
199517
199517
165930
168200
168200
168200
183611
160854
183611
168200
160943
168200
189855
165930
165375
165375
189855
165375
158984
168341
171746
165375
189855
165375
189855
164779
189855
156776
189855
158984
189855
164779
165375
164779
160111
165375
171746
164779
164779
165375
165375
165375
165375
158984
154017
165375
154351
154756
171746
184319
154351
184319
156776
154351
171746
160806
154351
154351
154756
154223
153975
154351
154017
154097
154017
188138
185652
185652
154223
154906
154351
185652
153711
185652
154017
153080
185652
154097
154017
154906
154223
156776
185652
154097
185652
154756
153294
160289
154351
159428
159428
159775
154792
153294
153711
153612
154792
154223
181570
172162
172162
153975
153612
190093
190093
190093
177114
153612
154399
153034
170254
153294
154223
153791
171746
158490
154511
154717
154223
154792
155558
154511
160111
155234
159428
159221
173783
173783
173783
173783
173783
173783
155234
156776
173783
154318
154399
153791
172134
172134
156776
153711
156160
153294
177114
158490
153034
177114
160289
153034
155599
159630
159971
180518
180518
153791
153975
184841
160111
153791
154511
154511
154511
170254
160473
160473
172152
172152
172152
173489
173489
197150
172152
173489
197150
164375
197150
172152
196898
160473
196898
153612
154318
153294
169330
172152
169330
154511
153034
172152
169330
153034
172152
177114
164375
154318
154399
162449
162449
164375
162449
162449
179977
179977
153791
154399
183971
187491
153034
172152
173489
154017
154017
179977
165151
173489
165151
177003
191908
184533
184533
184533
165151
184533
173489
154978
173489
172897
154511
167898
154511
168209
168209
167898
168218
168209
165151
177114
185600
174055
174055
174055
167898
153034
168218
167898
153975
173489
153034
178126
181517
183090
183090
165386
165386
165386
165386
183090
183090
162156
165386
162156
183090
153612
162156
173933
173933
162156
155806
155806
173933
171715
165461
158926
155806
182099
182099
182099
162156
182099
179486
179486
162156
159691
155806
166220
179486
162156
155806
173933
168218
153518
161021
168495
181517
196325
196325
196325
196325
188857
188857
196325
188857
188857
196325
161021
196325
196325
188857
188857
196325
196325
188857
188857
169828
173489
185279
188857
188857
185279
169828
196898
185279
169828
188857
157405
181137
181517
157405
168495
181137
181137
181137
181517
169828
188857
168495
152326
168495
153034
181517
168495
168495
168495
153612
161021
158522
168495
188218
158522
199350
168218
153612
157405
164384
155806
164384
157405
157405
199858
199992
164384
199858
199858
199858
158522
193431
193431
193431
176226
176226
188857
164384
176226
164384
176226
176226
176226
176226
176226
158522
158522
157405
157374
157374
157374
176226
157374
158432
157374
158432
176226
157374
158203
158432
157374
181517
155806
155806
159630
155806
153612
158203
156448
155806
155085
153415
155085
160935
155085
155085
153518
156776
156448
159550
159428
153612
158203
154351
153415
153415
198924
198924
198924
198924
198924
198924
153415
153691
153034
198924
153415
198924
198924
181517
173942
188857
173942
173942
188857
173942
173942
173942
191099
191099
163827
153294
173942
171050
173942
177114
173942
167172
167172
167172
173942
173942
163827
172982
173942
181517
161563
161563
189212
189212
163827
163827
189212
153034
163827
163827
153080
163827
153415
153034
163827
177681
177681
177681
162557
154351
167145
153415
162557
153415
187273
153415
173489
157708
153034
153415
162557
162557
176226
156448
153095
162557
153095
177114
161713
192573
192573
192573
192573
192573
192573
192573
192573
192573
196898
153477
173489
192573
153472
172703
172703
160729
156659
160729
173489
155806
154511
154351
173855
162557
155806
176226
153472
153472
158718
180393
158097
159202
177207
177207
159630
177207
177207
180886
180886
180886
180886
180886
180886
176977
180886
180886
180886
180886
176977
176977
180886
180886
180886
180886
176977
195823
170487
170487
195823
170487
170487
183308
170158
170158
183308
170158
154752
195823
153472
195823
154752
153034
154223
152749
189814
189814
153332
191678
189814
153472
154223
153468
189814
170158
189814
187472
187472
187472
187472
189119
189119
153472
159202
155437
159202
189814
195823
195810
155437
159202
154085
195823
155437
153518
153080
195823
154792
186311
153080
153332
195823
195823
186311
186311
167466
187472
159974
159974
159974
156448
189814
160817
189814
195823
160817
170487
197029
197029
197029
195715
160817
197029
160817
170487
197029
153095
197029
171750
171750
171750
195350
189814
178597
190694
183308
190694
171750
178597
171750
178597
162304
171750
180393
171750
171750
178597
182756
182756
182756
190494
189814
182756
182756
182756
189814
182756
178597
189814
182756
189814
189814
162304
182756
176977
167466
160817
174007
176977
176977
180393
184349
184349
160809
179275
160809
160809
167466
179275
160809
176977
179275
159974
153034
174007
160809
167466
155969
189814
160809
180393
178054
160809
178054
178597
177207
155969
173029
176977
167466
178597
167409
178597
174007
176977
153332
160809
153034
160809
160809
159974
153034
153034
183308
153294
167409
158544
155969
153294
158544
170487
168467
168467
179275
195756
195756
195756
195756
195756
195756
183814
195756
195756
195756
195756
195756
195756
158544
168467
179275
161389
170487
181680
181680
181680
152749
154254
160809
158544
170487
153095
154254
158544
179275
160809
179731
179731
179731
155212
158544
179731
155212
155212
163359
160717
194820
155212
179275
160717
163359
160717
194820
160717
160717
194820
155212
194820
160809
179275
163359
155212
156041
179275
177406
160809
155212
155212
154254
184348
160809
153095
156041
154085
154254
154254
184348
179275
163200
186322
195380
186322
186322
186322
170593
170593
186322
186322
195380
186322
174565
154085
186322
163053
163053
163200
192151
192151
174565
186322
186322
186322
181054
181054
153080
174151
186322
174565
166991
181054
170593
186322
186322
179275
181054
181054
177406
174151
166991
174565
174151
174565
174151
166991
174565
174151
174565
171759
170908
170908
170908
160809
170908
170908
173029
170593
174565
170908
166991
164547
158544
164547
164547
189120
183016
164547
189120
189120
163200
155882
158544
189120
172983
156041
155882
155882
153468
153468
154254
154254
172983
153477
173029
153294
173029
154254
160809
173029
172152
154007
163313
163313
178835
163313
172983
154007
155882
178220
156041
154007
172983
154007
153468
159046
156160
172983
159046
159046
153518
153518
156160
153468
173029
153034
180230
172983
153518
180760
180230
180230
180230
167466
170479
170479
165218
170479
170479
199724
199724
199724
165218
199724
180230
180230
165218
165626
161923
161923
167466
161923
165626
165626
172449
172449
172449
176226
155645
156041
156041
155645
155645
196677
183596
183596
183596
183596
166109
172449
177114
166109
154107
154107
154107
154107
154853
155882
153468
154853
154853
154853
155645
194832
194832
194832
168045
194832
194832
194832
194832
194832
194832
194832
194832
162129
162129
171068
162129
171068
162638
162129
162129
167466
176653
162638
162638
175752
175752
176653
175752
180504
180504
176653
162129
180504
180504
171199
190531
180504
190531
171199
171199
180504
162129
171199
190531
153080
171199
183505
180504
171199
171068
183505
171068
162638
180504
196898
162129
171199
171199
162129
171199
171199
162129
197930
171068
171199
162638
162129
160077
171199
171199
162129
163359
162129
162129
160000
160077
167466
160000
194830
197401
197401
194830
197401
197401
197401
197401
194830
160000
194830
160077
191670
167409
167409
167409
153034
162638
160000
163359
172029
172029
162076
162076
162076
180098
180098
162076
162076
162076
162076
192103
192103
192103
192103
162076
167902
158534
192103
167902
167902
192103
158534
198763
198763
198763
198763
198763
198763
168257
168257
167902
191888
195170
191888
168723
167902
168257
158534
168257
188929
158534
188929
188929
167902
188929
158534
167902
164252
164252
164252
164252
198893
189375
198893
189375
198893
198893
158428
158428
198893
191811
191811
191811
191811
178556
189137
189137
189137
189137
171058
189137
178556
178556
178556
171058
178556
171058
168454
194379
168454
168518
168518
168518
179796
168518
185813
185813
187532
168518
187532
187532
177759
177759
168454
185813
168935
185813
177331
168935
168935
168935
188372
172646
168935
172646
171058
168935
168935
198430
198430
168935
198430
198430
198430
196110
186189
196110
198430
196110
198430
196110
196110
186189
186189
186189
170444
191495
191495
170444
191495
191495
177331
177131
186189
177131
177131
185813
177131
177131
177131
170444
170444
185813
177131
175889
175889
185813
177131
177131
171479
177131
187490
187490
187490
187490
187490
171479
187490
171479
170444
171058
168935
170444
171058
170444
188177
171058
177331
171058
170444
168935
170444
198453
183384
168518
194293
183384
198453
162076
183384
168518
183384
194293
162487
166161
184533
168518
183384
194293
184533
168518
162487
177331
162487
168935
171058
162487
162487
162487
162487
183384
177331
196431
177331
196431
183384
168935
198632
198632
198632
198632
162487
198632
162487
167902
187852
187852
168454
183384
183384
162487
173085
196630
196630
173085
164917
196630
162487
184294
184294
184294
184294
167902
184294
196630
171702
162487
164917
191766
162487
162487
167902
159177
159177
167902
162487
196630
196630
167902
162490
160568
168454
162490
191766
164252
159177
197932
197932
196630
159177
159177
159177
170444
162490
162487
162487
159177
162487
160000
168454
159177
160000
159177
162490
160000
159177
168935
162487
168454
162487
177331
158428
168935
167902
168454
168454
162487
162487
159177
158428
158203
162487
159177
170444
158884
159177
159177
159177
158884
158203
164252
162487
164252
170444
162490
159177
177331
164252
158988
159177
167902
158988
158988
164252
164252
160000
158988
160000
160000
158988
158988
162076
160000
158534
158988
158884
158884
158884
187964
187964
158203
171746
187964
187964
158203
187964
187964
187964
163938
189478
189478
158428
156714
160000
177985
177985
163359
156714
177114
163938
162487
162487
158203
158534
162487
162638
173029
159177
160000
155340
163359
166556
166556
158988
173489
166556
162638
162487
156714
162685
162487
160000
158534
172646
158534
162638
172646
158534
176226
162487
163359
162638
158404
162490
162490
158884
162490
158534
158428
158203
162487
158203
162487
158404
158988
156714
158884
162490
176918
176918
155884
155884
156812
156812
158404
156812
155884
156812
162129
162076
156812
170033
170033
156812
156714
162129
170033
170033
156714
182976
162076
162076
160000
156812
156812
162076
158404
162076
162076
162076
156714
171746
158404
162076
158988
156714
158404
156812
158404
156714
156812
155340
155884
173489
156714
158428
158404
156812
155627
160077
193421
193421
158534
198550
198685
198685
198550
198550
198550
175305
155627
156714
170487
158534
156714
195772
193158
195772
195772
193158
155627
195772
171746
156714
155422
161239
155422
193158
156714
155422
195772
156714
171746
162641
162641
162641
166194
162641
166194
162641
162641
162641
162641
162641
197086
170487
197086
197086
197086
162641
197086
156812
170487
162641
155422
162641
155376
156714
155422
170487
193574
160000
156812
160077
155340
156714
158404
179141
190467
190467
179141
179141
179141
155376
155376
158988
160077
153095
176314
176314
176314
180658
180658
180658
180658
189964
182760
180658
180658
154862
180658
155340
165155
165155
165155
165155
165155
165155
158988
155340
158404
160077
160000
170487
160000
158534
156253
158203
158534
155340
160000
160000
155340
155340
158203
155340
154862
175087
175087
175087
175087
175087
175087
175087
153095
155227
197740
175087
155340
155340
160000
198680
198680
158988
155227
160077
160000
154862
191212
191212
197740
185837
191212
154862
156253
192814
192814
192814
191212
158988
197740
158534
159428
155227
160930
155227
167082
167082
153095
155376
168935
189889
155227
161203
158534
155058
158203
159848
162076
155058
154942
158534
156812
171068
154862
158534
158534
154862
178129
154942
158534
162076
156714
154862
173489
156253
158534
162076
162076
153837
153619
155058
156253
160111
156812
153837
160632
156812
193321
193321
193321
153837
153837
193321
162175
193321
193321
153080
191821
191821
191821
158404
191821
162182
192632
181867
181867
181867
156714
153257
181867
192632
195131
155340
181867
153294
192632
181867
158404
152894
162076
153415
153837
153114
153837
152326
153477
192632
153406
153114
193047
193047
192632
193047
193047
162182
192632
158059
192632
155058
153095
171276
171276
171276
171276
171276
162852
152749
153114
152809
152942
153095
162852
158059
162852
162076
194741
194741
194741
194741
194741
187713
193911
162471
176042
193911
162852
176042
176042
193911
176042
162471
176042
164546
162471
171384
198881
198881
198881
198881
198881
171384
198881
198881
162175
162471
196998
179075
175044
175044
187713
187713
187713
178618
178618
178618
178618
178618
178618
187713
178618
187713
178618
178618
178618
187713
178618
167496
165127
178618
165127
178618
158773
178618
181867
181867
181867
162471
162471
178618
181867
181867
179527
181867
165127
178618
156984
178618
162471
162471
165127
162471
181867
165127
162471
179527
164546
177741
177741
158765
178618
177741
177741
177741
181867
177741
177741
169302
177741
177741
177741
175290
177741
177741
177741
165127
158765
158773
181867
164546
170596
184563
184563
165127
175290
170596
170596
164546
170254
158766
160646
160646
160646
158773
160646
159005
162175
162175
159005
173489
162175
158773
159005
159005
162175
160646
160646
180695
180695
180695
180695
180695
159005
194151
194151
194151
194151
194151
194151
158766
158766
194151
194151
160646
158766
165286
165286
165286
165286
158765
173489
170254
193256
158765
165286
158765
159397
158765
158765
192988
192988
161021
158765
192988
192988
159652
156984
156300
158766
159652
156300
158687
158766
156984
156984
158766
158766
155981
167432
167432
170254
191725
167432
167432
167432
155981
156300
170254
156300
155981
157846
155981
153862
153862
170254
165127
197448
170842
163784
167509
167509
167509
162951
162951
165127
162951
167509
156984
167509
158766
156984
162557
158766
181304
153862
172155
172155
172155
154913
181304
181304
156984
172155
156984
156984
156984
181304
192070
192070
167509
184878
184878
184878
184878
181304
184878
184878
184878
184878
184878
184878
184878
184878
167509
170254
167509
198828
198828
198828
167509
199606
171398
167509
184983
166367
166367
166367
166367
184983
167902
160970
155513
166367
160970
175122
175122
175122
156253
155004
182715
175122
182715
182715
182715
182715
175122
160970
159789
159789
190245
190245
190245
190245
159789
159789
157962
160970
157962
155513
160970
160970
159789
159789
157962
168123
157962
159789
168123
157962
153169
157962
157962
167509
159789
168123
157213
157213
157213
157213
196587
157213
157213
196587
158059
166367
157213
157213
189599
189599
157213
152326
196097
157213
157213
189599
189599
156253
155513
193708
193708
170952
197401
155513
157213
170952
193708
189599
193708
178180
155004
155004
168464
190181
190181
190181
168464
156253
197401
197401
156253
168464
168464
168464
156984
157263
171426
171426
171426
193708
171426
197988
157263
197988
171321
161208
168123
174469
161208
168123
157263
174469
174469
174469
193708
174469
174469
174469
174469
174469
174469
161438
177401
193708
174469
197401
171321
167682
167682
167682
165666
171426
188711
188711
174469
197401
188711
165666
171321
174469
183754
196597
165666
196597
196597
196597
194578
165666
194578
194578
194578
194578
194578
194578
165666
183754
161438
183754
183754
174469
168123
194686
194686
174469
195293
183754
183754
179293
161438
161438
161438
183754
179293
161208
193708
163956
165733
168123
163956
165733
168123
183016
193708
163956
163956
163956
163956
163956
168123
170778
162557
165733
162279
162279
162279
161208
161208
162557
159878
181662
181662
168127
168127
168127
168127
159878
157263
157433
157433
157433
157433
159179
157433
157433
166367
166367
158534
166367
157109
160618
166367
157263
160618
157109
165733
157109
162557
172247
166367
157263
157109
157263
166367
157433
157109
184347
184347
184347
197401
184347
184347
184347
157109
184347
166367
158766
184347
184347
158766
157433
156984
189936
157109
157109
164923
161317
156515
166367
161993
152753
156515
162557
167902
166283
156515
156515
167902
161993
154913
166283
166283
166283
166283
173591
173591
166283
173591
173591
161317
166283
161028
154913
166283
154913
166283
154913
161028
160225
160225
167543
160225
180516
196759
180516
180516
162557
180516
180516
167543
160225
167543
161993
160225
160225
177563
155986
155986
167902
167543
155986
155513
157572
155986
167543
153169
156359
160225
157433
156359
157572
161208
167543
156359
156359
157572
156359
159652
159179
167077
153169
197401
154913
162557
156984
156359
193142
170762
193142
193142
189695
189695
189695
189695
189695
189695
159848
189695
189695
185611
189695
185611
189695
189695
188734
185611
161701
189695
189695
161701
165267
164759
185611
182220
192241
192241
192241
192241
192241
189815
189815
189815
178779
165267
189815
178779
182220
182220
182220
161723
165267
165267
165267
162557
165267
165267
185611
157433
161701
161701
159548
159548
197401
161701
171548
159548
161701
154913
159548
161701
159548
161701
152753
171548
162410
162410
162410
162557
159548
171548
159548
153862
159548
162410
152809
159548
154561
154561
159548
155981
197401
154913
159221
154913
162410
162410
153169
153034
153862
153169
154561
158059
152753
153169
158988
154561
167611
167611
154561
156359
157263
156253
162557
162410
160646
167611
156253
167611
160646
153169
160646
162410
186039
167611
160646
163728
160646
153306
159221
183180
160646
156812
156253
153169
156812
158059
167611
160090
152753
160090
156812
185611
160090
152753
160090
152809
160090
161993
158432
154913
155058
154561
164073
153862
167611
158059
153306
155711
153306
158097
158097
155711
152753
167611
155058
154839
155981
187314
161993
185043
154839
185043
154839
155711
185043
153306
159179
185043
185043
156253
181123
185043
156812
185043
197116
197116
185043
197116
185043
153617
196397
196397
181123
181123
153406
155711
154839
181123
152773
155711
169993
152773
168911
153169
168911
154561
154839
168911
168911
170185
170185
156812
161993
160632
156253
159071
157974
167443
167611
181648
185765
156714
167443
167443
157974
199683
159071
199683
199683
199683
156812
167611
159071
152773
156359
155376
179117
180650
185611
158404
152894
159071
189804
179117
189804
186840
186840
186840
186840
186840
159071
164896
162557
153034
154853
179117
179066
179066
179066
179066
169663
170210
167834
169663
167834
168443
179066
167834
165757
167834
167834
167834
191135
191135
191135
191135
191135
165409
165409
165409
167834
165409
165757
165409
165409
155882
153407
165409
153095
155806
198528
199564
155058
160077
155711
167834
155058
155058
161208
153034
167834
155058
192603
162076
157263
163546
159428
192603
163546
163546
163546
163546
161422
161422
161422
163546
152773
161332
175950
175950
175950
181718
161422
161706
163149
163149
161332
161422
161706
161422
185685
185685
185685
168895
175950
195963
195963
195963
195963
195963
168895
161332
192126
195963
192126
192126
192126
161332
192126
195963
195963
195963
195963
195963
161422
161422
161332
161332
162064
179117
198180
198180
155181
161087
156253
171319
155181
181579
181579
194593
181441
181579
186260
194593
186260
181579
186260
186260
186260
186260
186260
186260
186260
181579
186260
181579
181579
186260
181579
181579
156888
181579
185611
155181
168991
155181
155181
168991
181441
156888
181441
181441
156888
155711
155181
168991
195842
168991
155376
167834
159071
192927
192927
181441
156888
192927
171319
196319
196319
174578
174578
155376
155181
156253
155181
159071
196319
174578
171319
164866
164866
171319
164866
164866
164866
164866
159071
155181
158250
164866
161208
158250
159071
161087
155181
156984
155181
167834
174578
155181
154265
155181
175115
155181
175115
161087
161087
155181
155181
161087
155181
183815
158097
159971
159971
154265
179372
171223
181441
175480
183815
175480
175480
179372
187536
179372
196319
175480
179372
188210
183815
175187
175480
175187
183815
181441
175187
175187
188210
154265
159971
154265
190057
188760
188760
190013
154265
190013
190013
171223
190013
190013
193200
193200
193200
193200
155058
171223
181441
171223
159732
188210
174578
195166
195166
154951
195166
181441
188210
154951
181441
178787
180740
178787
180740
180740
178787
154951
180740
180740
156253
171223
155181
155376
175950
159971
174578
173017
173017
155058
174578
173017
156253
155376
173017
153330
154951
156253
154265
154487
175322
175322
175322
175322
179117
175950
175322
177723
177723
161268
175322
161268
177723
177723
177723
177723
161268
161268
189487
189487
185485
161268
161268
161268
155882
155058
176609
176609
156253
176609
190046
190046
154951
190046
161268
161268
154265
175950
156888
155376
175950
154265
190046
171225
171225
171225
171225
169836
166296
190046
166296
169836
154265
192339
190046
166296
169836
169836
192339
192339
194509
166296
166296
194509
192339
194509
166296
178272
179054
194509
179054
190046
192339
179054
166296
178272
179054
192339
178272
161449
178272
192339
161706
169836
169836
192339
166296
166296
161449
166296
192339
161449
159802
179054
161087
161087
161449
159802
161449
179054
175950
153719
179054
179054
175950
161087
159802
156714
155806
155181
155806
154487
178272
193141
178272
155882
156984
154265
171225
154265
178272
178272
171225
153719
154487
154951
154951
155806
153406
154265
157263
154265
153719
155340
153407
153617
156812
154265
155181
153719
155981
157208
153169
156984
196219
155806
164228
196219
190879
196219
153719
190879
161913
153719
173353
161913
173353
190879
197789
173353
183411
197789
162706
183411
175950
196219
162706
162706
173353
173353
173353
197789
162706
162706
162706
162706
183411
167518
183411
167518
173353
173353
167518
181978
181978
181978
181978
173353
181978
173353
197789
173353
171072
178899
178899
173353
171072
178899
178899
173353
167518
167518
171072
167518
173353
167518
181408
181408
181408
173353
181408
167444
161913
167518
162224
171225
171609
181408
171609
181408
161913
171609
161913
190517
190517
190517
190517
183996
171609
171609
171609
160095
171609
171609
171609
171609
178025
190295
178025
178025
171609
178025
198739
171609
171225
158221
158221
158221
171225
170806
170806
170806
161086
167444
170806
182328
158221
182328
182328
170806
167518
161086
167444
161086
170806
164228
170806
170806
170806
158221
192147
192147
156027
158221
158221
186044
184083
170806
186044
179355
179355
179355
179355
158404
158221
158221
179355
158221
158221
158221
158221
158221
170806
158404
158221
158221
158221
158221
158221
158221
156027
167518
154613
156027
154487
172247
196224
196224
155703
155340
171746
155703
154613
153419
196224
154613
155703
196224
164441
154613
196224
153419
196224
158404
154613
155806
170254
165188
165188
164228
171615
155340
155340
158356
167825
192691
164228
178066
178066
196319
178066
178066
178066
154544
160961
158356
160961
158356
164228
158356
187905
154613
154613
154613
159221
164228
158356
155340
154613
178565
154613
171746
154613
155181
196142
172247
154045
154613
155882
181200
181200
181200
196319
181200
181200
156109
181200
181185
181185
181185
181185
160227
156109
160227
159179
160227
156888
181200
173688
183304
176883
173688
176883
176883
183304
176883
176883
190867
183304
181200
190867
161846
176883
176883
176883
176883
176883
175638
176883
176883
175638
176883
173688
161846
156109
154366
154366
156109
187011
187011
154613
187011
154613
187011
155340
155340
158988
154853
155181
155603
173688
161619
177115
177115
177115
154613
181200
154913
177115
154544
177115
154544
177115
177115
177115
161619
154366
161619
161619
161619
163364
154366
158988
165693
165693
154045
163364
157109
194013
194367
156448
159652
157109
194367
157109
154366
157109
157109
158766
154366
157109
154366
154366
154045
175926
154366
194814
157109
155060
163108
153415
188067
163108
175926
175926
163108
154045
163108
160077
157109
198620
198620
198620
179252
179252
179252
163108
163108
163108
155060
163108
157109
154045
153419
163108
159221
154045
154045
154045
163364
163108
156589
193004
193004
193004
193004
186520
152908
186520
186520
186520
186520
186520
193918
186520
186520
193918
193918
186520
186520
193918
156603
186520
156603
156603
156603
186520
183409
186520
183409
183409
177622
193918
157109
194234
156603
156603
157408
193918
159848
157408
193918
159428
158540
157141
157141
158540
160077
158540
156888
159652
159428
156603
156603
177622
154366
156589
193918
192881
154045
196523
196523
196523
177622
156603
177622
154366
192881
152908
153001
153001
192881
196523
192881
154045
156603
183441
193918
193918
192881
192881
156589
183441
183441
153080
196523
196523
154366
154045
183441
156589
183441
154045
189219
189219
189219
189219
183441
189881
189881
189219
183441
183441
154045
154613
194813
153407
183441
153095
190640
156589
154853
153080
183441
155882
153415
153001
153095
156812
177622
152908
159630
152908
153415
157109
196319
157874
157874
171416
171416
162322
162322
190789
190789
153095
162322
152908
193918
162322
162322
193134
193134
162076
154853
154366
156253
162624
155882
193918
162076
163624
177645
163624
162016
193134
193918
162016
162016
163624
163624
153415
153169
154853
153415
156027
163624
152908
156589
152908
156812
156589
193134
157109
194080
193134
157109
156027
160456
160456
162624
160456
193134
157109
157109
155711
154613
153169
181867
157109
181867
181867
152867
160516
160516
153306
162624
153114
153001
154613
154839
153294
158097
153294
153080
170164
154613
154613
162782
162782
164676
170164
170164
153294
181867
170164
170164
170413
170413
170413
170413
176867
155140
162782
170164
193134
155645
181867
156448
171068
153617
154692
154692
180659
154692
154692
155140
155058
157109
155140
161727
161727
159056
154692
154692
159056
162787
159056
159056
159056
180659
153294
157109
180659
153034
159056
159056
181867
159056
152894
162787
153294
154613
156984
162787
153294
157109
153294
154928
158540
153294
154928
172457
172457
162971
162971
154928
162971
162971
176867
156776
156027
154928
156027
154928
153114
153468
163364
162804
162971
154544
153468
162804
199044
199044
199044
199044
199044
199044
199044
199044
199044
199044
196672
199044
199044
196672
153001
173814
152908
173814
153294
199044
196672
175233
194516
194516
196672
194516
194516
154839
194516
175233
153795
162971
186636
157109
155181
159221
186636
160516
186636
162804
185037
162804
160266
180659
168493
168493
185037
171463
168493
173701
171463
173701
173701
173701
185037
173701
158462
171463
160266
179669
179669
185037
179669
185037
181155
181155
179669
179669
179669
179669
179669
168493
168493
160266
160266
160266
162971
168493
196077
196077
160266
167838
167838
167838
158600
167838
164722
164722
160266
158600
153034
158600
158600
164073
160266
160266
160266
160266
158600
153001
158600
180659
162787
164722
159071
158462
153477
158462
158462
153415
164722
152942
185091
154928
154928
154561
185091
155981
160076
153294
185091
152942
156359
158462
153294
153294
153251
158462
154928
154928
153001
158462
153034
153294
154265
189287
152942
187572
154951
187572
187572
154913
152942
187572
153251
154561
156659
176323
154561
187572
160076
187572
187572
187572
199021
199021
199021
155806
199021
153001
199021
152908
196513
196513
196513
196513
196513
199021
164994
164994
185091
164994
199021
196513
199021
153114
198396
199021
185318
196513
199021
155645
156476
199021
154853
156027
154613
155181
199446
199694
199694
153080
199694
199694
194104
177470
177470
177470
177470
194104
177470
177470
159875
176632
185091
176632
176632
176632
176632
176632
179659
156476
156322
176632
187572
186127
156359
186127
186127
186127
186127
186127
183702
187571
188803
188803
187571
154613
187571
187571
156359
155882
187571
186127
186127
194010
194010
194010
177470
177470
183702
183702
172309
176632
183702
172914
159431
172914
172914
198431
198431
198431
198431
198431
198431
198431
182964
172309
176632
183702
187572
172914
172914
164722
160249
172914
172914
192833
197713
192833
192833
192833
197713
196227
192833
192833
192833
192833
197713
196227
196227
158600
170023
196227
196227
196227
196227
192833
192833
190514
190514
196227
173635
184906
173635
184906
190514
190514
187203
184906
173635
189287
190514
190514
190514
196227
190514
189965
173635
184906
186043
189965
156476
196227
173635
185777
184906
184906
186043
185777
186043
184906
184906
189965
187666
187666
187666
189965
184906
173635
185777
184906
185777
196227
186043
173635
186043
186043
178318
185777
172914
170023
186043
178318
170023
196227
166231
170023
178318
186043
178318
170023
196227
170023
166231
166231
166231
166231
172914
186043
166231
166231
170251
187572
170251
170251
160266
170251
170251
187572
189287
170251
170251
170251
189287
168496
186043
159431
166231
158494
166231
188770
166156
166156
177680
177680
177680
164810
155983
164810
155983
160076
192727
192727
192727
192727
192727
192727
195113
195113
160067
160067
187572
166423
166423
164810
163334
156359
167832
167832
163334
188770
160067
160067
158494
163334
187572
163334
167832
163334
154544
166423
155983
166423
155983
155983
187572
164722
164722
164722
158494
166132
164722
198362
198362
198362
198362
169464
166132
169464
186043
154561
166132
167288
156160
189287
166132
167041
167041
167041
167041
167041
158494
166132
189287
156448
167041
161688
166132
166132
166132
166132
167041
161688
154366
166132
166423
161688
161688
174646
186664
186664
198588
198588
198588
198588
198588
186664
156448
186664
160516
178822
178822
161688
178822
178822
153468
155703
161688
161688
161363
161688
166423
158472
158442
161326
160516
159071
159071
155181
153114
154247
161326
184035
184035
154366
154613
153617
160266
158442
154247
160067
155806
158472
158472
166423
178870
158494
178870
178870
178870
173717
178870
173717
178870
178870
178035
177920
177920
178035
173717
173717
153251
160067
179217
179217
179217
154613
179217
173717
183284
160266
173717
158442
158442
173717
158007
160067
158600
158007
158007
158007
161326
166423
166423
188075
187299
188075
188075
190174
188075
190174
187299
190174
190174
188075
187299
182859
187299
182859
163360
182830
182830
163360
182830
166423
182830
158007
182830
163360
166423
163360
163360
158007
158007
160067
154937
166386
154937
162775
162775
163360
173247
173247
173247
166386
162775
173459
173459
173459
177483
173459
162775
163033
173459
169744
173459
169744
171746
163033
166423
166423
158007
162775
158650
163360
187262
189287
187262
187262
193840
187262
193840
187262
193840
158650
193840
187262
193840
193840
158650
193840
186043
168658
168658
168658
168658
188981
190769
190769
190769
190769
166423
158007
168658
168658
186177
175660
175660
165090
168658
165090
192030
165090
164470
164470
164470
165090
165090
164470
164470
165090
175387
175387
164470
175387
175387
175387
154937
175387
154937
172728
154937
170663
172728
172728
172728
164470
158007
172728
172728
172728
165090
169781
169781
169781
169781
169836
165090
164470
160067
169781
164470
169781
169781
160067
158472
163360
164470
169781
164297
160067
164297
160067
169781
155458
154937
160067
169781
158472
160067
155458
160067
154247
154907
159875
154907
154907
168658
160067
159875
154937
155458
154003
154003
164297
154907
155882
154907
164470
155458
154937
164470
198538
168658
164297
154565
168658
164297
155806
164297
153251
193020
157723
193020
154937
193020
193020
193020
193020
157723
193020
158600
154937
193020
164470
176132
176132
173623
173623
173623
159188
193020
194782
194782
194782
194782
193020
159188
173623
173623
156448
185634
164470
172599
172599
185634
172599
172599
172599
154247
158930
199963
155806
154265
188287
188287
188287
199963
173918
188287
188287
173918
154937
153482
179695
152942
153114
154937
188287
188287
188287
199963
152942
152942
172599
172599
153617
199963
153114
154937
152942
154928
154928
159875
152789
163321
199963
163321
152789
163321
152789
177852
177852
188287
177852
177852
177852
188287
177852
188287
188287
177852
153251
163321
177852
166713
186773
166713
159875
188287
166713
186773
166713
188287
166713
156127
172599
153633
188287
153633
164470
153468
155863
158462
186773
155863
172599
155863
172599
155863
153114
158718
154937
156359
172599
179364
185634
154821
179364
179364
153034
157109
172599
155882
153468
185634
153477
172599
172599
154366
172599
166181
156648
164470
163321
168612
194660
194660
161642
194660
164470
163321
161035
161642
164722
194660
194660
161035
194660
194660
194660
154613
194660
176802
154839
156228
169103
156127
153095
169103
160883
169103
160883
160883
180919
163321
180919
180919
196156
185091
169103
153617
169103
154613
169103
185634
154821
154613
152867
173419
173419
195847
177676
177676
177676
177676
153169
199098
199098
199098
193223
193223
157109
193223
173954
193223
173954
193223
193223
193223
185634
195109
195109
179592
164404
180829
153080
180829
152942
177676
163321
196319
157259
153080
157259
173419
180829
156632
156632
180829
169103
153080
153169
177348
179592
177348
180829
156632
177348
175260
175837
182129
182129
192008
192008
159742
196504
186043
196504
196504
167082
175837
179592
175837
167082
179592
175837
175837
159812
175837
175837
159812
175837
175837
197330
167082
153407
197330
156632
197330
167082
183251
183251
160237
160237
160237
183251
183251
171313
183251
183251
183251
183251
173991
173991
183505
183505
167082
193998
173991
193998
193998
175837
193998
193998
167082
175837
173991
167082
175837
193998
193998
175837
153080
173991
167082
173991
173991
171313
154366
153095
174951
171313
183361
174951
171313
174951
156632
167082
164062
167082
164062
195583
164062
170061
195583
156776
158581
195583
163753
185298
185298
170061
158581
185298
185298
164062
163753
185298
159670
175373
175373
167082
185298
185298
175373
154937
156632
175373
156632
192000
192000
159670
156632
159812
158581
158581
177900
171313
159670
158581
180659
158581
171313
158581
158581
186483
186483
186483
186483
186483
158581
165679
158581
158581
185634
171313
165679
158581
158581
158127
155458
158581
155863
158581
157931
157931
165679
186512
158581
158581
177595
172849
177595
177595
177595
177595
177595
177595
162906
172849
194076
194076
194076
194076
172849
172849
172849
162906
162906
158581
167082
156359
155458
162454
167082
157875
162454
162454
156007
162906
157931
158581
157875
166239
166239
166239
166239
167082
166239
167082
157875
166239
166239
166239
155073
166239
157875
162454
166239
166239
166239
181163
156007
155073
166239
181790
166239
166239
164233
157796
157796
164233
166239
166239
186043
162906
166239
158581
155073
186662
186662
186662
157796
186662
157259
177114
168301
168301
177114
168301
177114
177114
191275
191275
191275
174495
168301
157796
166239
180623
168301
166239
157796
174495
168301
174495
168301
168301
156007
155337
174495
174071
166239
153617
155337
157259
157259
166239
156007
157259
157875
157875
153617
155073
189114
189114
189114
155073
157875
154561
191275
154366
157875
155073
153468
192322
192322
192322
153169
155882
166239
155337
155181
166239
155073
155882
157285
155863
155073
189114
185960
178097
178097
178097
178097
178097
178097
171746
152894
153169
157875
180659
153114
157875
174788
174788
155458
157875
174788
174788
159742
164228
159742
152789
159428
174788
153080
154366
153169
174788
152789
156160
161208
153114
152921
154561
153477
153275
157285
152942
171076
153415
157285
153468
152753
155073
155711
155073
156127
154265
153169
158494
153080
156127
155073
186198
186198
152942
156127
153477
162076
154821
156448
190447
190447
165566
153114
159123
187667
162076
187667
152894
160289
152921
153251
162971
159123
187667
163364
187667
152921
187667
178862
187589
170613
178862
170613
170613
170613
170613
170613
170613
186043
170613
170613
170613
173913
173913
173913
167300
170613
167300
170613
185611
170613
170613
170613
178993
170613
178993
167300
178993
173931
173931
178993
173931
173931
173931
172005
172005
172005
172005
165566
172005
172005
156054
172005
172005
172005
172005
172005
172005
172005
165566
172005
172005
167300
167300
169417
169417
166667
167300
167300
177566
166667
165767
165356
166667
167300
167300
165314
165356
156354
166667
167300
165767
165314
166667
165314
165314
177566
166667
165314
165767
165314
156253
165767
183420
165767
185048
183420
183420
183420
183977
183977
183977
177566
177566
183977
157120
157120
177000
157120
183977
177000
165767
157120
183977
157120
157120
165767
157120
157120
183977
183977
158600
183977
156354
156448
159123
159123
156354
195688
195688
157750
195688
195688
195688
195688
167845
156054
167845
195688
153188
167845
159153
157750
159153
159153
159153
159153
159153
195688
159153
159153
159153
177566
160076
153188
153795
159153
186043
161400
161400
156054
161400
158525
158525
158525
178618
178618
174574
156054
159848
174574
156322
164256
164256
174574
178618
158525
156253
159153
159153
152912
178618
156054
159848
178618
159153
155806
159153
154692
178618
154366
153188
155882
154692
162234
159153
153080
153347
153188
153407
154692
178618
154692
155073
192620
196007
192620
192620
192620
192620
187594
187594
187594
187594
187594
187594
183310
183310
183310
183310
183310
183310
183310
183310
187594
178264
178618
174999
183310
183310
174999
187594
155645
159630
159221
189708
153169
189708
182643
182643
174999
182643
180199
182643
182643
164460
167069
167069
157109
182643
164460
167069
167069
154692
167069
189708
179013
154692
162076
179013
179013
179013
179013
167069
185491
157109
185491
185491
185491
185491
155073
163208
153477
153188
154366
153634
177563
152942
189708
154561
167069
156448
153477
167069
192042
192042
197787
197787
153347
197787
154853
152912
153080
192042
192042
154265
153188
153795
152894
154613
167069
155645
153482
154561
153837
156322
154692
154692
155981
167685
167685
167685
153034
167685
167685
153001
167685
167685
167685
167685
167685
153001
154839
157109
154692
154565
156253
154565
158284
160516
165702
174519
165702
165702
165702
153034
152871
165702
156359
194127
194127
160516
156112
160516
156112
173031
173031
173031
198515
185773
198515
156359
152942
167069
173031
195345
173031
153114
189708
161983
153034
161983
173031
152878
173031
168604
159630
153617
159848
158766
152908
153634
153472
153634
163059
163059
154007
183747
153406
156160
156359
159848
153350
155711
153350
160516
154937
159848
199174
183747
160516
160516
184200
152871
199174
183747
158097
178626
184200
178626
153350
178626
158766
164790
164790
160076
162210
157681
157681
157875
157681
160768
157681
154937
152894
154613
153169
152894
154853
153518
157681
160516
189708
160935
189760
189760
155458
189708
153468
184398
157681
184398
154565
154366
156359
153634
194312
153468
160516
194312
159130
153415
159130
160516
155003
159130
159130
159130
155003
155003
155003
199674
156448
155003
154565
199674
155882
155806
153275
155003
155003
199674
155003
155882
152825
158766
155003
155073
160516
156359
158097
182834
159428
175043
182834
182834
182834
153634
182834
175043
155806
182834
157681
163369
199674
153095
153169
154487
153406
152942
159071
152825
153477
156359
152908
152789
157875
197467
156253
199674
155981
153617
159179
159071
186083
161208
186083
155863
174620
159428
155073
155806
174620
174620
152878
174620
152789
161002
199674
152878
156776
174620
175506
175506
153169
153518
152894
199674
153095
199674
191888
191888
188247
188247
188247
188247
188247
188247
188247
189008
155806
152871
152912
153275
152894
153518
153095
168508
152825
175770
153617
168508
188247
168508
168508
159221
161993
156253
152942
168508
153080
159848
152789
152894
153001
177991
156027
167069
153275
154937
161722
155645
161722
166665
161722
161722
159071
154487
154821
152894
178039
178039
178039
153518
154561
185611
178039
178039
154613
152942
152789
153617
172977
154937
156027
156659
153617
153795
175789
153332
153415
152825
153350
157875
173632
175356
152908
181267
181267
175356
153518
153518
175356
175356
175356
152878
160281
175356
152809
157875
191795
181267
175356
182651
182651
171733
171733
160281
164148
159469
181267
184722
159469
160281
159469
181267
159469
160281
184722
158766
155377
181267
153407
159469
155377
155377
159469
184722
152912
153407
164148
158540
153472
196938
196938
152942
196938
196938
196938
184722
196938
185780
185780
185780
152789
155458
188312
159630
161177
153251
161177
155981
155882
158766
153518
161177
154937
161177
161177
155882
161177
180003
183250
183250
195529
183250
195529
183250
183250
183250
183250
183250
195529
183250
183250
183250
183250
195529
183250
183250
195529
183250
183250
183250
183250
155882
166018
191422
191422
155882
166018
181267
166018
166018
166018
154937
153350
184607
166018
159071
176775
176775
159221
155703
176775
168835
184856
184856
178295
182952
182952
182952
182952
182952
178295
166394
166394
181267
193918
193918
193918
198063
198063
198063
193918
166394
153477
166394
176846
176846
184722
176846
176846
153169
166394
153350
153617
176846
176846
153080
174699
153034
174699
171312
171312
157074
176846
176846
158766
185398
159630
185398
157074
155863
181267
152871
158766
153406
173168
173168
173168
157681
173168
155981
184210
155853
184210
153634
184210
184210
184210
184210
184210
167060
184210
152942
155853
184722
167060
167758
193148
167758
174026
167060
174026
174026
184210
167060
184722
153034
178525
169739
178525
178525
178525
188857
178525
178525
191344
191344
191344
191344
191344
191344
178525
178525
178525
171330
191344
178525
171330
154853
191344
178259
178259
178525
178259
178259
188857
191344
178259
158664
178259
174896
174896
171330
183940
174896
191344
174896
178835
174896
174896
197495
171837
158664
158664
158664
178835
169739
158664
180286
167060
158664
156794
180286
158664
169739
167060
180286
180286
167060
169739
156534
153512
178835
158915
178835
153512
153512
184722
153512
167060
154565
158915
160930
153512
158664
153512
153512
158664
153512
153512
167991
179834
179834
185235
185235
167072
167072
158664
153512
156534
158664
172977
153350
153512
185235
152825
155645
154565
167072
153080
158280
158280
181267
167072
153080
167072
152753
185235
155058
153512
154565
158280
159289
159289
159289
158280
159289
153512
153472
159289
157274
158280
187779
167991
159428
159289
167991
152908
159289
159289
153407
167991
159289
163027
163027
163027
186575
163027
163027
186575
186575
167112
167112
167112
167112
167112
167112
177547
186575
167112
186575
169791
188386
169791
167112
198140
198140
198140
169791
173535
198140
198140
173535
168312
169791
173535
169791
169791
169791
168312
168312
169791
174619
174619
155348
157274
155348
174619
186575
156407
174619
167112
174619
186575
167112
167112
156407
179420
179420
167112
179420
179420
179420
195636
179420
194489
194489
179420
179420
179420
179420
156407
162131
156407
163027
167991
167112
167112
181267
167991
155458
156027
155698
155698
156027
158260
153500
155348
160516
175386
155348
175386
155348
153500
155853
162131
153500
155748
153500
175386
167991
153500
162135
197959
197959
197959
167991
197959
154561
175386
153500
153500
155348
175386
153500
153500
189228
177943
189228
177943
189228
180768
187176
187176
187176
187176
153500
192109
192109
192109
176906
176906
176906
176906
155348
187054
176906
170892
176906
187054
187054
160957
167991
160957
154746
167991
167991
155348
154746
160957
155348
162135
154746
155348
167991
187054
199618
199618
199618
167991
199618
168744
182643
192327
192327
168744
192327
192327
192327
192327
192327
192327
168744
192647
192327
192647
168744
192647
168744
187054
192647
192647
195168
195168
163302
187054
195168
195168
195168
174250
174250
163302
193754
165822
168744
193754
165822
199952
174250
166940
165822
166940
163302
165822
163302
165822
165822
165822
165822
163414
187054
163414
163302
165822
187054
165822
168744
165822
165822
165822
163008
165822
168744
168744
165822
163008
165822
163302
163008
183890
187054
165822
162962
165822
154871
160957
154871
187054
191454
165822
165822
191454
191454
191454
162962
160957
162962
191454
191454
191454
162962
191454
165822
191454
154746
154871
165822
181238
181238
180271
180271
190161
180271
154871
165822
165822
190161
171480
155458
155863
190161
190161
162135
154746
154746
191974
155726
154871
191974
154937
162135
191974
158260
154913
154746
180061
180061
180061
187054
197788
197788
167991
180061
197788
180061
176440
197788
167709
167709
197711
197711
180271
174895
174895
167709
174895
167991
174895
187054
164399
167709
167709
180271
167709
197378
197378
197378
197378
197378
167709
197378
167709
197378
197378
197378
199560
199560
199560
199560
199560
197378
199560
199560
166680
197378
197378
190772
197378
190772
156144
168200
197378
197378
156144
190772
190772
190871
190871
190871
190772
190871
190871
187054
190772
190772
190772
168200
190772
190772
190772
190772
168200
190772
164399
168200
164399
168200
172724
190772
164399
167709
168200
164399
172724
181267
181267
193487
193487
193487
193487
192068
192068
189997
197171
178347
192744
192068
159817
164399
190772
159817
166052
180740
180740
166052
169920
190772
166052
190772
166052
159817
168200
159817
168200
168200
159817
166052
159817
162542
166052
153347
159817
168200
159817
156225
166052
172281
172281
172281
172281
162542
168200
156225
168200
158379
158379
162899
161612
167991
162542
156144
162542
161612
161612
161612
161612
176822
176822
161612
162542
161612
159817
162542
156144
162542
161612
161612
168755
161612
161612
161612
156294
161612
181844
181844
161612
181844
181844
181844
181844
172977
188816
156144
188816
188816
188816
197222
156294
172977
156294
167036
182483
182483
182483
166303
186272
186272
166303
186272
186272
186272
182483
182483
186272
181057
182483
186272
193752
193752
191144
191144
193752
191144
191144
186272
166303
191754
191754
191754
191754
166303
159846
167850
166303
167226
168755
167226
194314
183212
194314
194314
167226
194314
183212
198512
198512
167991
183212
175586
198512
175586
198512
175586
199394
175586
167226
198512
167226
183212
167226
167226
167226
167226
198512
166303
167226
198512
167226
167226
163509
166303
171863
183212
171863
183212
167226
188736
188736
188736
183212
171863
171863
182901
182901
182901
163509
182901
182901
167226
167226
168641
182901
161225
198452
198452
198452
198452
198452
198452
198452
198452
194956
194956
192416
192416
192416
192416
182901
192416
182901
182901
192416
182901
171413
171413
192443
163509
171413
178902
192443
178902
178902
177220
182901
178902
178902
192416
177220
192416
192416
177220
171413
178902
161225
161225
154093
159071
163509
165132
182901
163509
165132
165132
165132
180745
180745
186949
186949
186216
180659
186216
180745
186216
180745
156144
180745
156571
159067
161612
161688
161612
161612
158379
159846
161612
156144
156571
159067
168755
159817
159846
163509
154746
180659
178498
178498
165589
156144
163509
161612
154899
161612
161612
154871
161688
154746
159067
188841
156144
156144
168755
159067
159067
159067
161612
154746
159071
175105
157954
156144
164070
164228
164070
164070
158274
164070
154530
158274
156294
154530
156294
154530
171746
156144
154530
164070
159071
157954
164977
171395
156294
168169
154530
168169
166493
156801
166493
199397
199397
166493
168169
199397
181146
189260
181146
174056
181146
199397
190253
174930
199397
174056
199397
181146
174056
172734
174930
174056
174056
172734
172734
172734
191194
187055
197689
168855
168855
158107
172734
170801
170801
172734
170801
168693
171746
192659
192659
176697
188820
188820
176697
176697
176697
176697
191194
176697
191206
191206
154530
191206
177321
191206
177321
177321
164666
162606
166665
174012
164666
164666
174012
166493
158649
158649
177321
158649
177321
174012
157815
157815
162606
162606
162606
157815
156144
165556
165556
177321
162606
162606
156405
164037
164037
164037
164037
165556
164037
180838
180838
180838
165556
180838
180838
160200
162606
180603
164037
180603
180603
156405
154530
160200
177321
180603
163156
158649
180603
156405
154899
162606
162606
163156
175510
177321
162606
193187
195315
193187
189965
189965
193187
160200
193187
189965
164262
164465
193187
171746
171395
154899
162606
154530
164262
160200
154899
162606
162606
164037
164037
164037
154093
162606
168169
156785
154899
162606
168169
160200
168169
156801
180659
158649
153625
154101
160200
154899
166665
169497
156801
176013
169497
175736
171935
169497
169497
167108
167108
169497
167108
153625
167108
154855
167108
154855
153555
156801
155153
169497
156869
154855
154855
154855
187248
187248
187248
160200
167057
167057
167057
167057
167057
173734
154093
173734
173734
167057
187420
187420
187420
172297
173805
172297
173734
159965
173734
173734
154855
169497
159965
169497
154855
188518
188518
188518
188518
188518
173734
156869
156801
173734
173734
156785
176537
176537
156785
156785
185800
185800
185800
185800
176537
176537
185800
176537
176537
185800
161727
161727
185800
185800
161727
161727
161727
161727
198351
198351
188892
198351
198351
198351
198351
198351
198351
198351
198351
198351
194205
198351
194205
194205
180744
178428
194205
194205
180744
194205
168557
194205
194205
168557
184260
194205
178428
184260
184260
172722
178428
172722
168557
172722
191230
185800
189101
180852
168557
189101
180852
180852
185800
180852
156785
180852
167903
199911
199911
199911
191629
198505
198505
198505
180852
168557
198505
198505
180852
193156
198505
193156
193156
194205
193156
193156
193156
193156
193156
191984
191984
194205
180852
167903
191984
167903
168557
167903
178428
178428
176537
167903
167903
175543
176537
176537
175543
175543
175543
167903
167903
176537
198113
198113
167903
167903
194205
162647
166898
175543
162647
162647
162647
160200
176537
186171
158897
158897
162647
176537
176537
162204
158897
162204
162204
175543
162204
160200
192227
162204
169497
158897
192227
162204
192227
158897
158897
192227
154086
158897
154093
156144
197746
197746
199130
199130
166859
154070
166859
166859
154070
166585
166859
168755
154093
176537
198807
166859
166859
160190
169497
160190
160190
158138
158138
166680
164037
165556
176537
164190
164190
165556
162058
154070
154070
160972
158138
160972
158138
160972
160200
160200
179423
179423
179423
179423
179423
154093
179423
160200
158138
160200
156144
158138
154093
156785
161993
153625
154086
164037
160935
154093
156785
186972
186972
186972
184369
184369
153969
184369
184369
184369
155808
169681
169681
184369
169681
153969
154093
154086
154070
153969
156808
156808
156808
176537
156808
156294
160200
165556
156808
156144
196748
153625
169497
156808
168833
168833
161139
161139
168833
196748
176537
156294
161139
196748
165556
196748
184613
184613
156294
156281
156281
156281
156281
165556
161139
153969
156294
154070
161139
161139
153625
153555
153529
196134
167082
187607
187607
176844
187607
153500
165556
176844
187607
180496
180496
180496
180496
180496
169597
180496
156294
180496
169597
153529
156141
153625
155153
155863
155153
180496
153529
153529
180496
161139
153309
189710
161139
189710
189710
189710
153309
164070
171657
152789
171657
171657
171657
152773
171305
171305
171305
171305
158649
152878
164070
154687
155234
160190
152942
171305
156281
174653
174653
174653
174653
197492
174653
174653
171305
164037
154687
160200
166665
198038
198038
155726
154687
198038
152912
164040
164040
164070
154913
164070
155153
158649
152753
188848
153347
188848
152908
170613
198038
187623
153529
197108
197108
197108
197108
197108
197108
178414
186026
197108
197108
198038
164736
176885
176885
197108
197108
197108
198038
196205
197108
196205
196205
189872
196205
196205
187623
196205
164736
188848
164736
164736
196205
189872
196205
164736
196205
189872
164736
189336
189336
189336
164736
164736
187623
186026
163615
188848
188848
176885
163458
176885
176885
163458
176885
175473
158621
158621
158621
158621
158621
175473
175473
188848
175473
188848
155014
164040
188848
158649
167902
167902
155014
155014
155014
158621
171823
172971
167902
172971
167902
167902
167902
167902
171823
167902
167902
172971
167902
167902
154585
167902
167902
154585
158621
164037
155014
154585
164037
155703
167902
154585
155726
155014
187975
187975
187975
187975
155863
155981
187975
192862
192862
160200
192862
192862
155014
187975
180574
175789
175789
175789
175789
153936
152753
175789
175789
172466
175789
186901
186901
172466
186901
153936
155645
177996
177996
177996
153936
153936
164070
186612
158649
170394
164037
154585
153936
153936
154839
160200
153936
152773
154839
152878
158649
188942
188942
152871
188942
163374
163374
163374
158897
163374
188942
163374
152908
188942
156281
155159
154687
179214
155863
179214
179214
179214
179214
179214
158649
171746
156281
156281
176913
152867
184040
176913
153529
192640
176913
192640
192640
195870
195870
157381
152878
192640
190370
190370
162535
184267
184267
190370
190370
184267
173457
173457
171873
173457
173457
179214
158847
169132
163546
177344
153301
177344
163546
173457
162980
162980
157518
186741
162535
173457
186741
186741
186741
155014
199190
199190
168566
168566
162535
168566
164070
162535
158847
158847
164040
162572
162535
164040
164040
162535
162535
153309
157518
164040
153625
189682
189682
189682
189682
189682
181759
153301
181759
181759
181759
181759
153625
181759
155726
153625
177275
166681
166681
166681
177275
153000
177344
157518
166681
161394
177275
172847
155703
172847
177275
195958
195958
195958
153500
195958
177275
177344
195958
153301
195958
156359
158621
168636
164040
160085
160085
166681
166681
177344
160085
154687
153169
189682
160289
158664
155703
154446
154446
167720
174093
169935
169935
169935
169935
169935
192028
169935
177344
192028
167720
167720
192028
166902
166902
166902
166902
168725
154585
178594
180986
168725
166902
166902
153301
153000
163412
183409
154585
154853
199844
152871
155645
155645
177118
153301
153301
154951
155181
155645
152942
176897
199844
153301
176897
153625
176897
154839
155645
155014
153347
155645
153500
153000
153406
154398
176897
176897
176897
160875
153000
154853
153169
154853
155645
160875
153301
194518
194518
194518
194518
154093
155599
155863
166902
193803
153512
154093
193803
187731
187731
155853
174743
155599
193803
155645
157274
174743
189682
174743
189027
189027
189027
189682
188038
160190
179829
179829
155645
181169
179829
179829
154093
188038
181946
188038
181946
153512
155477
181946
181946
152753
174743
174743
174743
152773
174743
155645
174743
193803
158664
155014
163412
158621
154561
153169
152929
153309
158585
163412
152871
179532
198701
163412
188038
179532
179532
179532
196448
179532
179532
195275
179532
158426
158426
153350
177343
159401
177343
177343
177343
159401
184640
184640
158426
159401
182346
160930
158426
158426
184640
158426
189682
177386
177386
179214
177386
159215
158426
160077
159215
158426
159759
184640
159759
159215
184640
160077
193803
152743
156134
159221
156134
184640
184640
157681
153332
196913
186449
186449
186449
196148
196148
196148
196148
154857
196148
186449
159630
152749
175043
154857
152825
152867
154951
152749
154913
191065
191065
186449
152929
166787
166787
157381
154913
158621
159071
172090
183875
154913
154857
153332
172090
155181
153103
153103
153251
154857
153332
157954
155703
158897
158621
193199
153103
193199
160190
152844
154853
160190
153103
154093
159221
153625
155599
154951
154265
157381
152871
154635
153625
196397
196397
196397
196397
196397
196397
196397
196397
194817
190439
188729
188729
188086
188086
188086
157375
192048
188086
192048
166471
157381
157375
192048
152753
157375
166471
166471
166471
188734
153103
192048
192048
153359
192048
166471
192048
166471
166471
157375
156434
156434
156434
156434
166471
170550
170550
166471
170550
157375
157375
153359
153472
153359
155599
153472
152871
166471
166471
157375
154093
152743
155181
152773
169149
154398
153500
169149
192048
194817
174643
169149
169149
169149
169149
194817
169149
169149
155645
169149
152929
160289
153500
153103
153500
153103
154913
157381
192048
187318
166471
166471
152871
192048
152929
155645
155477
166471
154613
187318
152844
163509
163509
195109
154613
195109
195109
176091
176091
160190
187271
176091
176091
176091
176091
176091
171888
176091
187318
171888
155599
157375
163509
163509
196134
163509
196134
196134
198470
163509
196134
196134
170613
196134
196134
196134
196134
155599
157375
152929
156882
155645
196804
196804
154687
196804
199408
199408
199408
199408
179756
196804
196804
152809
199343
153407
196075
196075
196075
153169
155645
196075
196075
152929
196075
196075
196075
196075
196075
192467
192467
199343
152844
196075
196804
196075
178259
192467
196804
165057
196804
192467
165057
165057
165057
181380
165057
181380
181380
178259
165057
196804
180834
174721
165759
165057
165759
199343
165291
165291
178259
165759
165291
165291
174721
174721
170183
153567
157418
157418
196211
196211
196211
197014
196211
197014
196211
188339
186284
186284
188339
170674
170183
170183
180786
164388
170227
180834
174721
170183
174721
174721
168607
176989
176989
170183
170183
180834
176989
153567
180834
176989
180834
168607
168607
170183
176989
176989
168607
165057
170227
170227
156882
165057
165057
168607
168607
168607
165291
170183
161896
156882
170227
174922
157418
174922
187528
157418
165291
170183
172078
170227
165057
165057
165057
165057
159528
170958
171431
156882
165057
171431
156882
164841
179049
179049
170958
179049
172973
165057
179214
164841
152844
153567
164883
153567
164883
153567
160720
165291
164350
171431
164841
178120
152743
160720
178120
164841
164841
199317
160720
196465
189248
160720
181408
156989
156989
181408
152856
181408
156989
155599
181408
199599
166471
165568
183594
183594
181408
183594
165568
183594
154690
152844
160720
154951
154690
152789
155181
160720
154690
155645
156141
155181
155477
154690
171700
152844
155073
160720
153332
166822
166822
158193
153567
152825
160386
152516
162363
181416
181416
181416
181416
198014
169752
195719
195719
195719
195719
169752
162363
181416
162363
181416
181416
192880
153407
192880
192880
183086
183086
157375
169752
181416
163892
162363
162363
181408
162363
163892
162363
152878
153500
166471
160386
160386
153359
154690
153169
153769
152844
160386
174135
174135
174166
174135
174166
158989
174135
153103
158989
160386
174135
160386
160386
189743
160386
181408
154093
160386
174135
189743
153769
154093
152867
156846
158989
158989
153769
193545
163892
158989
156846
180051
180051
180051
189743
180051
180051
180051
180051
176360
176360
180051
176360
189743
171087
176360
176360
193001
193001
191382
176937
189747
188747
186587
186587
188747
176304
173862
188747
173862
188747
183818
183818
183818
183818
171087
171087
183818
189743
183818
183818
183818
176161
176161
189743
169995
169995
173862
173862
169995
173862
173862
176161
169995
154410
176161
169995
176161
169995
176161
169995
154410
153407
171087
169995
173862
169995
171087
153294
169995
176360
153275
171087
157375
173862
169995
167000
173320
153512
153275
192626
192626
192626
183818
192626
169995
191632
191632
191632
191632
191632
191632
191632
187414
191632
191632
191632
187414
186816
187414
191632
185634
187414
187414
172163
193297
193297
193297
186816
186816
186816
183705
185634
179052
183705
183705
183705
185634
176360
183705
172163
168869
185634
157168
185190
168869
172163
172163
157168
172163
172163
185190
172163
172163
157064
185190
158989
178431
194314
194314
194314
194314
194314
194314
194314
194314
157064
178431
178431
167902
157168
163892
178431
178431
178431
178431
166471
157064
157168
157168
157168
178431
157168
178431
157064
167000
167000
167000
154767
167000
163159
167000
185505
167000
185505
185505
192205
185505
192205
192205
185505
168155
185505
169995
163159
155218
157168
163159
155863
193777
193777
193777
193777
193777
193777
193777
193777
177987
154767
155599
198193
190196
190196
190196
190196
154767
190196
187727
190196
182761
154690
187727
154690
173862
165794
179909
165794
165794
179909
179909
184912
165794
184912
179909
184912
167000
165794
179909
154690
154767
167000
152912
189831
161698
158989
189831
179909
161698
166367
198050
198050
198050
161698
198050
179909
166367
166367
179909
166367
179909
179909
166367
166367
166367
166367
166367
153301
157168
154767
157064
155073
154093
173862
169995
154767
166471
154767
190134
190134
190134
190134
190134
190134
154767
155181
169995
154046
190134
169995
154410
186066
186066
191094
191094
190660
190660
199583
199583
190660
191094
191094
190660
191094
158600
190660
184946
186366
184946
190783
190783
190783
186366
154410
186366
186366
186366
184946
155599
153406
184946
184946
156027
184946
184946
175521
176553
175521
175521
175521
154046
164061
175521
190134
175521
153332
190134
152809
175521
175521
185505
175521
152852
172388
172388
172388
153567
153567
152625
185793
185793
199475
152867
172388
153251
190326
190326
153371
190326
187026
184599
187026
187026
187026
199475
187026
187026
187727
184599
184599
184599
153275
184599
190134
168922
185505
168922
185793
185793
152871
152878
185793
185793
176497
176497
187727
182879
182879
182879
176497
176497
153477
172388
153103
185793
152753
190196
155153
152878
190134
169995
172388
172388
172388
152844
154046
154046
152844
152749
155477
171950
155285
152825
174135
155477
154722
154410
155882
176497
192867
176497
153169
155703
155645
176497
152844
152844
154561
155477
182878
182878
182878
182878
182878
188898
188898
188898
188898
182878
182878
188898
182878
182878
182878
188898
182878
177471
182878
177471
190134
177471
177471
188898
188898
152743
177471
177471
177471
177471
168314
177471
177011
168314
153019
168314
168314
155458
154951
153301
154690
153301
155181
158193
152844
152753
155477
155981
153118
193384
155285
155477
169995
153371
182472
155153
153567
155285
155975
155975
155975
167236
155975
157381
155975
156882
155975
152743
155224
166281
152844
152743
169995
155224
155224
166281
153795
155224
152809
152844
152852
153275
152852
155477
160190
154046
169995
158600
192770
192770
192770
152743
159872
155645
159872
154857
159872
159872
152852
152809
153019
155863
155477
153500
153275
153406
155806
153301
155477
152856
154613
156141
152743
159804
182472
154690
152806
155234
185793
185793
152852
152844
182472
155703
155477
153275
152844
183727
164223
164223
158600
164223
184686
184686
164223
164223
155224
153251
164223
175784
175784
175784
175784
175784
196065
164223
175784
174441
175784
174441
174441
174441
174441
158534
176497
158534
174441
153332
152871
174441
185793
164223
155153
174441
153294
160535
160535
152516
174441
176497
160535
160633
152789
191227
191227
167892
191227
189771
189771
189771
189771
189771
189771
189771
189771
190877
182398
164628
190877
182398
182398
197509
182398
197509
197509
180808
182398
180808
197509
197509
180808
177920
197509
180808
182398
177920
180808
180808
177920
180808
177920
180808
182761
170850
170850
170850
178226
164628
164628
187571
187571
178226
177920
170850
164628
164628
164628
174441
160535
164628
157936
161123
195216
162770
161123
178226
195216
157936
179033
195216
179033
161123
161123
154857
195216
179033
160633
182398
198453
174441
174441
169723
178226
195216
183469
172728
183469
183469
183469
185793
180601
180601
170594
183469
183469
154857
188135
188135
188135
178226
188135
188135
173563
173563
195695
195695
173563
176333
176333
173563
176333
169723
176333
175774
175774
175774
173563
173563
173563
195216
173563
173563
183824
183824
183824
170594
192619
183824
183824
183824
165702
171659
192619
192619
192619
170594
165702
171659
170594
169723
169723
169723
167113
169723
165702
165702
183824
170594
167113
170594
165702
180543
180543
180543
180543
187709
187709
187709
195241
195241
187709
187709
187709
187709
195241
195241
187709
187709
198644
173722
198644
198644
198644
198644
180543
198644
198644
173722
173722
165144
173722
173722
154857
198644
173722
183824
173722
198644
173722
165702
183244
183244
183244
181140
181140
181140
165144
181140
181140
160633
165702
181140
161945
161945
167113
167113
181140
167113
181140
167113
164902
183824
159938
161945
161945
159938
161945
161945
165702
190580
190580
190580
190580
190580
190580
192096
173353
173353
184376
192096
173353
197441
189742
194328
186075
194328
194328
186075
181140
173353
187621
187621
187621
194328
187621
189742
189545
189545
189742
196684
189545
187621
188930
188930
173672
173353
196526
173353
187621
173722
181140
174785
174785
173563
174785
174785
166535
165059
160633
165071
181140
173722
174785
165071
165071
181140
160633
160535
174441
190387
190387
190387
160535
164902
166535
160400
164902
183193
160400
159938
166535
173353
173353
165702
160400
159938
160400
159938
164644
173468
173468
173722
159938
162325
162325
173468
162325
162325
162325
183193
159938
154587
157936
159813
173353
159813
167277
162325
159456
173353
166898
183193
166898
165702
173353
157426
166898
165702
157936
159813
179855
179855
179855
179855
179855
179855
179855
179855
179855
157426
179855
179855
162325
179855
162325
164644
179855
183193
165144
159813
157936
159938
179855
179855
179855
160400
160400
160071
174691
160094
165702
174691
157936
165702
165144
157936
174691
164644
179364
179364
160071
178226
159456
179364
190374
199847
182761
199847
199847
199847
190374
165702
190374
190374
157426
160071
190374
166915
194085
157936
190374
190374
187368
187368
187368
187368
187368
190374
187368
159456
160094
160094
165059
164644
160071
174691
194054
178823
178823
167112
174691
157936
157936
179787
190374
176319
178226
176319
176319
156907
176319
176319
167275
190374
160071
186690
167275
186690
183290
183290
167275
186053
186053
157936
183290
186053
175304
186053
175431
173468
175431
175431
175431
160094
167275
174785
183124
167275
174785
167275
183124
167275
173563
165632
167113
198513
198513
165059
199037
199037
199037
199037
199037
198513
199037
165632
198513
198513
198513
199037
176904
176904
199037
198513
175206
176904
176904
175206
173468
173563
158440
174691
175206
173563
174691
165632
165632
190472
190472
190511
190511
190472
190718
190718
190718
190718
190718
190472
180212
190472
180212
190472
190472
180212
180212
180212
172472
172472
172472
180212
180212
180212
165632
170594
174001
174001
174001
180212
160071
171628
174691
172472
158440
171628
171628
167275
171628
171628
171628
174018
174018
174018
174018
159762
174018
160094
158440
160094
165632
165059
175997
158440
160071
197717
165059
179214
197717
174018
175997
175997
175997
167405
166624
166624
188529
178358
165649
160071
165649
160071
158440
165059
158440
167405
158440
167405
167405
194222
158440
194222
194222
194222
158440
167405
157936
167405
167405
191770
174018
160094
166535
191770
158440
191770
159762
158440
167113
159468
191770
191770
179953
166535
166705
193654
167113
166705
166705
167113
166705
159468
167113
178358
166705
167805
167805
167805
167805
178358
179214
167805
167805
158440
167805
158440
157426
167113
160071
160071
160071
160071
157936
179902
179902
189430
179902
179902
179902
179902
179902
179902
189430
179902
178358
157936
196575
179902
179902
179902
165632
165632
168469
168469
168469
168469
168469
166705
168469
168469
159813
178358
168469
168469
195876
195876
157426
156907
195876
159813
157426
166535
157426
166535
159813
166535
166535
166535
156907
160071
156086
167902
157936
165059
157844
165144
157844
191593
191593
191593
191593
191593
191593
156086
165059
165059
166705
156907
162791
164902
156907
195160
195160
195160
195160
195160
159813
156907
165059
164902
164902
166705
165059
166471
164902
165059
165059
164902
164902
164902
164902
165632
156188
159067
162791
164644
165649
156086
166665
156907
162791
159067
176001
176001
176001
176001
176001
176001
176001
196633
160094
167902
159067
166705
159067
190061
190061
190061
190061
164644
160071
164644
159762
156188
160094
166456
162791
164644
160071
163825
162791
182539
166378
182539
166378
166378
174768
159067
163825
164016
156086
163825
163825
162791
159762
166705
159067
160138
167902
160138
159813
160318
186570
162791
160318
186570
155775
160071
186570
157936
160071
186570
157936
160071
157936
160318
159813
159762
163159
156907
156086
158440
158699
155590
157936
166705
156907
157844
156086
158440
158440
157844
159762
157936
155775
159762
181796
159813
181796
159067
163159
156907
188372
188372
188372
188372
188372
188372
171212
171212
157426
166177
166177
157936
166177
169301
169301
169301
156907
179153
167891
179153
179153
178475
179153
178475
178475
182670
186664
182670
199900
182670
178475
178475
199900
182670
199900
182349
180846
182349
178475
179153
179153
182396
178475
178475
178188
179153
178188
179153
182349
178188
178188
179153
182349
185467
185467
178188
166177
185467
166177
185467
165949
185467
185467
178475
179153
165949
178475
178188
168793
179153
168793
178188
165949
187569
187569
187569
178188
166177
187569
172937
187569
187569
168793
187577
187577
187577
187577
187577
187577
199512
199512
187577
187577
180453
180453
180453
179153
178188
168793
172937
186664
168793
178188
172937
168793
172937
178188
168768
168768
172937
166177
168793
169301
166177
178188
168793
168793
168768
168768
168768
168793
168768
168768
168768
168768
178188
178188
166177
168768
191207
191207
191207
191207
165949
165949
191207
186664
168793
168768
191738
175093
191738
165949
175093
191738
185386
175093
175093
165949
168768
175093
163304
165538
165949
165949
165968
168768
168768
165968
165949
165538
165949
165538
165968
165968
163304
165538
165538
165968
163304
163304
162833
163304
165949
162833
160782
191207
165538
163304
165949
165949
160504
163304
165968
165949
161086
163304
155590
160906
175680
165967
165967
175680
165967
176209
165967
165967
165949
165949
165967
176209
160906
176209
160906
155590
166785
189661
161086
156086
156086
166785
161086
161086
166785
197408
197408
161086
155590
161086
166785
160906
191207
166785
156086
190089
190089
160868
180472
190089
160868
190089
174669
191207
174669
168831
165949
168831
189713
164337
164337
164337
191207
155775
164337
165949
165949
164337
164337
165949
160011
156086
191207
156086
177833
177833
177833
177833
177833
177833
164337
160906
160906
177833
160868
191207
159895
159895
191207
160868
160504
159895
183931
155590
160720
183931
177833
165949
159895
159895
193851
156086
193851
159895
160011
165949
162582
160011
177833
191207
159895
160457
160011
160457
160457
160011
160457
159895
160457
159895
160318
160011
171631
171631
171631
171631
171631
155940
155775
160011
199001
160011
171027
199001
160457
171027
169509
171027
160457
182888
171027
182888
171027
158342
172288
172288
172288
172288
172288
174025
172288
172288
172288
172288
172288
164689
158342
164689
160011
160955
159895
164228
174519
174519
177833
174519
174519
158342
194498
194498
194498
158342
177833
171821
194498
194498
194498
159895
159895
159895
159895
165949
159895
157936
188775
166827
188775
188775
156544
156544
166827
156086
194498
166827
156933
188385
194498
156086
156907
156086
188385
155940
188385
188385
188385
191051
158342
156544
158342
167902
177512
177512
191731
163159
177512
177512
155458
167902
177512
157936
177512
155806
178312
178312
159895
159871
159871
155339
155339
155339
179542
179542
179542
191051
155590
170391
170391
155458
191051
155590
159895
159895
191051
159895
170391
170391
170391
170391
156544
156544
170391
170391
155590
178463
160119
166827
160720
160119
160720
160119
158367
156544
180317
155806
180317
180317
177367
177367
167148
177367
167148
167148
180317
159088
179105
179105
196442
196442
196442
196442
196442
164228
196442
163638
163638
179105
163638
163638
163638
167148
163638
167148
179105
196442
159088
164228
163638
179105
159871
155339
196442
155305
196442
173367
163638
156389
163159
163638
156544
163638
163584
196442
163584
155285
155112
184542
184542
155339
155806
155806
155806
155112
184542
155806
179105
155112
157292
159871
155112
159871
159088
155112
181150
181150
155285
157292
157292
157292
181150
170558
181150
170558
170558
163358
170558
170558
179105
163358
163358
157292
160119
155806
160720
155305
155305
155305
168835
155305
168835
189592
195672
195672
195672
155458
181671
154910
181671
189592
189592
159871
163159
168835
189592
159871
154587
182116
182116
176858
182116
154910
176858
154910
182116
178296
178296
178296
178296
178296
178296
182624
182624
184034
184034
184034
178993
178296
181671
178993
182116
182116
159871
155285
154910
168835
154448
155112
159871
159871
181671
176874
160119
176874
168835
154448
176874
181671
179409
174486
179409
179409
179409
179409
179409
179409
179409
181671
179409
174486
181671
174486
160343
160343
179409
174486
175937
175937
179105
154448
168835
175937
191802
156643
168835
174486
159428
159871
158910
156544
158910
159843
154448
159871
179105
155775
154587
158910
154250
154250
160720
193603
193603
160119
154081
163159
176013
176013
176013
176013
153605
153605
159088
184020
156907
184020
159814
154587
158750
153275
189058
159895
189058
183173
179105
183173
158367
163159
179105
154513
154587
183173
193601
183173
153531
183173
182966
193601
182966
182966
193601
182966
182966
193601
182966
182966
168168
168168
165949
182966
182966
181965
183173
182966
181965
181965
181965
181965
181965
193601
182966
181965
181965
181965
178483
168087
168087
154513
193376
199531
173376
167534
193376
193376
168087
169932
195868
154513
169932
183514
183514
183514
183514
169959
169959
169959
169932
186970
186970
186970
195868
179788
186970
192390
186970
186970
160318
193376
181595
181595
193376
193376
181595
181595
156022
183514
169959
196756
196756
169959
196756
196756
169959
169959
192390
169959
193376
173453
169959
173453
173453
173453
159843
192390
192390
183514
173453
173453
159814
192390
192390
169932
177488
192390
183514
177488
177488
182319
182319
183514
173453
199925
199925
171925
171925
171925
182319
199925
182319
162613
197938
197938
197938
197938
171925
188042
162613
188042
188042
188042
170882
188042
182319
188042
197885
162613
188042
196236
196236
196236
173492
173492
179788
173492
173492
173492
179105
173492
179105
173492
169932
169932
167892
187969
187969
187969
187969
197197
173492
167892
197197
197197
187969
170874
167892
197197
175470
175470
175470
175470
175470
175470
175470
194224
175470
194224
194224
194224
175470
175470
194224
174093
167892
194224
174093
180308
194224
168087
170809
167892
194224
194224
162613
167892
194224
185793
170809
167892
167586
160684
163337
162613
167586
167586
166006
172161
166230
194254
168087
172161
166006
162613
168087
194224
162613
162613
162613
189704
189704
188803
188803
188803
189704
188803
189704
189704
162613
162613
166267
172161
166267
199466
166267
199466
166267
168087
199466
168087
166267
199466
199466
199466
170809
166267
166267
166267
162613
166267
159590
159590
167586
162613
162613
199271
199271
166267
199271
166267
160684
159590
165230
159590
199271
172161
159590
166230
166267
159590
165230
166267
165230
166267
159352
175539
180038
180038
179833
180038
180038
180038
179461
179461
177554
175539
179461
177554
175539
179833
177252
179833
175539
179833
175539
165230
160684
159352
167586
166006
190134
162333
166230
162333
166267
165230
165230
172161
162333
159590
159590
169097
169097
172161
170809
169097
166230
192993
159352
192993
166230
159590
166230
165230
191501
165230
163026
170809
163026
166267
163026
163313
163026
163026
191501
163026
191501
179981
191501
191501
179981
179981
156518
177833
170809
166006
166006
163313
160684
163026
159352
163026
157320
160628
160684
165230
160628
172161
159352
198463
198463
160628
170809
198463
160628
160628
160628
159590
172161
163026
191295
191295
191295
191295
190566
190566
170809
191295
169566
169566
169566
169566
169566
169566
161909
169566
161909
159352
165230
161909
160684
159590
157320
165230
164223
169702
159590
169702
169702
169702
169702
170809
169702
157653
169702
169702
159590
169702
198665
169702
169702
157653
160684
158633
157320
188523
157653
188523
178636
161372
160684
188523
188523
165230
188523
157653
195889
178636
195889
165230
195889
178636
156660
195889
165230
157653
157653
157320
175477
170753
160684
156518
175477
157653
157320
163026
177320
174265
157653
161542
174265
174265
157653
156660
181485
157653
188523
163026
159590
189682
186375
189682
189682
189682
189682
189682
156542
186375
162613
186375
175420
170508
177190
177190
177320
177190
170508
170508
170508
177320
177190
159577
177190
170508
177190
177190
161606
161606
156542
167342
160684
160684
159590
159590
162613
159590
163026
160684
174324
185118
199178
159497
159590
177320
159590
157320
156397
162613
158691
185118
177320
158691
159590
159497
163666
163666
167342
159497
177320
159497
160684
173157
159497
156542
185118
158691
158691
160684
159590
160684
157653
157653
160684
156542
159484
159484
163026
166156
157320
156542
159484
168487
168487
157653
157653
156397
159484
157653
159843
159843
156397
157320
157653
157653
157653
159484
183626
156022
156397
159484
183626
157320
166156
157653
159590
185636
156022
178992
157653
156397
156660
159895
156397
159484
169176
169176
177320
177320
159895
156660
156518
156022
159590
156518
156660
156397
163514
163514
163514
163514
156022
156044
156022
161909
157740
156022
156518
155605
156518
155646
176214
156022
156518
175305
158633
165367
165367
155646
183955
183955
183955
183955
165367
183955
183955
183955
177320
165367
183955
183955
177320
183955
161909
169756
169756
155646
169756
155646
158884
170809
155358
158884
156022
196013
196013
196013
155605
165230
196013
155646
158884
158691
196013
155605
176094
156022
159590
167124
179529
196013
155605
196013
159088
179529
179529
155646
155646
179529
172711
172711
179529
187187
172711
172711
179529
179529
158392
185393
185393
185393
196013
185393
185393
185393
155605
180397
155646
179529
165454
165454
169945
179529
165454
165454
169333
179529
155605
155605
167809
186448
167809
196829
196829
196829
186448
196829
196829
186448
196829
196829
186448
196829
155605
155605
155605
199688
199688
199688
199688
155139
166206
166206
186448
157630
155605
155605
186448
186448
167809
157630
198170
198170
186448
198170
167441
155358
178312
178312
155605
167809
184195
155139
154565
173280
173280
173280
173280
173280
173280
173280
154982
173280
154982
154361
156022
155627
155627
197785
173280
158691
170720
170720
170720
194703
197785
194703
195040
198583
198583
182268
182268
198583
198583
170720
170720
198583
170720
198583
170720
155605
170720
170720
194703
158392
199280
194703
194703
198255
193366
193366
198255
193366
197785
193366
193366
170720
170720
159442
159442
193366
173280
156022
156022
173280
173280
198255
155605
179791
155605
186175
155605
179791
179791
170083
154361
168206
168206
154361
159590
155358
153935
174961
161298
184854
184854
184854
160684
154033
198255
158633
164223
179375
179375
154212
164223
159590
154361
155605
156022
164223
198255
175032
194165
191983
191983
191983
155358
175032
191983
191983
175032
174135
165462
160684
158633
154565
159590
154361
155358
154565
154033
154361
155358
155170
154361
158392
154982
183739
183739
156022
161098
161098
161098
174135
161098
153935
155605
197080
197080
197080
168298
198821
198821
198821
155170
198821
197080
197080
197080
168298
197080
197080
197080
197080
181690
181690
168298
183137
161098
168298
183137
179763
179763
179763
168298
168298
161098
155358
168298
168298
153935
168298
168298
168298
194388
194388
167441
194388
194388
194388
194388
194388
168298
175772
175772
175772
175772
175772
153935
156022
166705
156544
174661
174661
174661
174661
158392
178122
178122
182677
161298
182677
154033
182677
182677
152977
155358
158392
154361
185273
185273
185273
161589
178808
178808
171103
178808
178808
161589
185273
167441
154982
167441
185273
185273
167441
155908
158884
173367
174661
153935
157653
154212
153199
155224
154565
154212
156022
174661
154613
153199
185229
188510
188510
188510
188510
188510
188510
188510
185229
185229
185229
185229
161105
161105
161105
161105
185229
155908
161105
157535
157535
157535
157535
191805
161589
155170
157535
169741
169741
158024
169741
158367
154212
173636
153587
153935
157535
191805
154212
155908
161098
157740
153935
161098
161298
156022
161098
154212
158884
174135
154212
191805
158367
156022
166705
173636
154613
191805
154212
157535
161098
161098
173636
161589
181401
191805
174282
161589
181401
191224
191224
191224
191224
191224
191224
174282
191224
154565
166471
199235
199235
199235
199235
191224
191224
174282
154033
158367
165230
191224
191224
189381
189381
189381
191224
189381
177043
177043
189381
177043
177043
177043
177043
189381
174282
174282
161927
154410
189381
155139
157653
155139
158367
154131
154131
154131
161098
199105
181558
154131
161098
177043
189381
168254
168254
159471
168254
170497
168254
170497
170497
168254
199865
159471
168254
170497
168254
168254
159471
157740
154131
174160
174160
154131
174160
163156
163156
163156
194467
191337
193552
193552
193552
193552
191035
191035
191035
157535
165230
193552
193552
193552
158342
196698
191035
154565
189233
193552
193552
189233
191035
195221
191035
195221
195221
195221
195221
195221
195221
195221
195221
189233
193552
195221
191035
195221
181535
189233
195221
181535
193552
191035
181535
191035
191035
189233
181535
181535
195608
195608
179869
195608
195608
181535
179869
195608
181535
181535
179869
175398
179869
179869
159938
179869
159938
175398
175398
175398
172570
172570
172570
158452
172570
172570
164325
172570
172570
172570
184088
184088
184088
168254
171202
171202
164325
164325
163439
171202
190560
171202
164325
171202
171202
164325
164768
164325
163439
176711
176711
176711
164325
176711
176711
158452
159471
158452
158452
171394
171394
164325
154300
158151
158151
159843
157535
154002
168254
165230
158151
154300
154982
154361
154002
159762
154002
156022
154002
160684
155703
164325
156022
155358
154212
161403
156907
155139
175123
189431
161403
164624
164624
198282
198282
198282
196390
164624
198066
196390
196390
196390
184461
185425
185425
184461
161403
153172
164624
153935
161403
169113
156808
169113
169113
170755
170755
169113
154212
157083
169113
154565
161403
169113
156808
156808
155224
159762
155863
157740
158691
161403
160684
154565
156933
153581
154565
158322
158322
159814
160684
159590
158322
158322
160119
161105
165822
154613
165822
165822
158322
165822
159814
165822
153414
158322
174367
174367
174367
158322
158322
158322
187855
187855
162341
187855
162341
187855
187855
154448
169301
160318
161688
153172
155234
155153
159484
155139
156359
154982
156632
159484
161688
153252
161105
190614
190614
190614
190614
190614
159768
159674
170613
159674
154982
153587
154361
154982
166471
159814
180330
180330
180330
180330
169483
155410
156544
168470
155410
168470
169483
169483
168470
180849
180849
165230
180849
180849
180849
194289
180849
180849
174777
168470
174777
174777
174777
174777
188616
188616
188616
188616
188616
188674
188674
188674
188674
159814
188616
175171
188616
188616
188160
175171
186336
186336
154284
155410
186336
186336
170739
186336
186336
177640
186336
170739
170739
186336
178224
186336
177640
186336
177640
173553
173553
173553
178224
193580
193580
177640
190073
190073
173553
173553
190073
190073
177640
190073
173553
176702
176702
176702
176702
176702
178224
176702
173553
170739
177640
162941
173553
170739
170739
170739
170739
176702
176702
162941
177640
176702
176702
162941
161388
182116
182116
182116
162941
178224
176702
189285
189285
182116
189285
161151
161388
161388
161388
162941
162941
170739
180941
161151
161388
177640
199960
199960
199960
199960
161388
161388
176702
161388
161388
161388
161388
173553
176702
170739
161388
161151
181956
161388
161151
161151
185160
185160
185160
185160
185160
185160
185160
161388
185160
185160
185160
176106
183857
180155
183857
183857
183857
176106
176106
180021
165449
162965
162965
180021
161151
162965
165449
162965
161388
180021
181664
181664
181664
189381
161388
181664
181664
157675
165449
181664
180021
183841
181664
165449
181664
163317
165449
165449
161951
163317
161951
161951
161151
161951
164223
161951
161388
161951
161951
165449
161151
165449
161951
162941
161951
161151
162941
161388
162941
161151
161151
161151
160098
162941
160098
198872
186067
198872
186067
158007
161388
158007
160098
186067
158007
158007
198872
165449
162941
160098
158007
158868
158868
157675
158868
180223
174486
180223
195557
188352
188352
196672
196672
188352
188352
180223
188352
174486
170745
180223
180223
170745
191998
170745
166634
182354
182354
171158
166634
158868
171158
166634
158884
170825
160098
170825
191998
170825
170825
158884
166634
157582
156544
166634
157675
157675
195557
161688
157582
161388
157582
191998
156878
156854
158884
156822
156822
169301
161688
157582
155939
156822
159590
160098
158272
158272
155939
160098
158884
155939
155939
158272
155844
155712
197193
197193
173746
173746
180448
155711
158272
159674
155844
169301
155711
155711
162224
155844
155410
156822
157582
156086
156878
154586
156822
161546
161546
155711
161546
155711
155908
161546
161546
161546
161546
161546
164404
164404
153337
164404
164404
155712
157582
164404
155712
160098
154212
156086
159484
198223
198223
198223
198223
186542
198223
198223
197599
197599
197599
186542
198223
198223
198223
186542
180903
171829
161546
171829
156086
161546
155302
171829
171829
171829
171829
155302
155939
157582
168601
155302
155410
168601
193558
196072
196072
196072
196072
196072
187370
196072
187370
187370
187370
187370
168601
155302
196741
168601
168601
181125
181125
181125
195757
195757
195757
195757
195757
188286
195757
195757
195757
195757
195757
195757
164624
195757
188286
188286
184260
188286
188286
184260
184260
184260
187370
187370
164624
155286
172744
155286
164624
164624
181125
155302
172744
155286
155286
168670
164624
164624
172744
155302
155410
155302
155302
164624
164624
156022
164624
164624
155302
155286
155410
156086
155302
164624
155410
172744
164624
155286
154532
155302
162729
162729
155286
194787
162729
154284
193558
156086
155302
162729
155844
175931
188968
180551
180551
180551
180551
180551
175931
190322
190322
157582
190322
180551
190322
190322
178051
193558
180551
180551
180551
175931
193558
178051
178051
161304
178051
178051
176591
193558
178051
176591
176591
176591
155803
172744
193558
162729
193558
155803
155803
156121
163924
163924
163924
172744
164624
173221
168601
154532
155906
157891
155906
157891
156121
168601
162729
173221
168601
156121
162729
170254
156121
157344
155906
157344
187528
187528
156121
157740
159674
168601
168601
155906
155410
160098
156121
155908
190714
190714
190714
190714
190714
190714
176734
157073
157073
155908
157073
166384
166384
166384
157073
157073
157073
155410
193317
193317
193317
188517
188517
188517
188517
175487
180177
180177
180177
180177
175487
177888
175487
175487
175487
159316
175487
175487
175487
159762
175487
175487
159316
175487
158347
159316
177888
158347
154038
154532
157073
158347
154532
155908
177888
155803
154532
154532
155803
191557
184041
184041
186336
184041
157073
157073
154532
154532
154532
162729
160370
160370
157073
155410
153581
157073
157073
162729
198351
157073
155908
186336
173152
198351
189561
198351
198351
189561
192623
192623
173152
192623
192623
173221
173152
189905
189905
189905
189905
189905
176391
189905
155908
173152
176391
189905
176391
176391
173152
173152
176391
173152
168262
177888
173152
173152
173152
163509
163509
163436
173152
193698
193698
163509
193698
193698
193698
163509
176391
168262
163509
176391
161579
156820
156822
155712
154400
159316
173221
153883
156907
177888
156822
154532
156822
187875
187875
173221
158347
187875
159674
154532
156822
165753
187875
165753
187875
165753
155712
165753
154400
154400
159762
153581
156907
167537
167537
175186
199990
167537
167537
186442
186442
175186
186442
186442
186442
186442
175186
186442
167537
167537
168262
167537
167537
186442
186442
186442
165411
165145
156799
156799
165145
165145
165411
165411
186442
165411
165411
154400
153883
165411
165411
156933
188531
165411
165411
165411
188531
165411
159674
159871
169900
156799
165411
169900
169900
164235
156933
169801
183117
164235
183117
181426
183117
181426
183117
183117
164235
162552
181426
176391
181426
154395
162875
162875
162552
162552
184362
198028
196416
196416
162875
162875
198028
196416
176391
155302
196416
176391
196416
156943
166199
156943
194351
176391
194351
188531
176391
159159
195549
195549
159159
181426
159159
165631
172258
159159
162552
172258
156943
159860
159860
172258
165631
172258
165631
162552
159860
159860
165631
162875
166199
165631
166199
153883
166199
156943
162552
166199
166199
159860
165631
165631
189752
189752
189752
153581
166199
160721
189752
165631
160721
162875
162875
162875
153332
168254
165631
183695
183695
183695
183695
167664
188744
183695
162875
183695
154284
183695
162875
153234
153581
162875
158329
162875
165411
158329
168507
160303
155286
156943
153883
165508
154586
182028
182028
165508
189432
189432
189432
189432
182028
160684
155224
165508
165508
155939
154532
158513
155286
171373
171373
155712
192142
192142
155636
164360
155803
196467
196467
196467
196467
196467
195750
182028
166624
181021
192142
181021
181021
166624
181021
166624
181021
181021
166624
166624
166624
191006
166624
191006
191006
191006
182028
166624
166624
166624
166624
166624
166624
166624
184104
163596
182028
166624
158010
158010
157365
184104
154395
182028
154400
153337
154400
166624
161688
166624
153337
169041
186419
186419
186419
186419
169041
169041
169041
188531
155636
166624
166624
166624
156358
166624
166624
154982
195186
154586
195186
195186
186846
167246
158884
167246
165092
167246
167246
163187
164624
165411
164360
164624
163187
163187
163187
163187
163187
163187
163187
157290
165411
162521
157290
157290
155973
158750
157290
157290
160119
168249
168249
153337
153332
157290
194075
158750
154532
168249
157290
175490
156933
179454
166083
179454
166083
166083
154831
155973
154831
156358
163851
175248
175248
163851
175248
163851
164980
164360
164980
164980
166083
164980
166083
153883
156027
154586
153883
163851
155234
153332
163851
155712
153332
163851
163851
154131
171356
171356
155170
153883
154532
186259
163851
156027
154565
155973
153883
155981
163851
153581
186259
155803
154400
155712
155908
158691
157951
153332
157951
153585
154532
153581
155712
153332
153332
155981
166762
155973
164470
158750
157365
156907
164470
186259
155712
158691
155224
153234
192761
153337
153581
153587
192761
192761
155858
192761
155858
155858
164360
181320
155858
160301
160301
160301
155858
160301
157365
160301
155858
153154
155858
158452
160301
192761
160301
152977
155170
159674
173367
157365
159316
155170
153234
159674
153337
155858
163187
153332
155170
164223
162729
153901
194844
155908
153901
153901
153901
155858
160190
157365
157365
154131
158884
158884
155170
154532
153901
157274
164360
154532
164470
153901
194769
153901
175341
186418
186418
186418
186418
186418
186418
175341
157951
153901
153901
155472
155181
155671
157951
155181
155671
155806
154532
155170
153332
178289
178289
153234
166007
157681
154300
166007
166007
164360
188056
188056
188056
188056
188056
184257
188056
188056
198334
198334
198334
198334
198334
184257
198334
188056
198334
192901
192901
198334
192901
188056
192618
175138
198334
198334
188056
188056
188056
177637
172322
198334
177637
177637
175138
177637
177637
175138
177637
175138
198334
175138
178929
178929
172322
172322
159953
168806
164107
166007
164107
164107
164107
164107
199523
164107
155964
164107
199523
199523
164107
162729
164107
199523
164107
153585
199523
195550
173108
199523
190819
173108
160972
173108
160972
160972
160972
164107
178684
199556
164107
199556
199556
199556
199556
199556
199556
164107
160272
160272
169666
169666
173108
173108
160272
193359
193359
173108
199020
199020
199020
199020
199020
169666
199020
199020
155181
169666
169666
169666
179638
169666
165362
169666
164107
164107
193359
159953
193138
193138
193359
169666
193138
169666
193138
169666
169666
169666
154880
160102
164107
158568
154880
158568
160972
160972
156359
160102
158568
160972
160102
158568
160102
160102
173367
158568
159953
185153
185153
162729
155712
158568
159953
159953
160972
160972
155181
158568
158568
190410
190410
190410
183390
155181
166776
166776
191827
191827
164074
191827
164074
155234
158568
154880
155712
165583
165583
165583
165583
190410
154880
160580
160580
154553
175505
175505
153444
178857
190410
178857
178857
190410
160580
178857
178857
178857
190410
178857
155224
166865
153286
166865
153286
174697
166865
175305
163544
170458
174697
153286
170200
163544
174697
170200
158618
170200
153444
154400
153286
153286
155939
157274
177319
159316
185865
153154
166776
153332
163544
156907
154880
155181
154880
155981
184161
163544
184161
184161
158452
160119
153154
173889
173889
173889
193748
155224
198439
155712
173562
153585
155472
167859
167859
167859
173562
173562
153422
173562
185153
198957
198957
198957
198957
198957
157865
173562
198957
198957
153422
173562
173562
183574
183574
183574
183574
174697
155224
173562
153422
172580
190410
172580
154880
153422
155458
155939
157865
174697
180321
180321
191034
180321
153422
191034
191034
180321
191034
157865
154284
183574
157865
182819
167737
182819
153422
154300
157865
157865
160119
157865
154586
157865
167737
153422
153119
167737
152874
190410
161353
161353
167737
161353
174697
174697
156965
160119
194028
194028
156965
156965
163918
163918
163918
163918
156965
160077
156965
163918
165212
157681
154880
153422
154284
156933
168154
179401
168154
179401
185995
185995
185995
185995
185995
185995
185995
185995
185995
185995
185995
179401
172439
179401
168154
172439
168154
168154
172439
168154
168154
185153
185153
154880
155599
167122
185153
155302
153286
174697
168154
167122
174697
195502
167122
153422
152874
166849
166849
166849
166849
166849
166849
181007
167122
166849
168154
182805
182805
182805
181007
199681
182805
166849
155712
166849
181007
182805
167122
182805
166849
154982
156359
166849
182805
182805
171107
182805
182805
171107
171107
171107
155712
176535
171620
157865
195142
166849
171107
171620
195142
168642
171620
155712
167122
167122
168642
195142
168642
170458
171107
171620
158489
158489
152958
171107
185153
195142
171107
171107
154422
171107
168642
158489
158489
153286
185039
167122
158489
170458
158489
168154
161248
155472
155671
153119
155599
185153
156359
154284
153119
153359
158839
170458
167488
170458
167488
167488
157365
155712
181562
185153
154880
180218
180218
153901
180218
178751
178751
178751
168154
178751
153987
154212
178751
178751
178751
178751
178751
178751
155181
155671
154532
168154
152874
155858
168154
168154
167122
169021
169021
153332
169021
168154
153987
171694
171694
169021
167122
158452
198106
155599
155703
153987
155170
155858
155302
185532
185532
154880
185532
153987
179083
153119
179083
179083
179083
153422
167122
153987
153119
153234
155783
155783
190629
190629
167122
155858
167122
190629
162507
155783
170172
199665
199665
162507
162507
187215
153987
154038
154565
159245
159245
190629
159245
163544
159245
159245
159245
158750
155908
159245
158505
158505
158505
155783
158505
155783
154131
162507
191472
152958
191472
152958
153468
158505
159245
164435
182160
182160
182160
181163
182160
182160
188116
188116
188116
162504
152874
154532
182160
182160
190629
182160
162504
152958
153234
159245
156206
152874
182160
162466
182160
162466
182160
181882
181882
182160
182160
165355
165355
153987
182160
165355
165355
154038
164956
164956
162504
182160
172513
172513
160611
163595
153987
172513
158007
182160
182160
169058
174463
160009
163595
160009
158007
174463
162466
162504
174463
174463
160009
162466
174463
182160
158007
182160
158007
162466
182160
162478
169052
174463
184234
182160
184234
181772
181772
169052
169052
181772
169052
160009
162478
160009
169052
169052
158007
198270
198270
159245
198270
158007
155599
158007
198270
158007
154161
155472
196428
154951
189538
189538
189538
196428
174632
174632
197708
174632
174494
174632
174632
182820
199412
199412
174632
158007
191439
174494
169491
182820
195635
195635
166685
158007
166685
189856
166685
189856
189856
189047
189047
189856
174494
156121
186941
186941
186941
178839
166685
166685
182820
156121
162466
163595
156121
155605
154665
154665
178839
156121
182571
166685
162478
182571
174632
162466
182571
169491
182571
179003
182571
182571
156121
182820
155073
174632
164956
154161
179003
164956
166685
155181
187253
154300
154665
174632
158007
163595
156121
154114
156121
154665
166685
190673
190673
190673
190673
181363
190673
155712
193863
181363
198930
178251
198930
178251
178251
162504
198886
198886
198886
198886
198886
160659
160659
154665
160659
154665
162507
162504
161692
194214
194214
194214
194214
194214
194214
194214
194214
194214
180863
158007
154665
179003
180863
180863
158007
162507
162478
172513
161692
156175
154880
165477
165477
165477
162507
157447
157447
164624
164624
164624
183260
190804
189399
183260
189399
189399
183260
190804
172513
183260
183260
164624
164624
162507
158086
164624
164624
164624
164624
164624
160908
158086
157447
158086
198338
178251
166917
158086
166917
158086
157447
154378
155181
172513
172513
156121
160908
154853
154665
166685
158086
161692
157447
154665
154665
160859
182160
160859
157447
197336
180320
157447
180320
172513
154665
179003
182160
157447
154422
182160
154378
156121
154258
190419
160859
153339
186393
163187
156996
184308
160908
172499
156996
156258
156258
160859
156996
160859
196468
196468
196468
196468
154258
160859
156996
191294
154258
157365
154258
191060
172968
172968
172968
171197
171197
160859
172968
181800
181800
181800
160908
159523
179778
179778
160722
160908
153987
178887
178887
179778
190969
190969
193274
193274
180928
179778
179778
180928
189550
193904
193904
193904
193904
193904
185567
193904
179778
193904
193904
180928
189550
178887
185567
185567
193904
182063
185567
178887
185567
182063
182063
165676
179778
163079
178887
178799
178799
179778
178799
178799
178799
178799
178799
178799
179680
178799
178799
178799
178799
163079
163079
182635
178799
178799
179680
178799
179680
183358
183358
178799
183358
168993
183358
160908
183358
168993
168154
168993
175232
168993
175232
168993
168993
188625
188625
168154
168154
168154
168154
168993
167426
167426
167426
167426
189290
179003
192809
159691
167426
165686
163079
163079
168154
193781
193781
193781
193781
193781
193781
193781
189480
193781
189480
163920
194111
193781
180630
188835
188835
188835
166704
188835
180630
193781
188835
193781
180630
186935
163920
163079
186935
186935
163079
163920
186935
180630
164435
159691
159691
165686
171197
163920
159523
166084
186720
186720
186720
166084
159523
159691
166704
166084
188870
159691
166084
165686
159691
159691
159691
159523
166084
160593
160722
171197
165676
166084
166084
171197
166685
171548
173847
171548
173847
171548
171548
171548
194859
194859
171548
160382
194859
173847
194859
188929
188929
171548
194859
194859
194859
171548
171548
171197
194859
194859
194859
194859
166084
194859
194859
194859
194601
194601
194859
194859
160722
174659
166084
194859
160382
174659
160544
174659
174659
160382
174659
174659
170349
160382
174659
160544
171548
174659
171548
171548
185458
185458
185458
185458
170349
170349
160690
171548
174852
160690
185458
195773
170349
160382
170349
160690
170349
170349
160690
160690
174852
172394
174659
195773
165676
160690
160690
172394
174852
172394
160690
174659
165676
160859
160690
174852
174852
166685
172394
160382
160382
159697
172394
160382
159697
158162
158162
158162
160859
159697
160859
174576
174852
174852
159697
160382
174852
159697
174852
159697
159697
160237
160859
168229
174852
160237
194206
169738
192628
192628
192628
192628
192628
166315
183791
192628
183791
183791
183791
183791
183791
183791
183791
176171
176171
176171
166315
167795
185793
166315
166315
168229
166315
163108
167795
164322
182070
164322
164322
163108
166685
174659
164322
163850
163850
163850
163108
188266
188266
163850
176707
176707
188266
167947
185369
167947
167947
167947
167947
167947
167947
167947
163850
167947
167947
167947
163108
167947
167947
167947
159398
187680
187680
187680
187680
165492
187680
187680
195185
195185
167947
159523
167947
195185
195185
167947
163108
195185
163850
159367
163850
163108
159697
163850
174659
163850
165492
163108
159523
159398
163108
159523
165676
159820
191896
191896
163108
160382
165492
163108
159367
163108
161511
182209
163108
191798
161511
159398
195862
163108
163108
165858
162901
162901
159820
159523
163108
160237
159523
160237
160237
167069
159697
160237
160382
159820
192014
192014
159523
159523
159820
159523
185793
159367
165858
160382
165858
159523
195097
159523
159398
159691
158331
160722
167444
167444
167444
167444
193169
193169
193169
181613
166084
193169
193169
193169
167444
167444
191894
191894
191894
159523
159398
167444
167444
166685
167444
191894
191894
162504
168625
168625
180190
185701
177784
167444
168625
177784
162504
158331
156984
162504
160859
158162
158331
172468
172468
172468
172468
172468
172468
165676
158331
158331
158179
158331
158162
196278
196278
176659
176659
176659
176659
165676
158179
158162
158162
158162
158179
158162
165676
165676
165676
154258
158162
158162
168232
168232
163108
194976
180002
180002
194976
194976
180002
156258
158162
159691
158162
159691
160908
159691
159087
156258
160579
160579
160579
160579
165676
156258
165676
189865
189865
155161
160579
199297
199297
165676
160908
189865
175489
175489
160382
155161
163595
175489
158162
160382
163595
154378
161878
154378
155161
155161
155806
161878
161878
160182
160859
162504
157154
160182
160182
157154
157154
159087
157154
155348
157154
155161
188212
188212
186120
186120
162445
154300
157154
153551
157154
157901
187948
187948
157154
153339
160382
189510
189510
174142
157901
153551
174142
163595
171355
171355
157154
155348
181460
181460
177228
153551
154258
194342
194342
194342
160859
164568
194342
177228
154300
177228
166084
162504
155882
153551
175929
155348
156996
153901
155882
153901
167069
153551
157154
155348
188083
188083
153811
156121
155477
154300
156996
177876
155472
180724
180724
180724
180724
184229
177876
168114
164360
177876
162504
177876
183513
177876
154638
160859
184229
168114
154638
154638
190960
190960
190960
154638
190960
162277
164360
162277
180269
174950
180269
165436
165436
165436
165436
177876
162544
177876
162544
165436
155348
162277
165436
174950
174950
174950
156596
196938
176751
176751
154638
153339
174950
165436
171225
174950
173282
173282
173282
154638
173282
173282
154638
154880
156121
173282
165436
154638
173282
153339
185793
155645
179943
179943
179943
179943
154638
179943
157901
153811
153811
159523
154674
154665
160859
164592
160382
199581
154638
154638
199581
168054
164592
159523
164592
168054
164592
154638
164592
154951
164592
172103
172103
181575
164592
164592
181575
172824
156121
160382
164360
156996
154638
158337
156121
158337
158337
158337
158337
155472
161298
192538
174899
158337
192538
192538
154674
158337
155703
192538
159523
193781
193781
153811
193781
199581
154638
165789
155882
157154
153811
192538
160382
158750
177184
171092
161298
178339
155783
171565
155653
155653
172944
172944
172944
171565
193802
158750
153339
193802
193802
187007
172365
172365
187007
199102
162937
172365
162937
172944
172944
162937
172944
178810
172944
178810
153339
178810
186693
178810
172944
162937
172944
174899
172365
172944
172944
165417
165417
165417
165417
183129
153339
183129
153811
183129
153551
171565
161692
153339
174899
165417
165417
157332
171565
165417
165417
165417
166208
166208
165417
165417
165417
157453
165417
167403
165417
165417
155653
193503
193503
184128
184128
184128
184128
155653
153339
184128
153339
157332
165417
153339
184128
154258
157681
154258
157332
184128
153339
184128
154665
157453
153339
184128
165417
165417
184128
157332
167403
157453
154674
153811
191675
164360
159523
157332
167403
162504
154422
157332
168613
155458
184128
168613
154674
154638
154831
179394
195001
155302
169702
179394
195001
196959
196959
196959
196959
196959
196959
196959
174664
174664
174664
174664
174664
169702
174664
169702
166974
154638
154951
153213
174664
153811
157332
177008
177008
177008
195001
166974
162114
174664
174664
154638
195001
195001
166818
155858
195921
153339
154638
154674
157901
158452
153811
155161
155783
155161
188650
155112
155472
188650
154258
154258
154638
188650
155161
174720
194637
174720
174720
194637
161298
158253
158253
155703
158253
189048
158253
177391
177391
189048
177391
189048
176588
189048
157332
158253
189048
164655
174720
189048
176588
199254
199254
199254
199254
189048
199254
199254
199254
164655
199254
155458
185245
190574
199254
199254
199254
185245
177492
177492
199254
160218
164655
177492
160218
160218
160218
160218
160218
164655
160218
191410
184696
184696
160218
157901
181305
181305
189419
181305
181305
181305
181305
181305
181305
173350
192576
192576
181305
181305
181305
160218
166084
158253
158253
159288
158253
158253
159288
159288
158884
191068
158253
153213
169729
169729
166084
169729
160218
161298
169729
158324
160382
153339
170782
170782
155858
171548
171548
154258
155703
153339
153987
155458
155161
153422
154258
157887
157887
162504
171548
160382
156996
154638
160218
159813
175211
157112
162504
175211
159152
159152
175211
162504
175211
175211
174537
174537
174537
174537
159152
159152
175211
187888
185479
187888
187888
187888
185479
182455
185479
197725
163956
197725
197725
197725
163956
174537
163956
165828
163956
157338
159523
157338
162305
157338
162652
162652
165723
188234
188234
188234
173680
188234
162652
173680
165723
157338
162652
165723
179201
165723
159015
162652
157338
157338
160382
157338
157338
198223
198223
178612
157154
178612
159523
191714
191714
178612
160859
184861
191714
191714
159523
184861
184861
184861
167907
179574
157338
157338
196431
196431
196431
157112
167907
157887
167907
167907
188234
167907
167989
167989
158342
167907
167989
167989
167989
154937
167989
183442
167989
157338
167989
163159
162729
154258
167989
167907
167907
167907
167907
162504
170084
167907
159015
157112
157332
155419
154638
157112
155419
160382
157332
155181
157112
157901
167907
160859
157112
177776
153339
154258
153339
177776
155419
155139
177776
155419
153339
155419
155419
157887
159015
188234
153811
154100
166084
166084
154258
154951
164360
155302
157365
153339
166084
153337
153811
154665
162755
154258
154251
157310
166198
170087
166198
163869
153811
163869
163869
157310
192335
163869
163869
163869
154674
185023
162755
162755
157310
157310
192335
155863
155472
160859
192335
153339
157310
158452
155358
158452
153213
160382
168644
153213
162729
195534
198387
198387
198387
195534
198387
159087
195451
195451
180006
164223
195451
198387
195451
195451
195451
195451
191985
180006
195451
195451
153339
153811
153339
153339
185957
185957
185957
191985
191985
191985
198387
195392
195392
195392
178213
191985
195392
191985
180006
191985
191985
191612
178213
184475
178213
181036
181036
178213
178213
178213
187025
185957
183127
183127
183127
178213
178213
178213
176470
181442
181442
181442
181442
168196
154638
160517
189521
189521
189521
189521
160517
189521
155458
190626
190626
155112
190626
176578
160517
158425
154982
158425
158425
164360
189699
189699
189699
182908
182908
182908
182908
164515
153339
154982
154982
154002
164515
154561
164515
164515
153213
153468
163017
164515
155112
153811
156996
154300
157901
164515
154951
153339
161536
153811
160859
155073
153213
157426
153337
153339
155458
156544
194153
194153
194153
194153
189506
189506
189506
189506
161607
189506
189506
161607
164360
160859
155058
155302
154982
153444
155605
153339
160859
156418
160382
160859
163187
154258
157154
155858
155703
157681
155058
177318
153901
160859
168180
171628
153359
171628
153213
155458
153213
161421
161421
153213
166743
154532
157901
168972
153185
159015
155908
161421
154251
170042
170042
170042
155058
155783
162305
153213
161421
154880
155858
153337
154258
155703
154300
155284
161421
157154
177967
155863
182765
182765
182765
160606
182765
159523
160606
160606
182765
182765
160606
153339
166498
166498
153422
166498
159088
154638
154251
164444
164444
178631
164444
154587
178631
191100
164444
164444
155605
159088
162729
153234
166498
154586
160606
154532
166498
160606
153811
153185
155139
161105
153422
153130
158342
153130
153154
195025
158342
185334
185334
185334
185334
154300
155224
153185
157154
153130
156121
153130
159088
154951
154587
153811
153185
154161
155285
161105
195025
153337
180201
177835
180201
153468
154586
177835
177835
153130
177835
154300
198257
155139
198257
181839
154951
179730
179730
155058
179730
179730
179730
179730
166958
166958
178089
178089
178089
178089
153055
166070
166958
166958
166958
177835
177835
194532
154880
194532
157365
194532
166958
184453
166958
184453
155286
155477
153213
153185
153811
181839
177835
155284
175122
188174
188174
193819
188174
188174
171388
171388
175122
195876
195876
195025
195876
195876
195876
171388
171388
195876
167890
175122
167890
195876
167890
169695
188174
169695
171388
169695
169695
188174
171388
169695
192162
169695
175122
153987
191324
174571
169695
174571
175122
177835
169394
169394
169394
169695
169394
174289
178782
175122
169394
164338
164338
167890
164338
169695
194384
194384
194384
194384
194384
180730
189257
189257
180730
180730
180730
180730
185320
180730
153213
180730
153055
167890
188310
188310
188310
188310
188310
188310
196618
156932
180223
180223
173126
186082
186082
186082
186082
186082
192010
167890
192010
180223
186082
167890
163914
163914
163914
168843
166895
168843
196426
188918
164338
166895
155880
166895
196426
164338
164161
184149
155880
164161
155669
166895
166895
159940
156932
155606
155669
164338
177756
155606
187632
177756
187632
184149
153286
184149
175744
177756
177756
175744
175744
177756
175744
175744
169194
157083
189935
155606
155606
156932
189935
177737
189935
154212
177737
189935
189935
189935
155606
177737
177737
177737
173307
173307
173307
173307
176237
176237
176237
176237
176237
176237
164966
176237
176237
164966
176237
164966
173307
164966
173307
164966
169656
173307
173307
153055
164966
167322
167322
167322
153294
155284
165371
165371
165371
155392
155392
164338
164966
153186
167322
155858
158189
153468
175122
155286
155161
164338
158189
153251
164338
198847
156932
155284
175818
164338
161298
158771
181839
155392
196426
164338
182329
182329
182329
154638
155392
159015
153337
155284
153359
153332
153200
155161
157486
157486
157486
157486
157486
157486
153251
157486
155284
156932
157486
153252
157486
153119
157486
155392
154586
160190
153294
192077
192077
175122
153213
157486
171521
154161
153200
155392
153200
155284
154258
172975
177986
177986
194182
194182
194182
194182
194182
176527
193962
194182
190840
176527
193962
172975
193962
190840
193962
176527
172975
176527
176527
176527
176527
168621
172975
172975
172441
166264
166264
153587
154586
172441
172441
154251
172441
172441
168562
154300
168562
172441
172441
196426
155783
154212
153200
168562
185815
157233
185815
196426
185815
191309
191309
157233
191309
185815
170735
168562
168562
168562
185815
191309
191309
157233
173251
162510
159530
168821
170846
168821
196426
168821
157233
159530
153901
171521
168821
168821
164301
153585
164338
164301
164301
155284
153339
157233
174092
174092
174092
162305
162785
167933
193193
162785
162785
162785
153055
157233
158481
174092
154212
164301
164301
153901
171521
154361
164301
153252
154638
167933
173091
176287
176287
162785
167933
153234
157233
164301
153055
154212
184980
184980
184980
182486
153114
184980
164301
162785
153252
164338
153339
161790
184980
153154
182486
164338
161790
182486
154586
161790
153339
167933
154638
154913
155161
154587
153468
172816
153587
153234
194681
155284
197415
153332
184980
197415
194681
194681
197415
168643
155284
153587
197415
184980
194681
154765
197415
194681
172816
154765
188666
188666
188666
188666
188873
188666
188873
188666
176210
188873
176210
178360
176210
188873
197415
185898
161790
164338
158742
158742
158742
168643
193512
193512
182486
155284
155858
153234
154586
154587
198579
155712
198579
198579
198579
198579
172816
153339
154960
154960
153987
171011
171011
171011
195276
196540
169714
171011
189444
154960
189444
187341
195174
177909
195174
195174
195174
187341
154284
177909
187341
179841
187341
153911
154587
195276
187341
154131
177909
179841
187341
187341
177909
154131
177909
187341
177909
159530
178311
178311
178311
177909
177909
171011
154251
177909
177909
153213
178311
186226
186226
159530
155392
186226
186226
186226
178311
178311
178311
155599
170771
159814
159530
178311
165770
165770
165770
155806
165770
154258
177909
153119
198340
153359
153811
177909
177909
153337
172816
153009
153911
153200
165770
198340
176825
176825
166341
176825
176825
166341
155181
153234
154251
158742
153200
154638
153422
176825
153911
155181
187305
153987
187305
173320
173320
173320
173320
181145
181145
181145
181839
172816
186220
156932
164842
186220
164842
153911
153337
153009
154300
164842
191585
191585
153055
154587
154638
191585
164842
153119
154002
153055
164842
191585
191585
195942
195942
155284
197191
197191
164842
164842
186220
176825
153252
164842
193704
193704
193704
193704
193704
193704
193704
193704
193704
193704
193470
179037
172816
179037
179037
154587
164842
164842
179037
153213
164842
188179
188179
188179
188179
188179
158567
188179
188179
158567
158567
167933
167933
152909
164842
155302
182486
167933
164842
162796
162796
162796
162796
158567
162796
162796
162796
162796
157960
157960
162796
163653
162796
162796
159411
159411
159411
159411
157960
158567
159530
178383
158567
159411
156179
188086
188086
188086
154212
188086
188086
190225
190225
159411
188086
193524
176825
156932
170630
182486
159411
159411
159674
157951
157960
157960
158567
159411
164223
158567
157960
157960
159530
159411
157960
157960
163159
159530
155392
159814
157960
161692
157960
159136
159136
159136
159843
175122
185793
157951
157960
156179
157960
158750
156179
171598
171598
171598
156932
159871
171598
171598
171598
156733
191933
156733
191933
191933
191933
178642
169130
178642
156733
171598
178642
176825
178642
178642
178642
194200
178642
178642
178642
189526
171598
171598
169130
156733
196368
156456
156733
156733
156456
156733
156456
156456
156456
156179
159411
155161
156179
156179
190658
156179
154643
156733
154643
154643
163653
190658
152909
152909
156456
153234
162729
153911
153339
157365
156733
153200
154284
159015
153339
154258
154002
161993
158742
159411
154937
159411
153213
153200
157426
159813
156456
176825
156932
164223
153234
153213
156456
156456
154587
154284
154643
161790
156456
196919
196919
196919
196919
196919
196919
153901
154785
154300
155234
180680
161790
158742
172104
172104
154521
168505
158134
168505
177558
156218
168505
156218
157951
156218
156218
158742
157233
156456
159411
160190
154521
156218
161790
157951
153655
165274
156733
189211
189211
183736
189211
154212
165274
153585
153655
165274
196258
196258
165274
196258
153655
196258
161790
196258
157951
161790
160727
160727
155302
156456
157426
153655
155392
162960
163653
159871
156456
159843
154422
154002
153655
156456
161790
154258
154161
156456
163159
155302
152909
154587
156456
154258
154251
171521
156456
197267
197267
197267
153441
154665
154665
197267
197267
154131
153441
197267
173993
173993
178706
172370
172370
172370
154284
172370
192331
192331
172370
172370
155286
153252
197267
172370
154532
157951
189387
189387
190627
190627
189387
189387
174820
172370
154212
154212
172370
172370
197267
154284
152977
154212
152909
155783
155284
156121
153987
154131
154258
154212
197267
153655
163653
157365
154258
154913
157365
153252
153422
155284
163572
154258
180060
154880
153585
180060
191251
191251
191251
180060
180060
180060
153655
154756
180060
161993
153655
158342
159762
180060
153234
180060
154212
152909
155234
159523
153332
153252
180060
155458
160838
160838
160838
160838
160838
154212
160838
160838
193171
193171
193171
199941
171521
153119
164073
157954
193171
152909
155073
193171
193171
157154
193171
180060
193171
155348
157887
154251
193171
183713
153119
162729
161993
156878
153286
180060
190968
159088
190968
194281
194281
194281
153055
153213
194281
194281
194281
165487
194281
194281
168321
180060
194281
194281
194281
165487
165487
155073
155058
165487
171521
177445
152909
153987
180060
157681
180060
161208
154953
160972
198816
198816
154953
164073
187168
187168
185937
153252
160720
163653
157233
158750
154953
198816
157426
153119
154953
155058
153339
159015
162896
162896
156815
164073
156815
156815
162896
183091
183091
183091
183091
181031
156815
198666
156454
156815
198666
172164
198666
172164
195073
195073
185994
185994
157954
185994
172164
185994
185994
172164
159088
185994
185994
172164
172164
181193
194287
156815
159813
156815
156815
181193
181193
156815
159964
163187
159964
156911
159964
159964
156996
158750
156911
160289
156815
154161
156911
156911
153531
154131
156815
159964
153286
155285
156911
160773
156815
169101
169101
195170
195170
157951
195170
195170
169101
153880
154953
153987
170629
153987
156911
170629
164073
154613
174269
174269
157951
154638
153213
174269
190393
157158
169101
190393
190161
190393
190393
177270
177270
190393
157158
157158
177270
163159
166927
154613
169101
183642
153587
183642
176073
166927
168753
187227
163484
187227
187227
187227
168753
187227
163484
163484
174347
154131
164073
183642
187227
154613
179120
174347
174347
179120
155284
181186
154613
153213
163484
183642
172006
174347
179120
181186
172006
181186
163484
181186
163484
181186
176073
181186
157158
178924
178924
178924
168041
169857
176073
169857
195835
195835
169101
169857
169857
169857
179120
154002
153332
195835
183986
177322
177322
169857
177322
195835
177322
163044
177322
166927
168041
177322
163044
169857
168041
169857
168041
163484
166927
157365
177682
155987
156911
155987
166927
166927
163044
163044
155987
163484
155987
163044
163484
177682
175779
175779
177682
177682
196551
156911
163484
196551
157158
196551
196551
196551
183365
183365
183365
183365
172328
183365
172328
196551
172328
172328
196551
196551
183365
172328
172328
172328
155987
172328
195902
172328
183365
183365
172328
167450
172328
167450
172328
167450
172328
155987
167450
167450
191502
171310
171310
198104
198104
186122
160157
186122
171310
186122
171310
186122
171310
185562
185562
168041
168041
176894
188308
176894
179120
188308
188308
176894
167450
179346
179346
180169
180169
180169
167450
179346
170783
179346
179346
179346
156544
170783
179346
154586
170783
179346
179346
179346
179346
167450
179120
179346
171957
171957
155783
155620
163044
171957
155274
163044
198069
198069
198069
194585
198069
163484
198069
194585
155987
181992
198069
198069
198069
198069
198069
198069
175493
155274
181992
155274
181992
181992
180681
181992
180681
170669
170669
175493
175493
175493
175493
157233
161161
155274
163044
157043
170669
177640
177640
177640
163484
157043
183470
183470
183470
183470
166907
182922
183470
182922
157043
187101
187101
191528
163484
167599
157158
170669
157043
166907
154586
177530
177530
172009
172009
172009
180644
180644
157043
180644
172009
167599
167599
166907
167599
167599
172009
172009
166907
166907
163044
166907
156932
157043
163044
166907
163044
166907
198945
163044
155620
198945
163484
198945
182320
182320
182320
182320
182320
182320
178572
182320
178572
178572
178572
178572
183512
178572
154212
179346
176152
155620
160157
155620
176152
187173
160157
166907
157365
163023
155620
155987
162769
166907
160157
155274
163023
160157
155620
157043
166155
186140
186140
155274
186140
176152
186140
186140
160667
153422
155274
155274
155274
166155
155284
166155
154212
166155
155606
154212
160667
155620
160667
160667
162769
155987
157790
160667
156630
160157
163009
155274
153655
181855
153339
153468
153339
155987
181855
181855
156630
181855
155274
160157
181855
181855
153911
155606
160157
160157
160157
160157
154587
170351
156996
154212
153172
170351
156911
170351
156911
156630
154002
155620
155987
161105
156996
157667
153252
185793
156911
155606
153339
157667
155606
157667
156630
171250
153119
153172
156630
156630
155620
155620
157667
157667
159964
157667
154212
153199
153130
168206
168206
176152
154212
153130
153339
190569
155620
153252
156121
153811
153055
163009
152909
155685
155284
157667
155685
156911
156630
159964
157365
157667
153587
158868
163009
153587
156911
153234
154131
153234
155685
155274
157667
156911
153234
157667
155620
156630
169595
169595
171521
169595
155620
169595
169595
153422
185594
165289
185594
169595
165289
169595
169595
165289
166932
165289
158884
155274
166932
163364
152958
187688
165289
187688
165289
169595
155987
187688
169595
163516
165289
165289
187688
165289
187688
155685
154148
155685
153234
155274
163516
187688
187688
155302
156996
152871
154148
195546
153422
195546
153119
189022
189022
195546
195546
189022
189022
189022
189022
175882
175882
175882
189022
189022
169715
169715
169715
175882
169715
169715
169715
155620
169715
169715
152852
169715
189022
169715
189022
187688
199933
195964
158452
169715
157730
159088
155685
153911
169715
153987
157667
158452
157887
156121
155620
155620
187688
153234
189022
183912
183912
179284
183912
179284
179284
188511
191675
183314
183314
187688
183912
183912
189022
178554
189022
178554
178554
183314
193686
193686
177749
187688
158596
158596
157847
183912
184861
161561
156931
183314
183912
157847
187688
177749
156931
177749
177749
156931
177749
169595
156931
156931
156931
156120
198238
198238
156931
156931
169715
156120
198821
156931
153337
156931
156120
157847
153468
156120
156120
157847
169715
156931
153422
161105
180101
180101
180101
152855
180101
198821
169715
193610
193610
193610
193610
193610
177854
193610
183912
156120
157847
177854
177854
177854
196303
165700
160107
160193
160193
160193
160193
160193
160193
179048
179048
153987
178438
178438
160193
160193
156120
165700
152867
160107
190651
190651
153911
165104
165104
165104
165104
187688
160107
157847
165104
156931
165700
161166
161752
165104
161752
161166
165104
161752
161166
161752
192350
192350
192350
161166
197302
161166
197302
161166
197302
159307
161166
159307
197302
175460
177024
161166
177024
197302
161166
197302
175460
189467
197302
177024
175460
175460
175460
175460
175460
177024
161166
187688
172160
172160
159307
172160
177024
176773
172160
177024
169316
177024
169316
187688
176773
176773
169316
169316
167535
169316
169316
187688
176773
177024
160193
169316
169316
169316
160193
169316
167535
159307
196647
167535
177024
177024
169316
179481
179481
179481
179481
175363
167535
167625
167625
167625
196647
169316
167625
176773
167625
167625
169316
156044
199894
199167
199167
196647
176294
199167
176294
176294
196647
195246
195246
196647
195246
170934
195246
170934
195246
195246
195246
165196
193488
170934
170934
170934
193488
170934
193488
193488
170934
176294
176294
176294
170934
170934
196435
165196
183912
165196
169316
169316
165196
183238
183238
193471
165196
183238
165196
158702
170934
158702
159307
158713
170934
167625
158713
167625
156120
156120
196495
187625
153468
167625
187625
187625
160543
171994
171994
187625
187625
170934
162748
162748
162748
157392
162748
161752
165275
170934
158713
165275
170934
156120
156120
153468
157392
160543
157392
156120
156120
186806
186806
156120
157392
193471
159307
159307
157392
160107
165700
161752
159307
160193
154041
157392
156931
156120
161752
156044
159307
157392
154041
159316
161752
159307
175188
175188
175188
175188
175188
175188
175188
168941
168941
168941
168941
154041
153468
168941
159316
165595
154041
162273
155726
156120
159307
154587
159307
156544
154041
155726
194535
194535
194535
161105
194535
194535
194535
153468
194535
163633
194535
194535
194535
163633
179374
193471
179374
161853
163633
161853
184838
184838
171700
191707
191707
191707
191707
191707
191707
191707
191707
191707
191707
191707
153468
191707
183374
191600
183374
184838
153655
156456
154131
183374
161853
183374
155726
155726
183374
161853
155726
156120
153532
154202
161853
154202
183374
154202
155726
183374
157847
154202
156120
166273
187980
187980
187980
187980
153532
187980
166273
157804
157804
166273
157847
166273
157804
157804
157804
157804
157804
166273
157804
157804
157804
157804
157804
157804
166273
157804
161752
171521
171630
171630
171630
171630
171630
171630
171630
160157
157847
159964
153532
171630
165806
157804
154202
153468
165700
153655
157667
156931
153532
157667
159964
155726
172221
156456
172221
187980
172221
172221
172221
154041
187980
156931
156996
154148
154148
161270
154148
153468
153532
154148
161270
196397
196397
196397
157667
153468
163464
163464
163464
175527
154587
175527
153811
175527
175527
153386
153213
153386
175527
175527
169843
175306
169843
175306
175306
156996
156300
169843
156300
169843
157667
153422
156300
156300
161270
156300
162273
156300
154041
153386
169843
156630
187625
156630
154148
169843
155726
156630
156878
164746
155620
154587
154284
197798
153234
154587
169843
156456
181160
181160
197798
181160
181160
196721
181160
197798
181160
181160
181160
158037
181160
181160
197798
154084
156300
153213
158037
158037
153386
197798
165091
156931
156300
156300
156300
158037
158037
153332
158037
158037
188257
196502
169843
188257
188257
158037
158037
198885
198885
189729
173300
183025
173300
173300
183025
173300
158037
165083
165083
188257
156120
171521
158037
154457
155726
154457
154457
155685
153655
154457
169843
155726
156931
154457
180244
180244
154457
180244
153172
180244
185828
185828
185828
185828
153531
185828
153339
182418
180244
180244
153386
155726
186762
161270
155620
169615
154457
180244
156331
169615
156331
169615
156630
169615
169615
169615
198278
156331
156331
198708
198708
198708
163187
192819
155620
153200
160859
155620
155606
156630
155726
156931
155726
156630
154587
159411
154457
153441
152878
153441
153987
153213
152958
163009
154586
157667
153386
199974
155286
155685
199007
199007
199007
186162
180548
199007
186162
192478
186162
181560
180548
186162
181560
186162
199007
181403
192978
199007
192978
181403
180548
181403
181403
180548
181403
181403
186162
192978
181403
199007
181403
199007
181560
181403
180548
181403
181560
173060
181403
198891
180548
163207
181403
173060
163207
163207
176051
163207
176051
173060
173060
163207
155844
163207
173060
173060
176051
171175
176051
162916
171175
161690
161690
161690
170255
170255
171999
161690
153811
162916
170255
188118
188118
188118
188118
188118
161690
162916
171521
153811
171999
170490
170255
170255
170255
191075
162916
174604
174604
187772
187772
187772
187772
171999
167163
170255
167163
196464
189271
189271
167440
159030
167163
189271
159030
159030
179391
167163
159030
159030
159030
161690
161690
161690
167163
179391
159030
160157
154592
196580
196379
196379
153332
178212
178212
154456
178212
178212
161105
153337
154456
162234
153386
160157
156931
152855
156300
157486
171355
185491
185491
171355
171355
155677
175022
175022
155677
175022
154456
175022
153200
155677
175022
157954
155726
155677
167163
179346
163207
189335
189335
189335
189335
158494
161410
189335
189335
189335
167048
163958
167048
167048
163958
167048
163958
163958
167048
152909
163958
167048
163958
160172
196733
160172
163958
167048
161410
167048
161410
160172
161410
163958
167048
163958
160172
169422
160024
152874
157154
167048
160024
160172
183447
167048
183447
159508
159508
167048
160024
188961
159762
188961
157477
157477
157477
156931
188961
190459
190459
190459
188961
153199
160972
152874
159411
154665
155606
155726
155686
167048
190459
188961
188961
159079
154456
179346
155677
188961
155726
152909
188961
158452
188961
155686
153386
162184
155677
154756
160024
154831
153200
167048
152909
167048
194385
194385
194385
155515
155677
155515
159508
155606
155515
165503
165503
165503
167048
165503
155515
154561
154756
195109
155515
152844
195556
189405
195556
189405
195556
189405
195109
195556
157375
157375
152871
157375
189405
153422
189405
189405
157375
189405
157375
159814
189405
157375
181240
189405
153272
189405
167048
189405
189405
153422
180137
153272
180137
181240
181240
181240
163958
185265
185265
185265
185265
185514
185514
153337
186167
194457
153272
153172
166211
194223
194223
194223
194223
194223
160365
166211
160365
163958
169323
160365
166211
160007
163207
160365
160365
160365
163207
160365
160172
166211
160365
169323
166211
160007
160365
160365
160007
166211
179346
156142
166211
159079
160365
156142
160365
160172
160007
156142
156142
160365
156142
156142
182633
182633
160172
156630
160172
160172
160365
156142
160024
156630
160365
196233
160007
167048
156142
177475
177475
177475
181012
181012
156142
152844
156142
153272
154456
153444
156142
161752
160365
181315
181315
164997
164997
160365
188762
164997
182017
159508
173482
182017
181315
164997
181315
164997
181315
164997
160365
159508
181315
159508
174838
160365
174838
153444
159508
164142
197099
153444
154148
160561
152867
153272
153444
163207
156142
153444
159508
160365
159508
156142
153444
171521
152809
154690
159508
160024
159762
159079
159411
152909
163159
154422
156142
160024
152909
160024
156142
153337
154880
181590
181590
156142
199971
154161
181590
181590
181590
181590
181590
156142
153200
184629
184629
184629
184629
184629
181590
184629
176014
176014
165092
176014
165092
176014
176014
157486
176014
155858
153441
198798
153332
153200
171941
198798
153441
171941
198798
198798
197970
197970
198798
174726
197970
197970
198798
197970
198798
171941
157448
185893
157448
171941
185893
171941
171941
171941
157486
161049
161049
191020
155563
191020
164037
191020
164037
164037
191020
191165
191165
157448
161049
153199
157448
157448
164037
157448
153200
161049
153811
153339
155606
153468
153332
152874
153199
156142
153587
158884
167871
166792
167871
156121
179346
163159
156911
159762
155606
155053
157199
160930
160972
157199
157199
159411
157199
154410
157365
160972
154400
157365
154561
152874
158691
157486
158868
155563
156815
155858
153468
177528
157392
191580
152867
153332
193858
153811
193858
193858
196453
196453
192308
196453
192308
179256
179256
179256
192308
181216
193858
181216
181216
181216
179256
179256
179256
192308
168533
192308
192308
192308
166618
179256
166618
179256
168637
170390
170390
163534
163534
192460
192460
192460
194069
194069
153655
192460
163534
192460
163534
157587
157587
163534
192460
168637
163534
163534
170719
170719
170719
153669
163534
157587
154161
155058
154674
157587
190989
190610
190610
190610
190610
190610
190610
190610
190610
190610
186665
186665
184613
184613
184613
184613
163534
180340
163534
163534
197887
197887
153811
169963
197887
160158
197887
180340
178946
169963
157587
153587
152856
156142
160158
159843
159843
160158
160158
164073
154702
156142
187587
164739
154702
153186
158097
164739
154702
154702
155274
159411
154702
154702
155606
154702
155606
153811
156996
153468
154565
169705
169705
170390
163009
169705
153339
170490
154284
170490
170490
170490
170490
155858
190318
190318
190318
190318
156121
156911
162273
154051
190318
153987
157233
154831
154831
158884
157587
160157
154913
156142
174536
174536
174536
174536
174536
174536
174536
174536
166208
166208
166208
154756
166208
156142
166208
166208
161117
156300
156300
154148
160930
153987
153444
155606
180386
180386
180386
180386
180386
165182
153332
180386
193853
165182
183913
183913
178665
183913
157365
183913
153332
178665
156544
183913
183447
165182
183447
152809
183447
165182
175025
187409
183447
173355
153532
154638
154284
178222
186534
165182
186534
186534
186534
186534
159899
159899
178222
167331
167331
178222
159899
165182
172262
167331
167331
167331
167331
165182
153987
164696
167594
160901
153664
155606
154565
153172
167646
167646
167646
167646
175025
178222
167646
155606
175480
175480
172566
171526
172566
171526
191216
171526
171526
164696
172566
172566
172566
184308
173247
184308
184308
184308
173247
173247
161987
161987
161987
168303
193629
193629
161987
153337
161987
193629
193629
198701
194655
194655
194655
191091
194655
194655
194655
193629
194655
194655
194655
194655
193629
193629
191091
193629
193629
193629
193629
183237
184295
173395
173395
174777
174777
192964
192964
183237
192964
174777
198295
195007
193629
161987
156176
190021
161987
194492
198070
198070
198070
161987
198070
154586
173395
156176
168303
161987
171526
171388
161987
171526
171526
156176
164696
173395
156176
180386
167594
188516
156630
188516
153019
154148
153200
156176
153664
175025
167594
156176
154041
153055
157233
156300
175025
154880
191883
191883
191883
191883
191883
191883
187851
191883
154586
154041
184224
156878
153161
153103
154041
155161
156176
164696
156300
153186
155058
156630
175372
153359
153200
180386
154041
186256
153234
154041
197132
197132
197132
153531
154410
186256
162514
162514
186256
162514
162514
162514
162514
162514
157392
159307
154084
153055
155161
154422
192368
192368
153531
192368
192368
153034
155073
154586
154041
154638
154561
153359
153172
156932
162305
154084
156996
158750
153444
152958
173395
154084
159021
154638
159021
159021
152912
156176
153234
153444
167025
190937
190937
190937
190937
190937
190937
190937
190937
152912
154586
163364
156176
164696
198879
198879
198879
186177
154041
186177
155392
186177
156456
155073
155112
154410
164080
153587
154084
169353
177334
169353
169353
169353
176113
169353
197853
169353
177334
177334
169353
177334
180386
152958
198047
169353
169353
177334
161853
177334
181841
169353
153119
177334
186066
177334
177334
153332
155908
154792
181299
181299
156878
153444
155967
170922
155967
184287
199158
199158
170922
199158
189018
189018
189018
189018
189018
170922
170922
189018
155967
189018
155967
155967
170922
189018
189018
189018
194962
155967
194962
194962
189018
155967
165475
177334
170147
177334
166951
168946
166951
168946
154561
177334
168946
177334
153669
168946
153294
168946
153739
164080
177334
153739
191447
153739
153739
164080
198540
198540
198540
198540
198540
153451
153451
198540
153216
163888
180386
163888
176248
176248
176248
176248
176248
153216
153664
163888
177334
153911
163888
153216
153337
176248
153251
163888
164080
153216
153216
183666
163888
153337
183666
154251
153739
153216
183666
183666
164080
177334
152912
153272
158868
164080
156665
180386
183666
153531
153359
153911
183666
153216
169913
154586
166923
156544
166923
177334
169913
161575
166923
153739
169667
153587
153337
154937
183473
183473
152912
176248
183473
183473
154665
169913
180410
180410
175220
175220
198051
198051
160864
175220
175025
153702
153702
171567
153702
169913
157392
156932
161404
153702
154756
153702
169913
169913
169913
153811
169913
154400
171567
154586
156544
154880
156996
153337
155073
156456
180386
153451
152809
156665
153451
153702
153702
153185
156544
157365
152912
153216
153531
156733
155161
196616
156665
196616
196616
196616
154561
189254
157332
153272
189254
189254
154041
155967
153702
154853
157574
165696
165696
165696
165696
165696
170971
180386
152855
187055
187055
187055
153055
170971
186970
186970
190960
190348
165696
165696
170971
173395
186970
165696
165696
167886
167886
178927
164080
171567
167886
178927
157574
178927
178927
165696
167886
178927
178927
155286
167886
152912
153216
154041
153103
167886
154561
159087
155967
157332
153119
154041
156086
169667
154565
164080
155967
153103
156121
159087
156846
154161
155908
154002
181841
156456
155858
157887
153103
159316
155563
153739
155967
181841
155967
153052
153272
153337
175025
154831
171567
153272
154041
176248
156544
153294
153728
155908
184841
184841
184841
177771
184841
177771
153702
156456
162899
184841
162899
177771
162899
162899
158469
162899
158469
157365
156932
156456
153055
156086
153451
154880
153702
154400
155058
153272
155058
155967
153702
160979
153702
173395
170598
170598
170598
153272
154250
154880
153019
153052
155908
153332
159523
154491
157332
153216
156142
156544
158469
197378
183426
158139
171567
158139
169667
158139
168819
189422
157486
189422
189422
158139
158139
164772
179432
179432
179432
168819
164772
165542
165542
165542
165542
179432
198047
179938
179938
168819
161822
161822
177334
158139
161822
161822
158469
168819
158139
175025
196128
158139
158139
168860
168860
176248
158691
168860
181841
168860
158139
197722
197722
168860
155820
181273
181273
156316
181273
157985
157985
181273
181273
181273
158139
157985
158139
181273
157985
157985
158469
158139
167444
157985
157985
177334
158139
158139
186816
156316
156316
167444
171567
156316
167444
156316
160309
156316
157486
155820
157486
157486
156316
157486
153185
152912
152867
163207
156316
156316
156316
155820
156630
180707
180707
180707
183842
181841
180707
153185
180707
183842
156544
155820
180707
153451
180707
189116
161297
153052
189116
153739
189116
153339
152809
189116
153272
179028
179028
179028
153119
179028
153216
153216
179028
179028
197282
179028
179028
152806
188090
179028
179028
152991
198113
153728
152991
179028
153272
153337
160827
198113
153337
153252
155820
153337
161297
160827
153172
153216
160827
153422
182423
182423
172098
172098
172098
172098
153252
192998
192998
192998
170074
192998
192998
156121
178870
157392
178870
154041
178870
178870
178870
185129
185129
178870
185129
185129
185129
185129
168818
185793
178870
185129
168818
185129
178870
185129
168818
178870
152878
168818
169667
167409
153103
155820
153339
152809
152912
188281
188281
188281
188281
173625
154084
173625
167409
173625
196083
196083
196083
196083
196083
156544
173625
167409
186295
186295
153359
186295
185509
185509
173625
173821
173821
173821
163787
169667
169258
153216
157644
153186
154674
153301
153294
153052
184764
153531
156316
196350
154565
156316
156932
156733
164662
154400
169667
157644
157644
153055
153272
160410
160410
160410
160410
160410
160410
160410
153252
190841
190841
190841
175025
190841
160410
154084
156316
152867
153422
153337
154915
154041
157644
152809
156996
173642
173642
173642
153186
171567
173642
157644
161297
158469
173642
172615
172615
172615
172615
172615
172615
173642
173642
172615
156630
172615
172615
173642
173642
194831
194831
194831
194831
194831
185310
185310
180712
180712
180712
196707
196707
196707
180712
196707
196707
153451
164046
153216
153055
158469
153339
173655
153272
173655
154913
190233
167444
156437
174224
174224
174224
156437
154561
152806
195448
156630
153252
174224
161297
156437
153339
156815
161297
193553
154616
156630
152939
193553
174447
174447
193553
175025
193553
154002
154616
169667
153531
154616
158469
161297
155058
172615
164696
164696
154616
174224
154616
156630
154041
154756
172615
154643
153444
172615
199886
152909
154643
155181
153055
154616
156733
175025
172615
155908
153332
153378
154616
155234
154756
169667
155634
153609
164811
155634
153609
153609
153609
185660
164811
164811
164811
164811
164696
164696
156121
158469
164676
158432
158432
158432
192911
164676
192911
192911
158432
192911
192911
192911
192911
192911
198959
156878
198959
156086
192911
192911
190398
192911
192911
190398
190398
165353
165353
165353
165353
181622
188480
189686
189686
181622
181622
161853
181622
181622
190982
190982
189686
190982
190982
189686
190982
181622
181622
189686
188480
181622
189686
199404
199404
193797
193797
193797
181622
181622
181622
173211
181622
181622
181622
173211
181622
168975
181622
171940
168975
168975
168975
168975
158432
191531
167184
191531
186003
191696
191696
191696
191696
191696
186003
186003
186003
186003
186003
186003
166987
186003
186003
186003
186003
186003
186003
186003
186003
171567
173244
158432
167929
167184
165353
167184
174481
167184
171567
166987
175025
166987
166987
166987
162260
166987
164676
164033
164676
171567
158432
162309
180386
162309
158432
184466
162260
158432
180741
166541
157413
166541
180741
166541
166541
155261
166541
166541
166541
168205
157413
162309
157413
157413
157413
153850
158272
158272
179244
179244
179244
179244
179244
154366
179244
174673
171549
154366
158432
158272
157413
155261
158272
171549
156236
157413
162273
157413
190126
190126
190126
190126
178501
178501
196311
158099
158099
174673
188513
188513
188513
188513
188513
188513
188513
179942
166214
173590
188513
154366
179942
188513
154366
188513
157413
188513
182171
184036
184036
184036
197013
197013
179942
197013
197783
197783
197783
197783
191368
197783
165976
197783
197783
197783
180976
197013
180976
180976
180976
182171
197783
197783
180976
182171
180976
173590
182171
167227
165976
182171
179942
167227
179942
184342
167227
167227
182253
182253
173590
184342
182253
179942
182253
173590
179942
182253
182253
167329
178110
189265
178110
178110
192703
189265
192703
192703
192703
189265
192703
176246
192703
176246
178110
178110
178110
176246
176246
176246
192703
170485
170485
170485
170485
199557
199557
199557
173590
172099
170485
170485
167329
167227
192703
165976
167329
165976
167227
167329
167227
165976
165976
184342
173590
167227
165636
164180
164791
164180
184342
175147
170652
198238
198238
198238
198238
198238
198238
185484
170652
184342
165976
198238
198238
198238
198238
170652
175147
198238
198238
192299
198238
184342
170652
170652
196128
175147
170652
170652
184342
196128
170652
170652
175147
185212
175147
185212
185212
170652
186448
186448
186448
186448
171422
189161
189161
189161
192062
192062
182171
174565
171422
176945
171422
171422
177658
177658
168122
171422
171422
177658
176245
184342
170442
176245
163207
170442
177658
177658
170442
170442
186333
182171
186333
182171
168122
194436
186333
177658
170652
186333
194436
177658
194436
170442
177658
177658
186333
170442
186333
170442
177658
156563
170442
177658
177658
170442
164670
170442
170024
180482
170442
177948
168122
177948
168122
177948
174565
170442
170442
194436
177948
194436
191052
191052
191052
191052
191052
167885
191052
191052
173084
173590
173084
173084
174673
173084
177948
169476
169476
170442
173084
186333
192494
192494
186333
192494
169476
177948
173590
178368
186333
168122
169476
169476
186333
155634
167885
170442
170442
164281
169476
169476
166180
168122
177948
164791
177948
167885
166180
164281
179009
166180
179009
179009
182171
168122
182171
173084
168122
173084
185793
165976
160884
173084
164281
165976
189991
165976
189991
189991
189991
167885
194604
167885
174673
166886
179217
163322
164281
179217
164281
185357
186914
186914
163322
179217
163322
163322
163322
163322
163187
173084
164791
169641
169641
157986
158815
174673
156879
166085
166085
161971
166085
169641
166085
174673
166085
157594
161971
156879
161971
156879
169641
161971
182171
186530
186530
198873
198873
158815
156879
158815
174673
157594
157594
157594
161971
157413
157594
161971
182171
157413
161971
180042
156879
180042
156563
174673
180042
180042
175963
180042
192412
195518
192412
155623
174673
192412
156879
192412
192412
156462
155623
192412
156462
166132
155443
192412
192412
156563
166132
161451
156462
156462
156563
155623
174673
156462
192412
192412
192412
192412
161451
155623
156462
165976
177697
189140
177697
189140
177697
177697
185972
182141
182141
182141
165353
155623
177697
182141
177697
182141
177697
182141
182141
177697
155623
156879
166132
182141
156879
158691
176334
176771
176771
176771
176334
176334
176334
176334
176334
162372
176003
156879
155623
199169
199169
159307
156421
160884
158806
157413
160884
155623
158806
158750
156462
156462
186881
156236
186881
186881
186881
186881
164944
167870
173206
173206
173206
189828
189828
173206
155623
156421
156316
156421
161752
155623
157392
156932
155623
155634
155623
155623
165976
155261
155623
175025
159087
155443
155443
184317
187017
187017
155261
166132
193478
166061
166061
166061
155421
154354
155634
155250
155443
182487
155250
155261
158469
154354
155421
155421
155261
155443
155443
155443
155443
181195
181195
175278
193491
193491
154251
193491
193491
193491
193491
193491
185827
163393
186476
193478
186476
181195
154988
163755
172653
186476
186476
158691
158691
192734
185318
199321
199321
199321
199321
199321
193478
187715
185318
185318
185318
175399
175399
175399
175399
192576
175399
175399
163755
175399
161522
175399
166851
163755
166851
163212
163755
163212
158438
163212
159674
161522
163212
161522
163212
154366
163393
166851
163212
154354
163393
166987
161522
153850
173020
164834
164834
164834
158469
164834
164834
164834
169667
164834
164834
164834
164834
155250
158438
163393
163212
188788
177261
177261
177261
177261
177261
177261
163393
159445
159445
157947
177261
194006
194006
194006
157947
194006
194006
194006
178325
178325
194006
164933
178325
178325
164933
194006
164933
164933
160150
157947
155443
192702
157947
192702
177261
192702
188788
155443
188788
184964
184964
184964
159445
177261
184964
153863
159445
155443
157947
154616
155443
158438
154084
157947
173740
155443
156086
155634
158438
177261
155443
173740
155634
158438
155634
155443
158438
195868
158438
155443
195868
195906
195906
195906
195906
195906
195906
194921
194921
199646
194921
199646
199646
194921
194921
163211
195906
195906
164667
164667
177261
177261
165403
172014
195906
165976
155634
172014
172014
172014
165976
195906
165403
165403
154366
155634
163211
165403
165976
165976
170692
170692
170692
163393
195906
170692
195906
170692
155443
155634
165403
165976
183863
158438
183863
159445
153973
183863
159445
183863
183863
168991
168991
168991
195906
154708
168991
168991
195906
168991
154708
154422
153863
158438
154366
154354
155443
155443
154354
153973
155250
199501
168991
154354
154041
154708
153973
153863
183811
183811
199501
183811
189829
189829
189829
183811
183811
155908
191933
159558
160490
159558
177884
181374
177884
177884
181374
162000
162000
156031
167727
156031
181374
181374
167727
177884
167727
156031
156258
156031
178400
178400
159445
178400
169667
174291
174291
178940
178940
174291
164069
176013
176013
176013
164069
174291
164069
179947
164069
174291
174291
174291
174291
174291
174291
174291
174291
174291
163884
171996
164069
180386
163884
164069
163884
163884
163884
163884
163884
156031
168991
156031
187623
189328
189328
189328
189328
187623
199013
199013
187623
187623
177940
177410
177940
177410
177410
170175
177940
177940
177410
166936
166936
157032
157032
197166
197166
197166
197166
197166
197166
197166
197166
197166
197166
197166
197166
197166
197166
162369
162203
197166
162203
180305
180305
180305
174882
197166
174882
197166
174882
162203
156878
197166
193727
193727
193727
197166
197166
197166
197166
197166
193727
157722
186429
157722
174882
162203
157722
196405
193727
186429
162369
192954
192954
192954
162203
186429
186429
157032
157722
186429
186429
159558
192954
186429
157032
159558
157032
159558
160490
162203
159558
192954
156467
192954
195360
195360
197166
160490
186877
156467
186877
156467
197718
156467
197718
192954
156467
156467
156467
164696
156467
156467
186429
156467
156031
182350
197166
182350
188824
186429
188824
186429
186877
182350
153850
156258
158438
153850
156031
156031
156031
156031
168683
156467
156031
156544
156031
168683
168683
162681
156031
156467
155862
195906
155862
156258
156258
186429
186429
155862
156031
186148
186148
186148
186148
170179
156031
170179
165398
170179
165398
170179
176535
155862
156031
173473
177024
177024
177024
177024
153850
177024
177024
177024
177024
177024
177024
156544
157486
169628
186429
169628
154366
169628
169628
154366
156456
156733
173473
169628
176535
156031
173473
154338
160145
176535
176535
172546
186429
172546
181072
181072
181335
154448
195906
199565
199565
156467
156031
181635
181635
172546
172546
158469
158432
153863
191864
185797
170158
156031
177707
191044
191044
191044
191044
154616
177707
153863
156031
153863
154338
154338
154338
153863
199484
199484
156813
156813
191044
177707
177707
173473
163393
156813
154607
156813
156931
156813
156031
186429
154338
154792
156544
154607
166357
154607
183359
183359
196650
186429
178764
153863
196650
155862
186429
160309
183359
183359
183359
155250
181785
155250
154338
186429
155261
158438
156086
154366
154338
154756
170405
156467
197166
170405
155261
154792
170405
167923
193650
193650
193650
193650
193650
193794
193794
193650
170405
167923
167923
167923
167923
167923
167923
193650
193650
181180
181180
156031
181180
181180
193650
167923
167923
167923
167923
154638
154860
154708
154860
156316
156031
154937
173740
155058
155862
156121
156467
154860
153496
154860
154860
154338
172610
172610
172610
155862
154860
172610
155250
183434
156031
154366
169628
163212
157587
156031
173740
153850
155967
184661
154338
184661
154366
155686
156456
175479
153863
192900
192900
192900
157332
192900
192900
192900
192900
192900
192900
192900
192900
180774
180774
180774
180441
174711
174711
174711
184540
174711
184540
154338
184540
162853
184540
183932
184540
183932
187353
183932
183932
174711
169684
169684
193650
185299
169684
185299
159727
154860
154338
169684
186607
185299
185299
165920
165920
163429
165920
165920
183676
197241
169684
165920
183676
183676
185550
159727
163429
163429
165920
163429
183676
163429
176666
163429
176666
159727
154338
176666
163429
185793
159727
154338
167923
159727
184540
159727
159727
168683
183479
155897
183479
157492
159316
153668
163042
159925
155897
159925
153668
163393
167923
154338
154756
153668
168775
155862
168775
155844
154338
153973
168775
173473
173473
155348
154338
155250
154338
162853
160028
155392
153496
182192
182192
154084
167059
167059
153668
153863
167059
154532
162681
162853
153668
162853
193087
162853
193087
158691
158438
162853
162681
153863
158691
153668
154643
153668
154084
153668
169628
153496
154251
162681
155392
153728
158691
156456
191620
191620
191620
191620
191620
191620
191620
191620
153973
162681
153496
193230
168966
168966
189171
168966
189171
168966
153496
168966
153496
193230
168966
168966
159562
168966
193230
168966
168966
193230
193230
164360
164360
168966
164360
164360
160028
159562
159562
168966
175356
191620
191620
195354
191620
175356
159562
170074
170074
199531
170074
186864
182154
182154
182154
180037
180037
170074
170074
170074
180037
180037
159562
170074
170074
185661
185661
180037
153496
155862
180037
155862
185661
185448
182154
185661
180037
170074
185448
185448
153496
191554
185448
171557
185448
191554
199784
199784
191554
199784
171557
199784
171557
184748
184748
199784
199784
184748
184748
184748
156544
184748
184748
199784
184748
184748
171557
184748
184748
188011
188011
184748
188011
188011
199784
188011
199715
171557
188011
163393
188011
188011
192256
184748
192256
184748
192256
199784
191808
191808
191808
181435
199784
181435
191808
191808
184748
181435
171557
181026
181435
171557
171557
191808
171557
171557
188813
157365
188813
188813
189615
181435
189615
167182
189615
190091
190091
190091
199336
167182
199336
190091
190091
190091
199336
190091
190091
190091
199336
190091
190091
181435
168891
168891
168891
190396
190396
190396
190396
190396
190396
190091
190396
190091
190091
173531
173531
195034
195034
195034
184313
190091
189615
191517
173531
191517
184313
173531
191517
184313
184313
191517
191517
173531
191517
190091
185042
191517
173531
167182
190091
180037
187998
168891
180037
173163
167182
180037
171557
183073
171557
168891
183073
190091
180037
180037
167182
167182
167182
167182
165504
165565
167182
165565
155458
173163
180471
180471
155458
167182
164289
164289
180471
173163
173163
180471
180037
165524
165524
167182
165504
167182
165504
163844
163844
165524
173163
163844
190091
192748
159219
165504
192748
165504
180977
180977
165504
180977
184540
180037
180977
163918
180977
168536
168536
168536
155458
180977
168536
165504
168536
168536
168536
168536
180977
165504
165504
159219
178731
159219
159219
168536
159219
180820
180820
159219
168536
180820
175252
165504
159219
165524
165504
155458
163918
162717
162717
162717
178659
178659
180037
178659
178659
175554
175554
178659
156022
171275
190091
181548
180207
156121
180037
158334
180207
182881
155458
182881
182881
180207
179657
171275
171275
171275
155458
162717
155458
153574
155458
155458
159677
165504
159677
155458
159677
178659
161990
178659
178659
157822
153574
157822
159562
158334
157822
157822
186700
186700
186700
186949
155726
186949
186949
186949
165674
186700
186700
165674
153668
157822
157822
155458
157822
154338
155458
157822
157822
157822
155458
159015
186776
186776
154017
186776
186776
178023
154017
161665
171163
157822
156176
153574
157822
161665
155611
155611
157518
158334
154017
155611
158691
153574
155611
153496
158494
153496
155458
163393
153252
152954
158334
161665
153339
195537
195537
195537
153337
195537
155611
195537
195537
153496
189415
190564
195537
195537
190564
190564
190564
189415
189415
165121
189415
159812
165121
165121
163153
153332
159812
159812
153500
159812
160028
153216
155726
153668
156630
168669
156456
156544
154724
176188
176188
176188
153234
158438
169698
169698
194709
194709
194709
194709
194709
194709
194709
169698
194709
169698
166462
166462
166462
154532
155458
155611
166462
153496
154734
185014
159843
169667
154616
155611
154410
154734
155862
153044
153339
179855
186664
179855
186664
196902
196902
196902
179855
196902
155458
179855
155685
179855
181953
181953
181953
167369
181953
181953
181953
196902
181953
181953
157476
154148
154251
167369
167369
153044
167369
167369
181953
153044
167369
172996
199779
199779
199779
167369
188603
188603
188603
176827
153044
172996
178548
178548
172996
178548
190091
155227
159307
172996
155227
160157
189705
189705
158494
155611
154643
153095
189705
189705
189705
189705
186755
189705
186689
155460
186755
186689
186689
186689
186689
187567
196450
196450
186689
186689
157822
186689
155460
155611
188456
188456
188456
188456
188456
188456
155460
187536
198338
188456
198338
187536
198338
187536
188456
176779
171603
155460
171603
155460
194275
199079
199079
199079
199079
199079
199079
199079
199079
199079
176827
167588
167588
198338
194275
183250
167588
167588
178548
167588
167588
167588
178548
162619
162619
162619
162619
167588
162619
155460
166619
162619
155460
153044
160028
193246
158781
162619
162619
162619
162619
167588
162619
167588
158781
167369
167588
158781
198570
198570
153286
159605
159605
159605
159605
159605
157016
159605
158781
159605
178658
178658
178658
178658
178658
178658
178658
178658
188987
156065
178658
178658
178658
158781
178658
159605
181188
156065
178658
178658
178658
181188
159605
181188
178658
178658
167369
159605
192844
156065
167369
167369
157016
178658
178658
159605
161731
161731
168669
161731
161731
159605
161731
153359
161731
153044
154046
194692
156065
194692
192092
192092
192092
161731
159155
176803
176803
153234
158240
158240
158240
158240
157016
153234
156065
179947
155460
163306
168567
184448
184448
184448
155460
176534
168567
168567
153234
168991
172459
172459
172459
172459
172459
160028
155460
169667
157016
163306
157016
160157
153234
155460
157016
157016
154734
154148
157016
163306
191401
157016
156065
157016
189803
157016
163393
156065
159467
163306
159467
159467
159467
154883
159467
156199
153234
153169
156199
153186
153044
156199
168991
169628
154883
153044
156121
153169
163306
167923
152954
153294
153234
154883
153234
153339
153272
153294
153234
152954
168468
168468
168468
168468
153234
153609
153294
154792
195226
195226
176218
155458
155458
176218
189554
189554
189554
189554
176218
176218
168468
165354
176218
176218
165354
165354
155458
165354
165354
176218
189554
198392
198392
198392
198392
198392
198392
198392
190827
165354
190827
168468
190827
188309
154883
165354
161499
188961
188961
180602
185694
185694
161803
180602
162436
152977
161499
161803
162436
162436
161803
162436
161803
179721
179721
161803
179721
180465
180465
153272
191865
192779
153668
192779
191865
191865
191865
161803
160930
179721
153880
154853
153664
154638
154046
154724
152954
179721
153339
153130
156630
154513
176262
155460
176262
161803
161803
153880
154338
194702
153574
154046
158025
157417
158025
157417
158691
166129
157417
188409
188409
188409
159814
188409
188409
152806
157417
188409
161803
162548
152954
193727
193727
176218
193727
155560
193727
193727
179947
155560
193727
193727
193727
193727
155560
160650
160650
162548
160650
163306
162548
160650
160650
155560
162548
161803
163306
176218
155560
167923
152954
162548
153161
163306
154410
153669
161803
157417
167923
160972
155709
153332
158750
155709
153234
155560
153216
165354
173792
173792
154338
173473
160930
169627
168670
169627
168670
176218
169627
169627
184387
184387
184387
184387
168670
168670
168670
160544
160544
160544
191900
173792
190956
190956
152954
160544
160544
168670
152954
173473
153444
160544
160544
153444
153234
157417
160544
153185
153444
199556
152954
171544
153034
160544
171544
173473
173792
168933
168933
168670
171544
153052
171544
171544
196341
167767
183676
183676
183676
153337
183676
153234
167767
167767
183676
174857
174857
153095
174857
180347
155560
193361
173792
155685
155685
160157
179346
154616
156142
194670
153234
194670
194670
155560
155353
152954
154300
168933
185149
155353
153185
155353
153234
152977
156142
155353
169264
169264
169264
154041
167941
154561
153234
169264
153332
155397
155397
155397
156630
158432
155397
155397
167923
155397
153169
160930
165884
160935
173792
155397
165884
155397
171544
154734
158438
155353
154734
155353
154616
164743
171544
164743
164743
164743
164743
164743
183659
164743
164743
164743
155353
182049
174899
153199
153234
169264
167645
152954
167645
183659
153095
167645
165710
158438
167645
165710
158469
153186
155139
153185
194294
194294
167052
169101
154665
167645
165421
153378
152977
153531
155353
165421
154338
154883
183659
188586
184090
155460
184090
153378
184090
165421
155606
183659
153169
152856
153216
165884
165421
164917
173588
164917
193346
193346
157417
175387
152874
165421
175387
175387
173588
173588
175387
165421
160984
173588
152954
173588
173588
173588
164917
171544
164917
173588
183659
171544
154577
160984
165884
183659
155945
155945
165884
154883
155945
155945
155945
155606
155945
155945
152954
158691
192737
192737
168233
168233
168233
168233
168233
168233
168233
175560
175560
168233
161359
175560
175560
175560
175371
175371
175371
161359
159835
161359
181766
192737
161359
192737
181766
181766
186631
186631
186631
181766
181766
181766
181766
161359
181766
181766
181766
175560
166673
187489
156931
166673
192737
166673
175560
187489
159835
192737
158156
161009
166673
166673
180844
187489
166775
166775
180403
166775
161009
175560
161009
161009
192737
161359
161009
175560
161359
159835
159835
161359
168233
166775
168233
173023
159835
186407
186407
186407
186407
198265
168233
186407
158156
173023
159835
168233
171763
159835
159835
171763
161009
161359
161359
158156
173023
161359
159835
168233
183659
168233
154816
169628
178705
178705
161009
158156
159088
158156
153702
158156
156176
161359
154816
195762
168233
152954
195762
158156
155073
175008
175008
174612
153332
196225
196225
174612
154041
153234
154577
154951
196225
153234
161359
179739
196225
179739
196225
196225
178816
173684
178816
160981
173684
178816
173684
173684
178816
173684
196225
160981
164858
164858
164858
173684
173684
160981
173684
173684
196225
173684
183659
173684
161009
183659
169567
169567
169567
154816
196441
196441
196441
196441
196441
154041
196441
194321
174983
196441
174983
196441
159762
153332
168233
161359
194321
153185
194321
191367
171368
191367
191367
169567
171368
196441
191367
153169
191367
196441
171368
171368
158304
171368
166775
158304
179484
158432
179484
158304
158304
156504
152954
168125
186025
191367
156504
168125
168125
168125
161227
191367
161227
183659
153337
168125
175094
186025
175094
177911
161227
183659
177911
177911
177911
177911
161227
175094
175094
161227
161227
186025
154883
186025
157417
161227
199784
153337
156092
152954
199784
156092
155726
191367
165884
186025
153444
153286
153973
153199
153213
153669
166775
156092
154041
156176
153339
153199
158691
165884
153609
154988
154724
158452
156047
159316
156047
156092
156065
173474
196441
196441
173474
173474
160930
153055
174612
158438
183979
183979
183979
183979
183979
183979
183979
170932
155058
183979
159508
170932
183979
170338
159508
159508
159508
181341
181341
159508
170932
160943
153275
170338
176242
176242
176242
153234
172987
181341
153332
153669
153199
154361
181341
175738
159627
159627
175738
181341
159627
175738
193844
174447
174447
193844
174447
193174
193174
193174
158432
193174
193844
193174
193174
193174
180770
174447
172504
172504
172504
174447
159627
159627
159627
159508
172504
159627
159627
174447
159627
159627
159627
156047
152908
172504
156552
156552
170890
174447
154009
186999
159627
181341
156552
181341
156552
156175
176099
159674
181341
180172
180172
156175
180172
194290
194290
194290
179918
179918
194290
194290
156175
195383
194290
194290
180172
178502
178502
178502
180172
179918
178502
178502
176099
178502
169635
169635
178502
176099
178502
178502
156175
175560
179346
172504
169635
169635
169635
156175
156175
176099
169635
156175
156175
169635
154380
156175
161889
174447
154009
154009
152908
156175
156175
166179
169635
164992
166179
170932
169635
164992
176099
164992
177048
152954
156175
177048
178262
178262
167038
167038
174447
167038
176099
164992
164992
167038
169635
156175
164992
169635
164992
164992
174447
164992
167038
155043
155043
155043
170932
155043
155043
155043
156933
155043
192233
192233
192233
192233
192233
192233
192233
174612
192233
192233
192233
192233
182215
192233
192233
192233
192233
192233
192233
158334
182215
177152
167879
167879
166093
167879
190286
190286
199147
199147
199147
199147
171062
199147
171062
187738
190286
187738
187738
187738
187738
187738
187738
187738
187738
167879
187738
167879
187738
165935
187738
171062
187738
187738
165935
166093
167879
175466
167038
175466
165935
165935
175466
175459
187738
178019
165935
173002
175466
175466
173002
165935
189233
171293
192282
192282
187738
192282
192282
192282
160875
192282
171710
192282
192282
192282
192282
192282
182159
183400
199167
192282
183400
183400
182286
182286
182286
182286
187738
182286
155043
183711
171710
166093
166093
164212
165935
167038
189267
189267
190708
190708
190708
190708
165935
189267
166093
189267
189267
165026
164212
164212
173002
171710
164212
160875
171077
164212
197993
197993
197993
155515
197993
197993
171293
183711
171844
164212
169635
173002
175459
160875
171710
166093
160875
166093
165935
165935
155515
160875
171710
159170
160875
160875
169635
171710
165935
159170
159170
183711
190837
190837
155515
165935
171544
170932
155515
164212
159170
177800
177800
159170
177800
183711
155515
165609
165935
165609
177800
166093
183711
161008
175024
175024
175024
161008
183711
177800
177800
171710
161008
157305
155515
160998
171077
171077
183711
160998
155043
184804
184804
157305
161759
184804
184804
161759
161008
155043
165609
155043
156601
165609
169635
161008
170932
166093
155515
155515
166093
171544
183711
183711
163459
163459
155043
165935
167038
198027
198027
198027
198027
155043
165935
170932
167038
155043
155515
171710
196482
190210
196482
196482
196482
155515
155515
167038
155515
155043
155043
155043
190210
154380
173044
171077
190210
190210
173044
173044
155043
173044
173044
155043
155515
158958
164212
155043
165609
160998
164212
160875
168633
160998
156601
161008
153172
166093
161008
155043
154380
155043
196482
168311
155515
176462
160998
155515
194249
181473
196482
168311
154616
168633
160998
152977
187244
187244
154380
154380
168311
164163
170932
168595
164163
168633
169635
155043
182510
168311
182510
182510
182510
166001
166093
176462
160998
155515
167038
166093
166001
168633
188153
188153
166001
188153
166001
188153
174480
167011
168633
154913
155139
168633
161759
161759
160875
165609
174022
174022
174022
161759
174022
155515
174022
161759
156601
156753
165952
156753
154417
161759
165952
154456
154417
155043
161759
161008
161759
157305
156601
168633
161759
169635
188863
188863
188863
173979
156601
166093
154417
176462
155043
154831
171544
199652
199652
166093
161008
154284
185793
171544
165952
169635
154284
154284
152874
153294
154284
165609
155515
171144
166093
165952
156601
166093
165952
171144
165609
157305
194784
156175
154284
179096
179096
179096
165609
156175
168633
157305
199673
184988
176612
160998
155350
176612
154561
159508
184988
175897
153286
156601
161008
156601
156601
181643
181643
181643
181643
181643
181643
181643
156601
181643
171544
165609
154831
197736
188067
154284
154284
154417
159508
154284
156601
167788
189307
167788
189307
176559
189307
154665
153216
167788
152954
155515
155515
181643
167788
167788
158452
156806
167788
167788
156806
167788
158691
156806
156806
159307
156806
156806
165609
156806
171544
181643
155643
155643
155643
181643
156806
190805
190805
188497
190805
155643
153556
188497
175894
188497
155643
169635
156175
175894
175894
175894
156175
156806
156806
155643
164199
172654
172654
164199
199006
156601
199006
164199
199006
199006
199006
199006
199006
166667
199006
152874
172654
171672
171672
171672
199006
171672
183597
194082
165334
194082
152856
153186
172654
165334
153286
195078
153161
165334
183597
171672
153275
165334
152785
165939
171672
164199
171672
195155
186152
165939
195155
165334
165939
163885
153172
195155
165939
163885
171672
165334
183187
165334
183187
183187
165334
171672
171672
156806
156806
171672
158432
172695
172695
165334
163885
193353
193353
193353
163885
193353
193353
159677
193353
158334
171672
162352
159508
158432
156175
159762
153114
195567
155515
156092
160077
171341
171341
171341
171341
166775
167070
159762
155043
156047
154674
155515
156047
166775
152844
158691
158334
155043
156601
152977
195365
195365
195365
195365
195365
195365
195365
154284
159307
165884
165884
171544
154284
152855
194812
194812
194812
183029
174850
173565
163722
163722
156047
163722
174850
183029
183029
196206
174850
170535
174787
174787
170535
196206
174787
174850
170535
174850
174850
153095
174850
152954
174850
154380
154816
183029
174787
153332
187676
155643
154616
154284
153251
156931
158334
153213
161008
154816
156601
155550
158334
165302
159508
156504
156601
152954
155350
154380
161008
161004
195286
161008
154380
153154
158334
179346
165935
171544
159088
154009
159307
161008
153054
166775
152954
159411
156552
160930
154009
168633
152912
153199
155073
154674
154380
154041
153186
154380
179439
179439
179439
161898
161898
182973
152954
155685
155515
153130
152867
161898
155043
152954
155350
153103
156047
154915
154853
154951
155515
160854
152954
156047
154380
161898
153545
153172
161898
160028
152867
154734
192239
192239
158334
152954
153054
152977
154756
153199
190542
153009
155643
190790
178405
153172
153332
153054
153545
152844
170390
153213
153213
197390
162352
154561
158691
188583
188583
188583
153186
167923
162352
154831
168669
162352
153332
159814
182614
182614
182614
158156
159000
159000
159000
161008
159000
171109
171109
159000
159000
159000
159000
153172
169628
153186
185931
185931
156175
185931
153880
185931
153019
154915
159508
185931
159508
185931
185931
153199
159309
159309
168669
154009
164034
185931
159000
158284
158284
158284
185931
158284
185931
155224
158284
185931
161008
159000
176825
194274
194274
154380
194274
194274
179969
179969
194274
178201
178201
178201
179969
178201
193249
193249
198028
158284
198028
158284
158284
198028
155726
189389
152954
189389
153125
198028
153186
154417
154831
159508
153130
153337
162352
198028
153054
198028
155515
154816
166775
194238
153337
153019
153054
155058
194238
155139
194238
181267
194125
194125
194125
164075
194125
194125
162352
180763
180763
180763
164075
180763
164075
194125
180763
180763
162352
154883
164075
159508
180763
152912
152939
165935
152874
152809
156175
153019
153422
154046
153009
154380
163306
162352
153114
153234
154937
155224
154380
156047
165935
180763
154380
154724
152954
152856
153130
153130
153054
191319
191319
199290
199290
191319
195780
195780
153054
191319
191319
191319
191319
155058
156142
191319
152844
161008
152844
159508
159762
156933
154883
165935
162352
188360
159411
174931
152908
154988
154161
153172
178380
159674
155515
178380
178380
153130
152806
178380
156175
154300
188050
155350
188050
154831
155726
156456
153034
153213
153114
155350
159508
159508
155350
161217
161217
161217
184971
184971
161217
161217
161217
153780
159674
161217
154860
155685
154860
156931
162103
162352
184513
153052
193856
193856
193856
193856
193856
193856
193856
193856
155234
184513
169022
184513
184513
184513
169022
169022
169022
161217
169022
193856
169022
154638
177995
177995
177995
177995
169022
161217
169022
192656
169022
177995
157884
157884
157884
161217
161217
158334
154422
156895
156895
156895
163306
156895
166775
152912
154400
152909
153585
154300
153130
158156
159871
159508
153780
153009
162352
156895
179995
179995
179995
179995
179995
179995
179995
179995
179995
179995
179995
154756
161754
156895
161754
163306
170509
170509
178485
154338
153130
154674
191170
191170
191170
191170
154816
152939
185393
154860
156065
156175
153422
153422
159843
158540
155224
156142
155515
196471
153504
155686
198360
156175
198360
196471
198360
198360
196471
175972
175972
175972
169711
154906
153504
153504
196471
196471
175972
177668
196471
169795
158432
196471
196471
159814
156047
175972
153504
153019
155686
193990
196471
193990
155515
173150
173150
154883
173150
173150
173150
173150
153504
175560
152785
154880
173150
169805
196471
173150
159296
173150
152874
159296
169805
193686
152809
196471
169805
159296
178895
153780
154915
154422
184953
184953
184953
186148
186148
186148
186148
190500
190500
190500
177649
186148
177649
190500
190500
184953
168565
186148
175776
178895
186148
190500
177649
175776
186148
177649
186148
177649
175776
190500
190500
175776
186148
178192
175776
186148
168565
168565
186148
175776
168565
168565
168565
168565
170731
159296
170731
175776
175776
170731
170731
170731
170542
170542
167585
168565
167585
175972
178192
170542
178192
161452
175972
178192
168565
170542
177046
177046
186148
175776
168565
168565
168565
188595
188595
168565
168565
168565
175892
159296
186148
175892
167585
167318
175892
167318
178192
164683
160854
162958
157978
164683
164683
170819
175972
161452
170819
170819
170819
181382
181382
189820
181382
175560
189820
192311
192311
192311
192311
192311
192311
192311
192311
192311
192311
181382
181382
162958
181382
181382
170010
181382
181382
181382
181382
181382
170010
181382
181382
170819
175972
170010
195707
195707
195312
195707
170819
181382
195707
195707
195707
195312
170010
195707
195312
195312
189323
189323
189323
189323
189323
189323
180503
180503
180503
180503
180503
180503
180503
180503
170819
180503
180503
180503
180503
159674
157978
170010
175884
191941
191941
175884
170010
157884
175884
162103
157978
196122
196122
196122
196122
193019
188595
170010
193019
193019
193019
175595
175595
175595
170010
170010
170010
175595
175595
170010
175595
175595
174342
175884
167152
175884
170010
175884
161958
161958
158389
158389
158389
161958
161958
175972
159296
161452
159290
175884
154410
159290
156142
182185
175884
195396
188081
188081
188081
188081
188081
185095
188081
188081
185095
188081
182185
182185
182185
182185
182185
182185
182185
187705
159290
159290
187705
182185
187705
158389
158389
158389
182185
187705
187705
159290
170135
170135
170135
170135
170135
158389
170135
160666
160077
161452
158389
170390
180418
197649
197649
161452
197649
197649
156528
157884
180418
156528
156528
156528
162958
174342
171767
179099
179099
171767
156528
171767
171767
165079
165079
165079
171767
165079
165079
165079
174342
194760
194760
194760
180397
195814
154467
195814
171767
165079
162103
162103
162103
162103
165079
156528
165079
156528
156528
162103
156528
188595
165079
171767
165079
162103
162103
161452
166987
174342
162958
162958
162838
156528
162838
162838
162838
162838
162838
171767
171876
169374
169374
172109
169374
172109
169374
172109
171876
169374
172109
172109
154368
188595
180585
180585
180585
169374
180585
180585
171876
171876
156528
180244
159290
180244
156528
177916
156528
177916
177916
177916
171767
169374
171767
177916
169374
162838
156528
171767
162838
162838
162838
162838
156528
169374
160666
155656
156528
168433
196048
154999
184994
196048
184994
184994
184994
184994
168433
168433
169374
162838
154999
160361
154999
162838
154999
162103
155098
160361
155098
155656
161718
161718
160281
160281
161718
198092
198092
157884
155098
156528
155098
155098
155098
161780
154467
154999
155098
165904
165904
155098
194191
194191
153526
160666
155098
160666
154467
156528
156528
155726
166775
154999
157884
189098
189098
175902
175902
175902
153336
186108
186108
175902
154999
186108
186108
186108
175902
184098
184098
175902
160281
175902
169374
175902
184098
169374
169374
180319
195024
195024
180319
184098
180319
184098
184098
162019
163306
184098
162019
174820
169374
159290
162019
175696
184098
159290
159290
162019
191219
184562
191219
175696
175696
175696
159006
184098
175696
175696
175696
175696
171067
198800
194772
184111
192080
192080
194668
175696
192080
192080
175696
184111
184098
195671
184098
171067
171067
171067
195671
192080
197315
197315
187426
194190
194190
187426
194190
192080
194190
192080
187426
192080
171067
184072
192080
184745
187426
184745
184098
171067
185082
185082
185082
185082
185082
187426
171067
187426
171067
171067
164808
164808
186423
186423
186423
167996
186423
159006
167996
186423
186423
181416
195887
191329
196792
195887
196792
196792
196792
187426
195887
196792
181416
185946
172059
172490
181416
176988
172059
176988
176988
176988
176988
184745
184745
184745
172490
198474
198474
198474
197047
197047
171067
172059
187426
162641
162641
162641
162641
197047
162641
171067
186739
197047
157802
162019
171067
172059
172059
172059
162641
162831
157802
162831
192257
192257
162831
160852
167996
199357
199357
199357
199357
184302
184302
162831
162831
160852
162831
179398
179398
179398
194616
153336
193375
184302
179398
179398
162019
176888
193375
184302
176888
184302
153961
184302
179398
179398
199766
153961
160476
199766
199766
199766
199766
177311
162831
177311
160476
178614
178614
178614
178614
178614
194526
195560
194526
195560
194526
178614
194526
160852
155098
177311
177311
177311
160852
154368
153961
154999
172059
154440
162641
172059
162641
154999
154368
198096
153336
178614
154999
174068
168834
168382
168834
168834
168834
162641
191237
167996
154999
187356
154999
187356
154467
187356
162641
154999
155656
154999
187356
160852
155656
162838
171132
154467
162641
154999
156528
167996
171132
155098
155098
167996
198560
198560
198560
198560
198560
154999
160852
187356
156047
198560
166641
196520
196520
166641
196520
196520
153119
196520
153336
173004
179949
157417
160852
167996
155656
160852
198560
198560
155656
158728
153336
190580
190580
198560
190580
190580
190580
172059
190580
155098
153336
154999
156047
154440
155656
153682
155656
154399
154381
154399
172059
172059
160852
156047
155686
153336
160852
154399
164696
154399
154399
156175
160852
160852
153961
173104
173104
154399
153172
154381
154381
156601
154399
155656
155098
181470
154440
183310
163306
172059
153336
160852
172059
181470
181470
160281
153336
176978
176978
176978
153119
176978
153080
154532
176978
153526
176978
154381
181470
153119
153080
154399
153080
154513
176978
153526
153172
153080
157884
154999
154831
153080
154381
154381
153682
153780
155611
181470
155353
157884
154532
160281
181470
157884
154338
153682
182854
182854
182854
182854
182854
182854
160281
193550
195058
153336
195058
153067
195058
195058
193550
182854
182854
179410
182854
183310
182854
183310
179410
182854
182854
183310
179410
182854
176187
176187
199855
199855
154381
176187
154724
154381
170612
155353
179722
170612
153080
175672
157233
170612
198209
198209
198209
198209
198209
198209
175672
160984
198209
198209
172770
172770
198209
157233
181470
160984
157233
167459
167459
167459
157233
172770
153080
157233
157233
157233
183310
169919
169919
169919
157233
157233
153682
169919
169919
175285
169919
159711
156601
169919
169919
169919
153080
169919
159711
159711
169919
162641
153067
162641
153080
156601
153336
154399
175797
187536
169919
153095
175797
183310
153811
153663
175797
153663
156090
156601
156310
156310
156310
162838
160281
155764
154417
155764
157626
157626
157626
157626
175354
170680
174750
182347
174750
182347
174750
174750
174750
174750
157626
175527
157626
156911
175527
156911
156911
171201
195925
169919
156090
156175
171201
157626
156911
153663
176813
172267
172267
172267
172267
172267
172267
156175
172267
172267
172267
172267
157626
172267
175527
153663
157626
157626
173473
175527
156911
172267
153682
159711
154756
155181
153663
155139
153663
153682
153080
184745
184745
184745
184745
184745
154532
169192
175527
153663
153682
153682
172160
168909
168909
153663
153682
168909
156175
168909
168909
154880
168909
153682
179729
153336
153172
153682
154880
156456
169919
154422
175527
175527
156090
175527
160984
153663
160281
156911
168909
154724
154595
168909
179729
154616
153682
175560
175527
163306
154792
154595
155443
154724
174629
153080
171188
171188
171188
177825
171188
177825
171188
176822
176822
168909
158156
176822
169919
153103
153663
196893
196893
196893
196893
196893
182865
182865
166696
155350
188979
182865
169919
166696
185006
181531
193628
193628
193628
193628
193628
193628
193628
182865
181531
181531
181531
181531
181531
181531
181531
163022
166696
181531
181531
198932
198932
157205
169919
198932
157205
168909
198932
181531
181531
181531
181531
157205
181531
198932
181531
179444
157205
163022
173578
173578
168909
157205
157205
163022
180224
183964
183964
183964
183964
183964
180224
180224
163022
168909
187051
187051
187051
167578
180224
163022
163022
153080
153213
167504
190627
155098
162838
153336
153125
154422
168967
168967
180224
168967
198944
198944
198944
154381
171154
198944
197003
197003
197003
198944
198944
181530
165817
166147
166147
165817
159123
165817
180224
181530
181530
177269
177269
181530
181530
175527
181530
165817
165817
165817
159759
157158
155350
165817
156933
159759
168615
160852
160852
159711
159759
159123
194126
159759
159759
159123
157158
194126
157158
168615
155397
161999
178882
157158
157158
155686
157158
153199
176531
154399
170584
170584
153532
176531
188506
188506
153080
188506
153336
153336
153080
188506
170584
166775
184820
170584
184820
184820
184820
153526
173841
173841
173841
154513
170584
159741
153080
157576
157576
157576
153336
154513
159741
162838
170584
157576
157576
159741
157576
154717
155976
152809
155976
159741
188546
155976
155976
163393
159741
160281
166775
155976
155976
153080
154380
159741
152809
155976
154381
159741
154999
155443
160281
156142
154381
153213
166775
163393
184007
184007
181714
181714
154338
155858
181714
181714
153863
153213
191415
153504
157845
191415
176829
191415
153504
191415
153114
153664
153336
156175
156100
156175
163393
160097
157845
191415
155643
159711
154338
191415
153199
152912
153863
191415
180827
153664
156100
159316
154999
154724
154880
158156
190522
190522
160171
190522
190522
156362
159771
190522
156362
153054
190522
190522
156015
190522
190522
153186
153406
153850
153213
153426
154880
160171
153663
154880
160171
162439
158156
165609
188364
188364
153332
168144
168144
162439
168144
158334
162439
162439
153080
162439
162439
153052
154906
156933
168144
178787
191415
154513
178787
155098
153199
193899
193899
193899
193899
193899
193899
193899
155560
190747
190747
190747
190747
153332
190747
190747
154019
190747
190747
190747
186665
186665
186665
197897
186665
190461
186665
191310
179758
191310
191310
186665
186665
190461
179758
179758
179758
179758
168144
154816
179758
179330
179758
179758
154628
154724
154628
154019
191415
155350
155224
160171
162352
155234
179758
165830
154019
165387
171514
171514
171514
154628
154628
189863
189863
192526
192526
189863
189863
154628
154019
158076
158076
171514
161800
152874
190840
190840
161800
181276
181276
152954
152901
154019
198162
198162
198162
156907
155831
156473
154019
154019
198162
153054
159296
180689
176098
176098
198162
180689
176098
191415
179634
180689
180689
159303
179634
179634
180689
179634
179634
179634
175661
175661
175661
175661
161800
154380
155831
154999
155315
162352
188282
168220
168220
168220
154019
190640
190640
168220
197803
198162
190640
190640
156473
191415
188282
156258
153504
161800
161999
159296
173279
173279
155831
156473
189863
157884
152908
189863
161800
154019
188973
188973
156100
188282
152874
188973
171992
189863
171992
171992
153080
171992
159296
159296
183948
183948
183948
183948
191415
171992
183948
183948
171992
198162
171992
171847
171992
171992
183948
171847
153052
154422
155611
160852
155315
161999
154938
160171
155315
155315
153172
161800
167326
153286
155315
162352
154938
153067
152901
153130
191272
152901
198162
153337
152785
154513
153161
154410
153336
154019
155936
155936
156065
198162
159819
159741
153545
154938
153080
153213
153172
154853
154513
153504
158334
153199
154019
198162
196887
196887
196887
198162
196887
161800
191310
191310
196887
196887
192095
192095
162103
190881
190881
169715
190881
190881
190881
190881
190881
154906
157642
159809
153172
159809
174221
155515
174221
181226
181226
181226
181226
181226
181226
153336
169628
159439
173578
159439
173578
159439
173578
173578
174221
159439
158740
195734
195734
159439
174221
195734
158740
158740
159439
159439
158740
160852
187221
159814
196245
196245
196245
196245
158740
196245
187221
187221
187221
169715
162838
165133
165133
158740
158740
158740
158740
158740
198162
191453
159296
158740
169715
158740
199682
159819
175472
175472
189896
189896
189896
189896
189896
158740
189896
189896
189896
189896
175472
171302
156670
175472
175472
175472
175472
156670
157786
158740
193409
152773
158740
194120
194120
194120
185093
185093
185093
185093
185093
159819
185172
199709
185172
185172
185172
185172
185172
156670
156670
156670
159439
163195
163195
163195
198445
198445
198445
198445
198445
198445
156670
198445
197963
157532
157642
153172
157532
153609
157532
192936
192936
192936
152874
163195
157532
153067
195883
195883
153664
157532
160171
154019
163195
163195
191730
191730
191730
191730
152909
162767
191730
191730
185987
191730
185987
185987
184174
184174
184174
162767
157642
159439
162767
198162
162767
160171
152909
169628
156571
157642
154853
169667
157642
181553
152809
153161
154853
181553
185779
185779
185779
185779
185779
158664
185779
157875
185779
185779
157532
196403
157871
157871
157871
181553
157871
194241
181553
157871
157871
194241
154559
194241
181553
181553
194241
159809
154559
153199
161999
154756
180015
169628
152806
180015
165279
180015
152954
154731
153415
180015
155350
152912
179135
179135
179135
179135
179135
179135
179135
179135
154848
165279
193483
193483
193483
193483
193483
154880
154848
193483
193483
157587
193483
193483
193483
193483
154848
153161
165279
184860
184860
184860
184860
184860
184860
184860
191779
191779
191779
191779
184860
191779
159439
191779
191779
191779
197085
191779
197085
191779
191779
159439
191779
154848
154731
153161
154848
183498
183498
153251
154848
156022
154848
179944
179944
173173
179944
179944
179944
179944
153172
165279
158600
165279
165279
158740
156022
156022
158156
155515
177066
198081
199376
187471
154756
161999
165194
165279
154665
165194
165194
165194
159741
165194
169628
157532
152954
153275
160478
154937
160478
160972
157871
156670
160478
153200
157532
157642
154937
157642
157642
156022
153055
154717
153052
154880
160478
157532
156022
156022
154093
191415
157871
156022
157532
156022
153811
156022
159439
153336
156022
157642
153336
160984
160859
154880
154479
165296
191039
191039
191039
153125
180472
153067
154479
165296
153669
165296
165296
154687
165296
165296
165296
155315
159809
165296
155181
156022
154880
154462
179718
179718
179718
179718
188489
188489
153019
179718
179718
179718
154729
155515
154729
154729
160171
156022
156022
157871
154729
157532
154729
154906
159741
167923
154729
160281
152901
179724
160281
179724
179724
179724
175537
179724
197847
177841
177841
179724
179724
197847
177841
193614
196192
196192
177841
193614
179724
193614
193614
193614
193614
193614
193614
193614
175537
179724
193614
157642
188855
188855
176067
154729
171734
179724
175537
179724
171734
160281
175537
152914
155073
179724
166775
157532
154729
154729
154729
154729
178691
178691
178691
178691
178691
178691
178691
181432
181432
178691
178691
157332
156022
181432
155686
155936
153861
154729
157532
153861
155515
157642
154731
157642
153861
154988
154729
157338
188500
154729
157338
198162
188500
173197
173197
173197
173197
173197
180091
180091
173197
173197
167535
173197
155685
155606
167535
167535
157338
154756
187778
187778
187778
187778
187778
187778
168913
187778
157642
168913
167535
194505
194505
194505
194505
194505
194505
194505
194505
168749
194505
162842
168913
162842
168913
194505
194505
168913
194505
194505
168913
199651
162842
162842
178996
162842
162842
176984
166385
158494
154816
166385
154729
157884
166385
175043
154381
175043
195541
154019
171672
166385
174266
174266
166385
199651
175043
189019
189019
152914
175043
189019
171672
166014
171672
171672
166014
188439
154559
196223
156670
196223
156670
199651
166971
188439
166971
156670
166971
188439
199651
156076
196592
166971
154003
156571
153161
171672
156022
198162
171672
160171
154003
171672
166971
166971
156076
166014
153518
196592
171672
176077
176077
156076
176077
176077
173228
166971
166014
159987
166014
166014
166014
166014
154718
166014
166014
176984
154718
154718
157184
154718
159794
157184
188308
165459
176984
157184
157184
176387
176387
176387
176387
167138
164511
168379
164511
164511
195612
195612
163712
155686
195612
195612
163712
195612
198162
195612
195541
195612
195612
195612
195612
172955
195612
183152
195612
195612
183152
183152
172955
183152
195612
197263
195612
183152
183152
195612
197263
195612
189724
178080
178080
172955
184213
190197
195612
190197
178350
190197
190197
190197
190197
190197
190197
178350
178350
194797
194797
194797
194797
178350
197263
188500
197668
197668
176748
178080
178080
172955
178080
176748
172955
178080
176748
176748
178080
184213
168566
172955
184788
171816
184788
184788
168566
167501
168566
171816
176984
168566
168379
170322
167947
170322
170322
183398
183398
167947
168566
169331
167947
168566
167947
169331
167947
169331
167947
170322
169331
192683
170322
169331
192683
192683
192683
167501
162708
167501
169331
167501
169331
167100
169331
169331
169331
167100
167947
167100
164363
167501
167501
177810
167501
177810
177810
177810
185793
167501
198598
182911
188287
182911
198598
182911
198598
162708
197263
197263
162708
182911
162708
167100
197263
197263
162708
197263
197263
197263
162708
162708
164232
167100
197263
197263
179224
162708
162708
162708
164511
161948
164511
161948
184213
165459
182431
182431
182431
182431
182431
158931
182431
185793
168379
182431
158931
162708
168379
182431
155262
182431
158931
161948
162708
162708
176984
157257
156883
156883
182431
160344
162708
155262
182431
162708
157257
156022
157257
162708
164511
162708
157257
184213
164511
153814
153814
157680
168379
156741
156741
171717
161948
152939
161948
156741
155262
156741
154718
160344
156741
160344
156022
154718
159741
171717
158955
157642
155262
155262
154229
158955
167251
156883
167251
190659
167251
167251
158955
154229
168379
162589
162589
162589
162589
162589
162589
162589
182419
159809
182419
182419
154864
156883
153861
164511
156931
156883
156022
160852
159819
154178
198110
164511
198110
184213
154178
153861
154937
154229
155262
156022
154864
155686
154229
159871
164511
171114
154003
171114
155262
153861
158438
158432
153814
159768
186611
171114
159768
154864
179221
197332
197332
197332
197332
180280
197332
197332
180280
180280
180280
180280
178570
180280
198538
198538
179221
178570
171114
179221
178570
178570
189591
189591
180955
180955
178570
180955
197263
194695
194695
178570
175935
175935
178570
173732
178570
171114
178570
175935
159768
159768
184213
171114
159768
164971
165044
165044
173735
173735
161150
196592
159523
159843
183579
183579
183579
161036
155262
166971
158521
158521
158521
158521
160028
158521
156986
158895
158521
158521
156986
186163
156986
156986
193684
157592
193684
157592
157592
193684
193684
181010
160364
160364
160364
156673
166971
160364
160364
193684
160364
184213
160364
160364
154178
156986
155655
158521
186801
186801
156986
186801
193684
156986
186801
156022
195253
166971
162605
193684
155655
156673
170022
170022
156673
170022
154718
162605
157592
170022
170022
196246
196246
196246
158895
156673
157592
159843
156673
156673
156673
155655
158521
156673
157592
184213
155655
155655
181010
154229
155655
193684
183209
183209
183209
184220
184220
178248
178248
165459
178248
178248
198677
184213
198677
198677
155655
154718
159809
198677
166987
154864
198677
163216
155655
155655
163216
163216
155655
155655
155655
198677
154864
194283
194283
194283
194283
167814
155655
158171
167814
155655
153352
155655
155262
157592
158156
153861
156090
155686
153968
153968
162837
167814
162837
167814
198677
153814
162837
153968
162837
156090
162837
155262
196088
196088
154003
196088
164412
198677
168142
153954
168142
164412
155262
156670
154229
196088
165459
156090
198677
164412
154229
153954
154816
197546
197546
153814
197546
197546
176649
199499
199499
199499
199499
199499
164947
153814
164947
155515
154422
198677
153352
153518
184213
177017
169468
169468
174527
181010
174527
162670
162670
181010
162670
162670
162670
153968
197823
197823
156258
163216
156258
153954
163216
153814
154003
169763
169763
166987
153954
181010
154003
154816
155353
166971
165459
155655
154938
155606
158438
154880
181010
154479
184213
169117
180901
163492
160150
154003
197823
153814
153954
154479
155606
154229
184714
180901
154718
165635
181010
158156
165635
165635
188969
169117
165635
165635
188969
159109
159109
154578
184213
188969
188969
188969
154578
176408
188969
188969
176408
176408
176408
154578
153954
181010
166987
153814
165635
181010
195424
153954
195424
195424
158664
180901
195424
192514
195424
192514
192514
192514
192514
192514
192514
173714
192514
181010
173714
192514
156933
173714
173714
173573
155936
155936
169667
187063
187063
187063
153814
187063
187063
187063
162165
187063
153954
187063
187063
187063
187063
154880
154718
153814
187063
162165
154003
154718
187063
199238
199238
199238
199238
190296
190296
190296
190296
190296
158667
188179
156022
159809
188179
158667
181010
158667
154422
176826
158667
198091
198091
198091
166103
198091
158667
153954
158667
188515
188515
188515
188515
199377
154003
154938
199377
199377
196880
196880
196880
196880
196880
194808
155262
194808
194808
156258
194808
194808
194808
194808
194808
168379
155515
161103
194808
155262
166103
158667
158667
197670
186365
197670
186365
186365
158667
156090
166471
181228
155224
153044
186365
189446
189446
166471
153518
166471
189446
156175
189446
179506
189446
179506
189446
189446
153893
178867
178867
187977
187977
167814
189446
187977
153861
154448
177505
154448
177505
153518
167937
177505
167937
167937
155685
156090
154718
186365
166471
153814
196106
196106
193098
196106
196106
196106
193098
166471
182090
182090
155181
166471
158667
155181
170390
194801
194801
179014
179014
194801
185278
179014
193020
185278
181342
181342
185278
181342
181342
179014
181342
170526
185278
181342
170526
181342
170526
175052
181342
185278
175052
175052
154756
175665
175665
175052
175052
158113
170526
175052
175052
170526
171241
171241
171241
171241
175052
175052
184374
175052
184539
175052
171377
171377
184539
173066
171377
184374
173066
174164
174164
175052
171377
173066
171377
171377
171377
198665
171377
171377
171377
171377
171377
173066
171377
171377
171377
171377
165828
171377
171377
171377
165828
171038
170526
171377
173066
173066
164687
188997
188997
173473
171038
171038
165828
171377
188997
188997
188997
170526
191387
188997
191387
191387
191387
191387
188997
165828
170526
188997
171377
191387
178227
191387
195691
195691
196004
195691
195691
196004
196004
195691
178227
178605
195691
178227
178227
178227
195691
178227
178227
178227
191811
191811
178227
178227
178227
184213
178227
178227
168579
178227
169124
168579
165828
178227
162627
171241
171038
171038
171038
178227
165828
171038
179148
170526
178227
167718
171038
179679
179679
173322
180686
173322
173322
173322
195691
186937
186937
170827
170827
170951
170827
170526
170913
173473
169124
170913
165828
175665
175665
175665
191250
191250
193088
193088
193088
193088
175665
170913
173473
165828
170913
165828
169124
165093
170951
170951
169124
170526
170951
169124
170913
170951
165093
170913
164687
169124
170913
169124
192747
187815
187815
187815
172517
187815
187815
172517
172517
172517
172517
199320
187815
172517
169124
168896
165093
169124
169124
168579
170951
183013
165093
183013
169124
159169
166209
164052
164052
166209
167814
166209
165828
164052
165093
166209
166209
165828
166209
166209
165828
162627
162627
165828
162627
162627
165828
173473
165828
180364
180364
162627
161071
161071
165828
177144
177144
177144
177144
160432
165828
196607
196607
196607
177144
196607
196607
161071
161071
177144
177144
165828
159169
161071
165828
160432
160432
177144
160432
166823
160474
160432
165093
154718
160474
159169
159169
159169
160474
160474
159169
162627
154938
161071
162627
159169
159169
161071
164888
170340
170340
164888
164888
164888
159169
158113
195711
166971
158113
174254
174254
174254
161071
159169
159169
190811
161071
159169
174254
158113
159169
159169
174254
158433
158433
161128
159169
166775
159169
164922
175977
158433
164922
158433
158433
162627
158832
158832
193983
162627
159169
162627
156047
155458
158574
158574
159169
158574
158574
158574
158433
158574
158574
158574
157273
161415
166775
158574
156090
158113
158574
158574
158574
168661
168661
168661
154718
168661
162627
155262
160670
157273
155908
160670
160670
158574
158433
160670
160171
158433
158574
158574
157273
168648
168648
164511
154003
168648
173761
158895
173761
173761
173761
173761
192580
192580
173761
173761
173761
173761
155353
157273
192580
156090
173761
195854
195854
195854
157273
168648
173761
159909
159909
162347
183138
162347
183138
159909
158113
158433
172601
172601
172601
172601
172601
173761
158433
158433
173761
157273
158113
157273
166103
196339
196339
165268
174427
165268
196339
165268
192578
165268
174427
166326
172601
174427
166326
166326
154543
173164
173164
173164
158895
185139
158433
158433
185139
157746
158113
153962
157195
158113
172601
164511
159508
164511
158433
158433
158433
157273
174427
159508
157273
158113
174427
157195
174427
157273
157273
158574
164511
173761
158433
172601
195125
156684
157614
156684
158433
156684
195125
172601
155391
166103
156684
156424
195125
189615
162347
189615
158113
195125
195125
190346
172601
195125
173473
161576
155391
190346
153962
172601
190346
156090
173121
183786
183786
173464
182526
182526
185519
173464
185519
182526
194603
182526
182526
188185
182526
173464
188185
182526
173464
166775
182526
172752
172752
172752
172752
169667
172752
172752
167110
167110
167110
164167
167110
167110
162627
167110
164167
164167
161622
172644
172644
161622
172644
160670
159876
161622
159876
180368
180368
180368
172644
161622
159876
172644
159876
155391
191819
188773
188773
188773
188773
160685
162627
188773
188132
188773
188132
188773
188132
188132
185919
188132
161622
160685
162347
160685
156424
160685
162347
159876
159876
164971
193287
193287
193287
193287
193287
193287
193287
169503
169503
169503
158433
156424
169503
166971
156895
156390
155655
156684
198480
198480
198480
198480
199830
198480
191819
155391
158433
162627
166295
166295
158433
157273
166971
158433
154543
184305
159316
158113
155391
154543
159809
155391
190215
190215
186943
186943
186358
157273
190215
190413
190413
155552
186557
155552
190215
154693
190215
155552
190215
191819
190215
188968
190215
186557
155391
156601
188968
186557
186557
154543
189894
189894
154964
186557
186943
154724
186557
154543
155391
186943
176630
154693
186943
186557
186557
165531
165531
155391
154964
157195
154964
155313
164492
164492
164492
174089
191819
174089
174089
174089
154543
164412
164492
170581
170581
170581
154693
170581
155391
171865
171865
164412
171865
154693
164492
159640
188968
164492
188968
184603
169076
169076
159640
153962
164412
169076
164412
154543
157195
157195
158574
156047
155872
159476
154718
159523
155872
155872
157273
155872
154693
188968
155313
155872
154543
154543
154543
185668
160475
154543
160475
160475
160475
159508
158494
155872
177786
154003
160475
160475
188968
160475
160475
160475
160475
153962
164511
158113
157273
157594
159508
153962
153962
158452
156390
157594
153962
156390
153962
157848
158895
157848
154724
157848
181966
157848
181966
181966
181966
155872
156175
157848
157848
153893
160478
188968
153962
188968
178182
154964
157848
156684
156390
157848
157848
157848
188968
158156
157848
156390
155313
154693
155391
156390
198601
159802
159802
159802
198601
156895
191387
175423
175423
195374
175423
195374
195374
195374
195374
186986
195374
195374
196929
186986
186986
191387
191387
195374
175423
191387
175423
186986
186986
186986
195374
195374
191387
192280
192280
174832
194601
175423
192280
192280
192280
192280
191387
191387
175423
175423
175423
156047
192280
174832
174832
175423
168437
168437
168437
168437
192280
170428
170428
168437
195169
195169
195169
195169
192280
191708
168437
189676
170428
186039
170428
186039
160077
193364
193364
193364
156390
168604
168604
168604
177281
159026
157848
168604
168604
168604
155313
169754
157681
169754
194237
155313
199320
199320
199320
156874
189865
157594
158842
169754
157195
159591
157594
159026
159026
189105
189105
159026
189105
194230
194230
189105
189105
189105
156874
189105
159026
189105
189105
189105
167726
189105
159026
159710
159026
159026
168058
157908
159710
166295
159026
159026
157195
158842
164412
158842
159871
153893
158156
155108
156874
171204
153962
197261
197261
171204
156874
156874
156874
196023
182345
186684
189251
189251
172284
189251
181125
172284
181125
160056
172284
172284
156684
185557
185557
172284
173222
172284
172284
172440
172440
187307
187307
164892
172284
164892
169406
176400
160056
169406
187307
169406
187307
154718
154718
169406
172284
160056
156390
169406
155313
160056
159523
157594
191866
154938
199823
199823
199823
168015
192312
192312
168015
168015
154693
156390
159762
157273
159814
159026
190115
153744
159762
155391
157273
155313
155391
185326
180723
180723
189487
155391
155145
189487
189487
185326
194337
180723
189487
164642
180723
180723
155391
189487
180723
189968
189968
189968
178417
164642
180723
180723
180723
164642
164642
180723
180723
164642
159175
164642
159175
166916
166916
172117
172117
172117
172117
166916
172117
166916
166916
166916
166916
188119
188119
198397
185127
188119
185127
185127
185127
185127
188119
185127
185127
154479
197145
197145
197145
191923
197145
191923
191923
191923
191923
185127
191923
191923
191923
185127
191923
185127
191923
191923
185127
165384
191786
181874
181874
191923
181874
171318
181874
181874
181874
191923
190821
165384
193594
190821
193594
191786
159026
165384
165384
165384
165384
178635
178635
178635
165384
156714
159026
186574
162401
162401
162401
188119
162401
162401
162401
156714
189968
156714
171762
157154
169011
159026
156714
171775
159026
156714
156874
169011
155145
169011
153744
163972
163972
163972
163972
156175
156684
172724
153744
153962
163972
163972
154964
155250
155108
153962
155145
154693
154693
154938
155145
160984
187176
156090
187176
156390
156684
156684
187176
188119
187176
187176
187176
163972
187176
153893
187176
187176
187176
187176
187176
154693
183520
183520
155313
155108
155108
155108
155108
184409
156684
184409
154964
184409
158574
156684
156684
156684
153744
153744
154479
156390
155145
156190
163972
156190
180118
153962
184409
153893
156190
160290
160290
184409
156390
169011
155145
153744
181960
181960
181960
156190
169011
156190
181960
195105
162055
184409
162055
162055
162055
160698
184409
160698
160698
156684
160698
160698
160698
153744
160698
154964
156684
160698
184909
155108
156190
184909
185202
153893
164511
168191
184409
182160
182160
182160
182160
156684
156907
182160
182160
172724
152874
154964
154278
160698
171258
156047
154479
171258
171258
171258
171258
158574
169011
155108
152914
155862
179258
179258
179258
179258
179258
154964
173599
179258
179258
179258
154278
173599
154964
179258
173599
173599
173599
173599
153744
173599
163393
154278
156047
154938
194707
160478
163972
187869
155655
188199
188199
178591
188199
178591
155145
178591
188119
153744
154479
154479
156390
158156
154435
178591
154964
178591
188119
178591
153744
160741
178591
156190
160741
156601
156022
154938
155108
160741
159015
153744
153893
170655
160478
153744
153893
155108
155108
153861
189630
189630
153744
155108
153744
153744
163684
163684
163684
163684
193960
193960
163972
193960
156568
193960
183405
183405
163972
193960
156568
156568
183405
163972
156568
183405
156568
172566
170811
172566
170811
172566
189360
198597
198597
198597
198597
198597
198597
198597
189360
189360
181296
189360
189360
189360
181296
189360
181296
181296
163684
160964
189360
189360
181296
189360
189360
176428
160964
160964
172566
160964
180264
172566
180264
163769
160964
175554
181763
180264
175554
175554
175554
175554
175554
175554
175554
175554
175554
175554
163769
175554
175554
175554
182505
160964
160964
195627
163684
160206
160206
195627
160206
184080
184080
184080
163684
158574
184080
155108
163684
163393
156568
160206
158879
164412
163684
163684
163684
154693
174439
174439
174439
154263
174439
163769
158020
156568
171204
171204
160741
174439
175061
175061
175061
175061
174439
153962
158020
154278
193277
193277
164412
193277
160206
193277
193277
154693
152914
193277
183227
193277
154263
179560
156568
179560
193277
193277
193277
153744
179560
179560
179560
179560
187333
179560
187333
179560
157417
193277
187333
161107
183871
179560
193277
154693
160741
156086
154479
156169
156169
194943
158156
194943
153744
154964
194943
194943
156190
194943
158113
184869
184869
194943
194943
194943
156169
194943
153744
154801
160741
194943
194943
197652
197652
197652
193277
156169
197652
156169
164790
164790
193277
179486
179486
179486
179486
179486
179486
179486
179486
179486
179486
179486
179486
179486
195769
193277
154964
158020
180585
198150
198150
185709
180585
180585
183227
180585
193277
156190
176578
183227
154801
183227
179486
194943
155586
155586
183227
179486
178781
171662
190876
178781
178781
178781
184869
167144
153962
178781
178781
178781
190876
196646
196646
196646
196646
196646
196646
196646
196646
189139
181509
196646
196646
189139
189139
181509
181509
176578
177552
177552
177552
176578
167144
196646
155586
177552
170511
177552
174761
174761
190876
170511
155606
174428
195752
195752
195752
194903
196646
194903
194903
194903
195752
194903
194903
195752
195752
194903
194903
194903
183151
194903
174428
194903
183151
193053
183151
194903
193053
193053
183151
194903
194903
183151
193053
194903
193053
183151
194903
194903
193053
193140
174428
191181
191181
193053
193140
191181
193053
193053
194903
186310
193140
191181
193140
191181
191181
191181
191181
191181
191181
186310
191181
191181
191181
191181
191181
193053
191181
191181
193140
193140
195952
194903
191181
189113
194903
193140
193140
191181
191181
189113
189113
188800
197459
197459
197459
197459
188800
193140
188800
189113
188800
193053
193053
189113
190876
188800
193140
188800
193140
180298
188800
188800
190562
190562
190562
190562
190562
196646
193140
188800
196646
190562
180298
187964
194903
180125
187964
193053
187964
193140
186310
192218
187964
193140
187964
180125
192218
187964
190562
186310
190876
186310
183151
183151
180125
193053
190562
190562
190532
187358
180125
180298
187358
187358
187358
187358
187358
187358
187358
187358
187358
190876
179775
187358
187358
187358
187358
180125
196234
196234
180298
179775
179775
175758
179775
191632
190562
191632
175758
179775
177826
177159
187318
190562
177552
177552
190562
174761
175758
175758
175758
187318
191034
187318
191034
191034
175758
174428
186764
174527
191034
172176
196500
196500
196500
190348
190348
190348
172176
192273
191034
195976
192273
195976
195976
195976
195976
198256
198256
192273
191522
191522
191522
180474
180474
191522
191522
191522
172176
195976
190348
190348
191522
180474
195976
180474
194289
199933
171179
171179
194289
171179
199933
199933
199933
194289
194289
172176
171179
194289
194289
172176
180474
174428
175758
190348
175758
190348
172176
172176
175758
172176
190348
172176
187318
177552
172176
172176
175758
171179
172176
184869
199508
175758
199508
190876
170511
199508
199508
171179
171179
174428
171179
169888
170286
170286
170286
180298
170286
170286
174428
169888
169888
170286
167120
198492
198492
190499
198492
176368
199659
169888
198492
199659
169888
175481
180298
170286
170015
198492
167120
189040
177970
177970
189040
177970
195156
195156
189040
195156
195156
195156
195156
189040
189040
179893
189040
179893
174896
175844
173473
184213
170015
174090
170286
167120
198492
169888
185236
185236
165827
167120
184869
165827
184869
167120
170286
165827
168924
168924
166380
171204
175844
168924
166380
166380
165827
170286
184869
167120
165845
188891
188891
188891
188891
188891
188891
194079
194079
194079
194079
188891
184574
194079
184574
184869
184869
167120
189446
189446
189446
169684
189446
189446
171177
171177
171177
168367
171177
171177
184869
168367
169684
175844
181701
181701
181701
166049
181701
166049
171177
184869
166370
188891
168230
175545
187631
194943
168230
171204
166370
187631
168230
166049
170476
168230
189776
189776
194943
194943
170476
181203
181203
189776
181203
188800
170476
195888
195888
166049
184018
170476
184018
184018
184018
168230
175322
184018
195888
184910
166049
166049
184910
184519
168230
171204
194943
166380
198564
198564
190107
198564
190107
190107
198564
166370
190107
190107
166049
198564
198564
184519
187631
166049
166370
198564
175322
184999
187328
187328
165827
166380
184519
192664
178031
178031
192664
192664
192664
186357
165891
191570
166380
175322
175322
184519
162155
173473
175322
165827
187631
166049
166380
187631
187631
175322
175322
175322
165827
165417
194943
175545
187631
165631
175322
185126
185126
187631
185126
185126
185126
180224
166049
185126
185126
185126
187631
185126
185126
180224
180224
171307
165631
168230
175525
175525
175525
175525
187631
175525
171307
180195
187631
166049
175322
168230
165827
174616
189776
188891
180195
185793
187631
180195
166049
165827
189610
165631
165631
166049
169684
174616
162647
171177
162647
165845
165631
165827
175322
165845
194943
174616
165631
165631
165631
184519
165417
165631
171177
169684
165631
165631
169684
169684
175322
165845
171204
194943
168230
175844
169684
165404
166049
164933
169684
175844
165404
168230
170286
169684
165404
189974
181971
181971
189974
189974
193787
193787
192376
181971
187262
187262
192376
176431
187262
187262
187262
165404
187262
198594
198594
198594
181690
198594
181690
181690
181690
163682
163682
198594
198594
191296
189777
189777
195679
189777
195679
195679
181690
163682
178430
193787
189974
193813
196945
181690
178430
178430
181971
189227
194943
162665
189227
175049
178430
175049
176431
189974
193787
178430
189974
175049
176431
176431
176431
189974
175049
175049
175049
175049
176431
162665
163972
176431
163682
162647
177700
177700
163682
194943
177700
177700
171748
188891
188891
188891
188891
175049
165404
181227
180464
180464
180464
180464
162647
162665
180464
180464
180464
180464
180464
169684
165404
162647
165827
190932
190932
183246
190932
190932
176368
173924
175844
194943
168971
173924
175322
176368
177552
168971
162067
169684
165404
168971
169684
175844
175844
168971
176368
168971
169684
175844
162932
170286
168971
163682
169684
182073
182073
168038
172632
175844
172632
165404
165845
164933
164933
162665
193200
193200
162647
164933
173514
173514
178479
173514
178479
162647
193200
173514
176839
176839
191062
175844
164933
173514
171204
193518
193518
193518
185919
176480
193518
173116
189776
193518
197676
193518
193518
184777
184777
176480
175844
184869
184777
184777
184777
183280
183280
173116
176480
170418
170418
177552
170418
163682
177833
177833
177833
177833
162647
172632
162155
177833
162647
187699
164933
165827
175322
188640
188640
188640
188640
195155
195155
195155
195155
195155
195155
195155
188640
188640
188640
169684
188640
163682
162583
164903
175049
166049
164903
175844
164903
164903
164903
175049
173514
172632
175822
162155
199708
163550
162155
177552
168230
175049
194965
171204
162665
178375
162067
175049
163682
162067
164903
164933
185783
189820
189820
175049
168971
165404
162067
162067
165827
162155
168230
162665
181206
181206
181206
178477
178477
178477
185494
185494
162583
181206
181206
185494
181206
181206
162665
199015
199015
199015
199015
172632
172632
169684
162067
162067
164933
175049
170286
164517
164517
164517
164517
168230
164517
187834
164903
164933
187834
187834
187834
187834
180880
187834
164933
164903
165845
161493
187834
162067
162155
197273
189776
187834
162067
164933
162067
162067
164517
168230
169684
171179
161493
161493
168971
165404
184031
165404
162067
164933
164517
161493
164563
165845
166049
164517
164517
199965
199965
199965
199965
199965
199965
191856
191856
161920
175840
162155
162155
162155
191856
162665
161920
177087
162583
164563
162665
164563
161493
165404
162665
192040
161493
161808
165845
169684
191856
162155
163682
162155
165845
162155
162583
161387
168971
162583
191856
184869
162583
162583
184869
180699
162155
191856
164933
161387
162583
162155
161387
165845
180699
165845
161387
168971
165827
165827
161387
161387
161387
175858
175858
175858
175858
184031
165404
161007
184031
175858
184031
175858
175858
175858
161493
184031
184031
184031
175858
165404
172876
167570
162509
161189
167570
177552
161493
184031
175256
175256
170506
170506
167570
177552
175840
170506
179600
198406
179600
162875
179600
170506
179600
191856
179600
179600
162875
162875
161189
162509
161399
162509
161399
165404
161399
177552
191856
161189
161007
164933
179600
164933
165404
184869
161189
161387
162509
162509
183763
183763
180152
163682
183763
183763
164563
162875
160986
176430
183763
162509
180152
161007
176430
191981
191981
164563
162509
188066
188066
161399
180152
188641
188641
180152
180152
180152
164563
165984
165984
180152
161007
162509
180152
177322
161808
167626
180152
175049
161288
176430
162509
176430
177322
177322
172142
172142
172142
190081
190081
172142
190081
161399
172142
169453
169453
169453
161387
160532
162155
162875
161288
161288
162875
161387
161920
161189
162875
160986
185427
161399
162067
161189
161387
194080
185427
160811
185427
185427
161189
162509
185427
161920
185427
161399
162875
161399
167626
164903
164563
161387
160532
185193
193878
185193
185193
185193
185193
185193
185193
185193
185193
191064
191064
191064
161493
164563
185193
161176
185193
161176
185193
185193
164563
161007
175049
170286
162875
162509
160945
162509
161920
160945
161920
160532
162875
184647
184647
163769
160014
161493
164115
164115
188891
161041
164115
164115
164412
161041
161399
162875
161041
161387
162155
160532
161387
190038
190038
163682
190038
190038
161920
161387
189155
162067
161041
170286
180672
163769
180672
180672
160014
180672
163540
161920
161493
194300
194300
160014
163216
194300
162155
161387
162875
168971
161493
167106
168971
168971
167106
188715
168971
188715
172063
164412
167106
167106
189620
188512
188512
181961
188512
162875
162875
162875
161007
161007
162155
162067
188512
182349
188512
161007
160014
162155
161387
162067
162875
164412
162155
168966
168966
162155
168966
161041
166524
162155
166524
166524
166524
160986
162155
161041
193041
193041
193041
193041
164971
190396
190396
162067
194155
194155
175457
190396
190396
175457
176975
161705
175457
175457
175457
172274
176975
176975
172274
198620
178736
178736
172274
172274
172274
166524
175457
184031
177385
176117
176117
172274
176117
172274
161705
166524
191185
191185
191185
191185
191185
161705
181882
164770
166524
164770
164770
187707
182176
182176
182176
166524
182176
162029
162067
167947
167947
162029
162067
162029
178279
178279
191856
191185
178279
197228
197228
197228
191185
197228
168909
168909
168909
168909
188806
171256
162029
171256
171256
168909
171256
166524
166524
171256
168909
164770
171256
170744
171256
161920
161151
182176
182176
170744
164770
161151
164770
164770
161920
164770
185903
161920
161151
185903
162029
163834
163834
163834
160945
180640
180640
160945
180640
161007
163834
171256
170744
162029
162029
161920
170744
162029
161920
161705
161387
176975
170744
170744
160528
161920
173260
173260
160883
170813
160883
170813
161705
170813
170813
170813
170813
187775
167801
187775
162029
187775
160528
170813
167801
187775
167185
167185
184031
167185
167185
167801
171856
167185
171856
171856
171856
186406
186406
171856
171856
167185
171856
181579
167801
178841
170581
167185
163488
170744
163488
199393
163144
199393
199393
199393
199393
199393
199393
166524
163488
191856
170744
163488
166524
163488
163144
171856
160528
161041
160883
161705
161920
160945
161387
171856
162029
161387
199132
192166
161151
161920
191046
173460
181669
191046
191046
177283
160528
191046
181669
181669
194608
194608
194608
194608
194608
161387
184886
184886
184886
184886
184886
164412
160532
177283
177283
160945
160883
160883
177283
177283
159908
160528
161041
161920
160883
167185
161041
160883
161041
161041
160883
161041
160883
195510
195510
160883
160532
161041
163216
160883
160883
165813
165813
165813
165813
191977
191977
191977
191977
191977
191977
191977
161007
173654
186267
186267
165813
165813
160959
166524
160945
160945
184031
167185
160986
161041
160986
160528
161041
160986
160986
160883
160945
160528
160945
180177
197129
181557
181557
181557
181557
177587
180177
180177
180177
177587
191856
181557
181557
190065
177587
169347
177587
177587
169347
177587
198321
169347
177436
177436
177436
184031
177436
177436
177436
184031
177436
175334
180177
175334
173994
190411
190411
190411
169347
173994
169347
190411
169347
160052
169347
161041
161041
195622
195622
195622
199273
199273
199273
189578
199273
199273
199273
159956
164792
169347
160986
160528
171856
199273
160883
159956
161920
159908
168053
166524
159908
168053
159908
160945
168053
166524
159956
161219
163144
161219
179149
168999
168999
161219
168999
159956
166524
168999
161219
161219
163216
160883
162155
161920
161219
166524
161920
159368
160986
160811
174749
160811
160986
163786
159908
160883
159908
175182
166524
160945
175182
163618
179105
179105
179105
167185
160883
161601
179105
162155
160945
163144
168879
159589
184031
179543
172960
172960
179543
179543
172960
172960
199537
195161
195161
195161
172960
199537
199537
172960
177292
177292
195161
177292
195866
177292
195866
195866
195866
195866
197289
195866
166524
195866
179105
195866
191856
195866
195866
195866
195866
195866
195866
187278
195866
187278
177895
195866
177292
177292
187278
177895
158897
183307
187278
177895
177292
177895
177895
179105
177895
177292
177895
177292
177895
177292
177292
177292
177292
165682
175136
177292
177292
176617
174999
165682
174999
176617
176617
174999
176975
176617
176617
176133
176617
175136
176975
174999
174999
171549
174999
172960
174999
198372
171549
174999
171549
162155
199923
199923
199923
199923
199923
199923
199923
199923
199923
174999
171549
171549
187933
174999
184250
187933
187933
187933
187933
170320
170320
170320
170320
170320
170320
170320
167608
167608
167608
166524
167608
167608
161134
161601
163144
165682
160945
160945
160883
172960
161601
184250
159908
162155
159908
160528
160811
161134
159662
172960
184250
160883
160052
160883
160883
160811
161134
159908
159908
160052
160883
160883
160959
160883
160811
193305
160811
173188
160811
162352
160712
160712
160712
160712
159662
160712
160712
188227
184414
159339
160712
195401
171372
171372
171372
164511
163290
173654
163290
170494
159368
195405
195405
195405
195405
195405
195405
195405
195405
160811
163290
190972
163290
160712
160712
160741
163290
170494
160811
191856
191856
159368
160811
159368
160712
160712
173654
172960
160528
159339
160811
159339
160052
160052
160052
160052
160052
159843
159368
159662
159662
158653
158653
159807
199961
159807
199961
199961
159807
164085
159807
172960
159807
158653
173654
166220
158529
180219
159662
180208
166220
180208
180208
180208
180208
180208
159662
168617
168617
158529
180219
158653
179431
180219
159339
179431
179431
179431
179431
180219
159339
179431
179431
180219
159339
166220
179431
176711
179431
176711
170685
170685
179431
170685
170685
166092
166092
170685
180208
180208
179431
170685
180208
170685
158653
168854
196637
179431
159339
168854
166092
159339
159339
180219
168854
166092
159296
159072
159072
180219
168854
159072
166220
158791
166220
179431
166220
158582
159168
158653
158582
158529
188306
188306
188306
188306
188306
188306
188306
188306
173497
166220
166092
158455
158529
158465
158465
166220
166092
161488
166092
158529
161488
158455
161733
158529
191856
158582
158465
158582
168854
158455
173438
173654
158582
159015
163747
163747
163747
172960
158465
168854
158455
158422
192854
158342
192854
192854
176623
176623
176623
176623
176623
176623
158465
158465
188899
188899
188899
158465
176623
188899
176623
158218
158582
196380
174163
193592
174163
174163
193592
193592
174608
174608
192829
174163
161244
174163
161733
158455
183500
172960
169695
158218
161244
169695
161676
191856
161733
190367
163009
159168
158198
161676
163187
184433
184433
184433
184433
158135
184433
158465
158177
182585
184433
182585
182585
184433
182585
161676
161676
158198
166386
158218
161676
158177
161676
166386
166386
166386
159301
166386
166386
158177
166386
158177
191856
158455
158177
158177
158135
158177
158422
164511
187266
187266
158133
158150
192842
158133
192842
192842
193114
193114
192842
193114
187266
192842
158133
159476
158133
158133
158093
158455
158093
158455
158177
158093
158133
158040
158035
158093
158093
158040
160028
158177
158465
158093
173654
158177
158040
158135
158035
160028
158035
157932
158135
159674
158035
158135
158135
157932
158455
158035
173654
159476
157932
157932
180228
180228
157572
159843
180228
180228
195144
195144
157837
158750
157932
161512
164412
161512
157572
157113
157932
157932
157932
159523
158455
159523
157572
159809
157572
157413
166395
166395
158469
159814
157113
159316
157805
157413
173654
179578
179578
179578
176815
157805
176815
176815
176815
157113
157113
172912
175735
175735
161416
179578
179578
175735
175735
172912
161416
176153
161416
161416
179578
179578
172912
162094
176153
161416
161416
176153
179578
172592
181928
165018
181928
179100
176153
176153
183862
183862
176153
179100
161416
172592
165018
175735
165018
175735
161416
175735
161416
161416
161416
161416
161416
196504
196504
162352
166987
166987
166987
166987
157113
157113
165670
172110
158237
172110
192805
158237
167682
158237
158237
157413
158237
157793
157413
158455
158156
158237
158237
157413
156928
184619
157572
184619
157113
191760
191760
191760
157793
156928
158433
184619
184619
157213
157113
157793
157052
158750
184619
184619
172898
172898
184619
156928
172898
165725
172898
172898
156928
179870
179870
172898
163145
173766
173766
173766
179870
173766
159761
176975
160478
157213
156928
156992
192362
192362
192362
192362
192362
157052
156781
162827
156781
162827
192362
197835
197835
197835
197835
197835
172898
156928
162827
158455
156928
172898
172960
172898
156928
157572
156928
157572
164511
156781
157213
156781
177455
177455
158452
177455
156781
158020
156781
157479
157572
157479
157113
157793
181522
156781
156633
157997
157997
157997
161464
156633
157479
157479
159814
157213
186297
195973
195973
186297
161217
195973
161217
186297
186297
157213
192016
192016
192016
157793
156315
157793
156633
158750
157213
162971
156633
164646
156815
156551
162971
156315
156315
158750
156551
156633
156781
156446
156302
156315
157113
195235
195235
195235
195235
195235
195235
195235
195235
195235
195235
195235
156302
156500
168856
168856
156302
156302
156315
156551
168856
160028
156781
156302
155997
158156
155997
156315
157793
183615
156633
159523
157572
157572
155959
177409
156633
198518
156302
177409
157793
155997
164646
177334
156315
198518
198518
156302
198518
177334
156729
183865
183865
177334
183865
183865
183865
183865
183865
183865
183865
181259
162701
156729
156729
156315
195848
195848
198894
198894
198894
195848
195848
195848
157479
195848
195848
195848
195689
195689
195689
195689
198894
198894
195689
195689
195689
195689
195689
194610
194610
195689
194610
159814
194610
194610
194610
168481
177334
177334
168481
168481
157479
162701
168164
192348
156729
156729
156729
192348
192348
192348
173893
173893
173893
173893
173893
192348
192348
188558
192348
188558
192348
178862
196973
196973
196973
185865
196973
188558
185865
178862
191856
188558
185865
178862
178862
174375
185865
185865
178862
179588
174375
173893
174375
173893
183477
173893
183477
183477
173893
183477
178862
178862
173893
173893
173893
168138
168138
168138
168138
183477
183477
183477
183477
183477
167114
164971
171515
171515
171515
167114
171515
183477
171515
171515
167114
167114
183477
183477
167114
183477
172531
172960
164971
167114
162701
164971
162701
164971
162701
162544
167114
160346
179588
162701
160346
172960
162701
179588
162701
162701
159438
160346
173893
160346
173893
162701
167114
160346
160346
159438
167114
160346
159438
162701
162701
164726
164726
167114
182371
182371
179019
191856
179019
164726
179019
181938
181938
196466
179019
179019
160346
159438
179019
179019
160346
179019
167114
159438
162544
162544
160346
172548
172548
162544
172548
172548
172548
172548
172548
162544
162211
162211
173877
163214
173877
163214
173630
163214
160346
159438
160346
160346
194025
194025
175602
156729
166987
159523
159438
156729
164511
184780
156911
180931
155818
157417
180931
180931
180931
180931
155818
180931
159438
156729
156302
155818
181136
181136
181136
181136
156551
156781
181136
167332
170027
157113
156169
170027
156315
170027
191101
191101
191101
191101
191101
191101
180787
157113
193070
156315
193070
176397
176397
176397
176397
159118
159118
176397
156263
183313
183313
159118
176397
176397
155818
156302
157793
157479
178765
167332
178765
178765
197750
195211
197750
178765
197750
170315
178765
183014
183014
183014
173000
197750
172045
183014
173000
183014
183014
172045
173000
172045
176270
176270
176270
176270
170315
176270
176270
176270
170315
176270
170315
176270
170315
179026
179026
179026
184906
184906
184906
184906
184906
184906
184906
184906
198743
198743
198743
176270
176270
176270
176270
176270
176270
176270
176270
176270
162974
199636
178254
165597
165597
176270
165597
176270
165597
165597
170315
170315
165597
165597
170315
165597
163606
167332
165597
167332
163606
167332
167332
199636
163606
167332
162974
163606
167332
167332
157264
170315
162974
162974
162974
162974
162974
157264
162974
160075
162974
156781
157264
158653
156781
160075
170246
170246
157503
156302
157503
157503
167332
157503
157264
157264
157264
157932
157264
157264
156302
155997
156446
156446
156781
156315
156302
155818
179042
179042
179042
179042
179042
193945
193945
193945
193945
156633
156302
156302
156551
157113
156302
191983
162971
156302
157113
156815
155818
156315
156551
155624
155818
191983
172118
160075
174030
174030
196774
174030
196774
174030
174030
172118
185139
185139
185139
177956
172118
158264
158264
177956
177956
177956
172118
157113
172038
172038
196548
172038
172038
172038
156263
176975
176745
172038
176745
176745
172038
172038
156302
199670
156551
199670
172038
155530
170657
155818
155818
155530
160075
160075
156446
156551
156781
156302
156315
155530
155818
156302
156315
156302
156446
185447
156043
155530
185447
156043
185447
155408
172038
156043
156446
156169
172038
180935
174262
178501
156781
156169
174262
180107
180107
155408
180107
169144
199011
199011
199011
199011
199011
155408
199011
199011
155302
155302
155302
199011
155302
169144
199011
155302
199011
199011
156169
193147
168810
174262
178501
171668
193147
193147
174262
178501
171668
171668
178501
172118
162701
155256
155959
161582
170741
178501
170741
189966
189966
189966
161582
161582
168810
161582
161582
156551
156551
156169
189898
189898
156815
189898
156446
197444
197444
197444
158651
158651
158651
156870
158651
158651
157113
156870
160075
158455
156870
170315
156870
161576
162974
161576
161576
155190
161576
156146
161576
189328
156146
189328
189328
156551
170315
191507
158072
189328
179264
170761
179264
155818
158072
161576
158072
156870
170679
158072
170679
158072
158072
170761
158072
158072
158653
157113
158072
172038
170679
156895
155997
155190
155190
155190
157793
155530
155530
155190
162624
155190
155530
191856
157113
155190
155190
155190
156633
175590
175590
155190
175590
156302
170679
155190
158334
156870
155530
170679
170679
155748
156302
155997
156043
172118
162971
155027
155818
170679
157113
190707
190707
155027
155748
178334
178334
178334
156870
178334
157113
190707
190707
160296
160296
169045
169045
169045
190707
190707
190707
169045
160075
156917
156917
190707
156917
156917
190707
164718
156815
155818
170679
190707
155027
156917
170679
156043
155748
183039
154923
156917
156917
170679
155997
169045
154923
163420
160075
155027
169045
154923
182318
154923
190707
154923
155997
162974
155027
158097
163420
157113
160075
163420
167920
167920
168530
168530
168530
168530
168530
168530
196681
191000
181348
158389
167920
168530
158389
158389
158389
158389
158389
168530
158389
168530
158389
168530
158389
158389
158389
158389
158389
158389
159505
156895
158389
190707
190707
179718
179718
179718
180336
179718
174510
184497
174510
195794
179718
174510
161539
190713
174510
179718
190713
192926
161539
199330
190713
192926
179379
179379
179379
179718
174510
192926
179379
174510
192926
158389
174510
179718
174510
161539
174510
158389
161539
161539
162974
158389
161886
161886
158389
158389
157035
174510
161539
157035
161539
158335
167454
172960
172023
174510
167454
167454
167454
167454
167454
174510
154923
167454
167454
167454
167454
167454
168963
192378
156917
192378
174510
157035
192378
174510
192378
174510
167454
192378
158335
157035
172023
154795
172023
167454
158335
157035
172023
161539
155818
161539
156245
156245
163009
155818
155027
185718
185718
172243
178085
158335
172243
156870
162971
154795
172960
160749
158335
161539
162352
158335
154795
156245
160749
154790
179359
154790
156245
156245
166047
155624
166047
157905
157905
157905
157905
160749
165286
160749
161539
165286
165286
155027
165286
165286
170315
156263
165286
161539
187314
187314
187314
165286
155323
187314
154790
157723
160749
172141
186870
186870
186870
157723
175850
175850
175850
175850
157723
157723
175850
175850
175850
155323
168069
154790
179423
157723
182169
175850
155530
175850
175109
154795
179423
189711
189711
175109
179423
189711
189711
189711
175109
189711
169945
157723
155027
155323
154790
154790
160749
193196
193196
193196
156263
157723
155530
158897
154790
155323
155027
158897
155323
162352
154795
154795
155818
154790
160749
163257
181741
181741
181741
181741
169334
169334
169334
156263
163257
163257
160749
163257
163257
163257
161431
161431
155027
180300
180300
180300
154923
190707
180300
180300
180300
154790
198703
198703
198703
198703
198703
198703
156781
198703
198703
198703
161808
160749
191397
155959
191397
155818
188181
191397
188181
190575
191397
190575
190575
190575
188181
188181
188181
190575
155530
188181
160749
190575
161808
180300
155818
190575
170251
161808
155861
161808
161808
190575
155959
161808
155190
155530
154795
158064
158064
158064
193803
193803
158064
193803
193803
193803
193803
193803
170344
193803
158064
154751
193803
170344
170344
158389
158064
155818
158389
154751
156710
154790
156263
158438
181998
168581
176215
188577
188577
188577
188577
188577
188577
181756
191856
176215
181998
198304
198304
198304
198304
176215
168581
168581
168581
155688
198889
198889
180328
168581
188117
168581
196139
188117
196139
188117
180328
180328
181998
168581
188117
181998
155688
188117
155688
155688
188117
188117
155688
155688
197593
155688
197593
197593
155688
197740
197593
197740
197740
198304
197740
197593
197740
197740
197740
197740
197740
197740
197593
197593
172853
197593
197593
192597
192597
192597
197593
197593
181094
197593
192597
197593
192597
192597
183589
183589
183589
183589
183589
183589
183589
190611
172853
190611
183589
172853
172853
172853
155027
181094
183589
183589
154751
183589
160456
155302
183589
193040
193040
193040
193040
193040
193040
193040
172853
193040
197593
193040
193040
193040
192581
165191
192581
181094
181094
165191
165191
182974
192581
178035
183589
172853
183546
183546
155959
168132
183546
192581
183546
175622
183546
175622
192581
175622
192581
175622
178035
182974
179114
179114
178035
175622
175622
172853
192581
175622
175622
167275
191358
191358
175622
175622
165191
172853
192581
199361
172853
175622
170067
170067
196023
196023
170067
170067
170067
168132
168642
168642
175622
165191
168642
168642
168642
168132
168132
199361
165191
180206
180206
161539
180206
180206
176125
176125
163216
176125
167275
167275
181998
181998
165191
179882
175622
184084
184084
184084
172960
163051
174023
174023
179394
163051
199591
174023
161048
163051
160722
161539
161048
161048
174687
161539
161048
174687
161048
161048
172038
176125
161048
161048
176125
155530
176125
176125
161048
161048
160722
162974
160722
160722
175622
160722
174023
192074
184916
162122
162122
162122
162122
162122
162122
197930
160722
160722
175622
160722
160722
160722
175622
156622
160456
155073
155688
160456
155404
155073
155688
156263
155073
155688
155748
156043
155199
157180
157180
192597
157180
157180
197593
157180
155073
159438
154790
155302
162974
157180
155073
157180
157180
157180
155818
155959
155302
157479
160722
157479
164646
154790
199194
154751
155302
155302
154747
155073
170315
155302
156815
159438
157884
155404
156815
162974
155748
154923
156815
158156
156781
155073
155073
154923
197593
174023
155073
155302
162537
162537
162537
175622
162537
162537
156815
156043
160722
171750
171750
156710
171750
171750
171750
155027
158664
155959
156297
156551
174023
157572
156551
192597
160075
159296
154923
158389
154923
154925
154751
174023
173418
166994
166994
175622
155027
155586
156551
154747
155997
155530
154923
178161
178161
178161
178161
178161
155959
178161
181608
181608
181608
181608
181608
171715
178161
160075
173504
173504
173504
173504
187023
187023
187023
173504
187023
171506
171506
156710
155959
171506
155027
171506
191532
156815
168560
155027
168560
154925
192597
155027
165827
174857
154923
174023
155302
154915
197973
163216
164398
159902
159902
159902
164398
159902
177249
155027
176975
154747
158020
155624
177249
164412
154915
192597
192120
163216
159902
192120
159902
155624
192597
158823
157113
158823
159902
154801
193708
193708
184959
193708
193708
184959
179473
191653
191653
191653
191653
184959
181375
189182
184959
184959
184959
187537
187537
187537
187537
187537
179968
179968
179968
179968
179968
179968
177370
179473
179473
179473
179473
192597
179968
179968
177370
157594
175900
165246
178805
159902
175900
175900
175900
189679
189679
175900
159902
194104
154724
199655
196339
194104
194104
194104
177396
159902
173043
165246
199571
165246
154801
154915
188945
154915
196791
196791
159902
196791
196791
180703
180703
173146
180703
173146
173146
173146
173146
173146
164787
164787
155625
188835
188835
188835
188835
188835
188835
188835
188835
156633
154546
159902
188835
164398
157113
188835
175602
187109
172038
155625
155386
154756
155625
156043
154546
164538
154546
175602
170537
170823
164538
170537
156172
170537
156172
170823
164787
154801
156172
155586
178982
187399
170537
155027
155302
170537
155586
154795
154964
154546
159902
171341
161934
161934
166565
166565
160722
174023
170537
195649
195649
195649
199701
199701
195649
166565
166565
172114
154747
175940
154964
155302
170832
154964
170832
166565
170832
170832
194052
154747
164349
194052
178758
194052
178758
190860
190860
190860
178758
166565
169045
190860
178758
178758
166565
170832
164349
167465
167465
178758
167465
178758
167465
167465
167465
178758
167465
167465
199091
199091
167465
167465
160722
167465
164349
154964
154546
164349
164349
192597
169045
164349
164349
193571
193571
199863
199863
199863
198465
199863
199863
193571
193571
169045
196682
196682
154964
193571
166565
166565
155302
166565
170160
154915
187569
170160
174023
187569
166565
186278
186278
157643
155302
154923
187734
186278
186278
186278
165079
157643
154724
155530
174023
166565
154915
166565
174023
192597
160722
154724
172038
154915
157643
156172
157113
159902
158334
154964
157113
159902
154724
158156
166565
155302
156851
154724
158432
156851
159902
156851
182066
174023
154453
155530
154923
155586
166565
162352
159902
154724
166565
166565
155586
154724
156815
154801
154724
156297
155302
157113
155625
154923
154546
156815
154923
189343
165286
159902
154568
188954
158438
154546
157479
166565
156815
154925
154453
154964
157790
159307
198874
198874
198874
167995
155625
154724
154546
167995
159902
172609
172609
172609
165326
172609
182381
182381
182381
182381
166565
165326
157790
165326
158020
194379
194379
167593
167593
167593
172038
156815
164502
169449
167593
169449
164502
167593
167593
167593
164502
154453
155530
167593
171341
156446
154568
155625
155062
190879
190879
154453
190879
165652
154568
165652
165652
157822
190879
154453
154568
154453
190879
155625
190879
162305
156551
155062
156446
158653
154407
179932
154454
156297
155062
182758
156315
190332
158020
190332
190332
182758
192296
192296
182758
182758
162143
155302
154923
182758
193228
157113
193228
182993
166122
166122
182993
182993
182993
166122
166122
182993
181995
154568
162094
182758
196077
196077
196077
196077
189848
189848
166122
166122
187512
187512
199459
199459
183373
199459
199459
187512
183821
183821
183821
187512
172852
172852
187512
195259
187512
195259
155530
155530
166122
154407
168753
187512
182758
154407
166122
193659
193659
168753
193659
193659
193659
193659
154453
166122
154453
182758
163143
154407
187512
183373
166122
178676
168753
195771
195771
168753
168753
190995
166120
185767
166120
187512
192597
168753
166120
168244
166120
167221
167221
175366
167221
185025
194502
194502
194502
194502
188164
188164
188164
178248
183373
178248
168244
178248
183373
188164
188164
195106
167288
178248
187118
178248
178248
178248
183373
187118
167288
183373
167221
183972
183373
167221
167221
167221
167221
167221
177953
177953
167221
177953
177953
167221
167221
176381
167221
166120
174940
176381
176381
193691
193691
193691
184230
162143
174940
166120
176381
168617
190796
190796
159706
162094
176381
167221
160632
166120
160632
169986
159706
169986
169986
169986
169986
169986
159706
159706
159706
159706
168617
168569
159706
166120
176381
157113
159706
167488
168617
159706
159706
167221
159706
159706
199366
199366
199366
199366
166120
199366
169522
169522
178558
178558
156843
169522
178558
166120
156843
165764
165764
167221
165764
165764
168569
157113
161653
167221
168569
179029
179029
179029
179029
179029
156843
191947
179029
191947
157113
191947
157113
159706
154407
186622
186622
162305
186622
186622
186622
186622
186622
186622
186622
186622
186622
186622
177077
177077
177077
195658
177077
176306
192597
195658
176306
176306
176306
198899
154453
177077
157113
177077
177077
177077
154453
177077
171688
177077
171688
171688
177361
177361
188042
188042
176469
177361
177361
177361
177361
177361
176469
177361
176469
177361
177361
171688
176469
177361
177361
193479
176469
168796
168796
168796
176469
168796
166120
176469
177361
167221
176469
168569
154546
171688
177361
176469
177361
166120
171688
168796
155401
166120
172276
154407
157113
171688
177361
154925
171688
171688
154568
168796
154568
193612
193612
193612
193612
193612
193612
154546
155401
171309
171309
171309
177361
190626
171309
154407
171309
154568
171309
154915
154790
157113
171309
177361
171309
191955
171309
191955
171309
154724
163143
163143
154407
160803
171091
161653
161653
157113
177364
161653
177364
161653
154790
154407
177364
154801
154407
154568
180764
180764
154453
177364
155625
193144
166747
166747
176961
176961
154453
196603
196603
196603
161519
176961
161519
176961
177361
163370
161464
176961
176961
190925
176961
161519
161519
163370
163370
161519
194221
161519
163370
194221
190925
161464
163370
190925
161464
154377
163370
194192
163370
163370
177364
163370
161464
166120
182770
161464
182770
161464
182770
182770
182770
182770
182770
183507
164655
182770
183507
183507
182433
171331
183507
182770
171331
182770
182433
182770
177364
182433
154407
187956
199761
195933
195933
195933
187956
191586
182433
180411
180411
175966
187956
175966
180411
175966
175966
175966
171331
171331
182770
171331
171331
171331
161464
174529
161464
174529
161464
169594
174529
174529
169594
197245
193149
154407
154453
193149
169594
193149
193149
193149
154790
154790
164884
193149
193149
161464
161464
161464
158321
154407
176961
164655
161464
154453
155625
163370
164884
161464
160803
193149
164366
172771
164366
164884
159931
184574
157113
157113
164366
164366
164366
156843
191209
188549
191209
188549
171613
191209
188549
188549
191209
172225
187758
191209
191209
187758
187758
187758
191209
172225
188549
197398
197398
197398
197398
197398
178322
188549
172225
172225
171613
172225
188549
188549
172225
171613
171613
178322
171613
197398
171613
199406
197330
169367
197398
197398
178322
182770
169367
171613
171613
169367
169367
171613
171613
172225
172225
166705
179477
197398
179477
168122
172710
176961
172710
156843
172710
198619
197202
172710
169367
178322
169367
169896
169367
169896
169367
178322
178322
169367
168122
197398
185417
185417
154568
166705
185417
168122
169367
184034
184034
184034
184034
184034
168122
184034
172225
184631
184631
168122
166705
184034
172710
195247
184034
184034
157113
195247
169367
179059
179059
179059
179059
159706
179059
166119
193403
166524
193403
178322
172225
162622
172710
199775
199775
199925
199775
169367
199775
174977
199775
190621
190621
199775
190621
199775
176377
174977
174977
166432
174977
166119
166524
182949
166119
182949
166119
182949
182949
169227
159706
197398
175966
171091
166119
168821
168821
168821
169367
169367
166119
162622
157434
194552
194552
194552
194552
169367
194552
194552
194552
194552
194552
194552
194552
173902
168821
173902
183054
168821
187587
187587
187587
187587
173902
196445
168821
171851
168821
196445
166119
196445
171851
171851
170032
171851
171851
171851
171851
170032
162622
170032
168821
168821
157434
168821
168821
159706
187330
158917
168122
156843
162754
168122
158917
168122
158917
168122
159706
158917
157027
154880
157434
169896
156843
166120
169173
177541
163143
166432
162754
158917
162754
166432
157113
155997
166524
166120
154880
155530
166524
166524
166524
158917
155401
162754
171091
172081
166432
157027
172081
172081
172081
158917
158917
162748
193878
193878
193878
162622
169769
193878
154880
166932
158917
172118
163370
161444
161444
158917
158917
162622
185719
185719
177361
157027
154880
157027
164655
157027
158367
155190
157027
162622
155190
176961
164655
157027
157027
154880
157113
169896
172118
176817
176961
156633
177926
176817
177926
177926
176817
176817
159631
164872
164872
154453
177926
164872
164872
155073
154507
155530
158071
158071
158071
193086
166583
166583
166583
158071
166120
158071
185053
185053
185053
193086
172118
185053
166583
185053
158071
156515
156515
158468
158071
159631
156473
163143
177926
198328
156515
198328
195385
158071
158071
195385
195385
158071
191353
175017
175017
175017
168187
175017
175017
169532
169532
191515
190384
190384
191515
168187
190384
190384
189828
189828
164655
189828
185921
168272
189828
185921
185921
189828
189828
189828
185921
185454
185921
175017
185454
189828
189828
183455
169036
185454
166860
185454
166860
169036
176159
185966
176159
170270
173759
193081
173759
173759
185454
173759
169036
173759
185454
185454
175017
175017
170270
169036
169532
170270
170270
168272
161389
177361
161389
168272
166860
166860
166860
164499
166860
161389
168272
166860
168272
168272
161389
161389
173814
173814
168272
162655
171880
161389
161389
164499
162655
182490
161389
182490
182490
161389
168617
156515
156515
176961
156515
156515
156515
158071
156515
156473
156515
156473
158917
158917
159631
154880
163370
158917
168617
164884
158468
163370
158071
154925
155062
157113
154568
158468
163370
158917
196516
196516
179084
179084
154880
154880
179084
179084
154546
179084
179084
154880
190529
190529
196198
190529
191293
191293
194367
194367
191293
191293
191293
191293
196152
196152
196152
196152
196152
196152
196152
191293
191293
191293
191293
191293
191293
191293
191293
191293
190529
191293
191293
190529
190529
190529
190529
193493
193493
159631
193493
193493
158826
193493
193493
193493
158826
176961
158826
193493
158826
159631
193493
158826
191293
177710
190529
159631
158826
169970
171341
166417
166120
177710
177710
166417
168880
168880
168880
168880
166417
168617
166417
166417
166417
166417
177710
166417
179084
166417
166417
167334
168617
179084
159631
166417
158826
169970
177710
178914
178914
178914
169970
178914
169970
178914
178914
159441
167334
167334
186170
177710
186170
186170
167334
186170
186170
192223
192223
166120
192223
159441
159441
159441
185513
185513
185513
185513
163143
185513
155401
155302
155586
182452
173100
157598
173100
173100
173100
177710
159441
159441
167334
159441
159441
172700
179084
159441
172700
168381
168381
168381
168381
168381
159441
166417
171161
172700
166417
159441
159441
159441
158826
157598
166417
172857
158826
172857
177445
177445
177445
177445
159441
159441
159441
159441
179084
159441
155190
177445
164735
158071
192806
192806
157598
157598
198739
198739
168333
157598
155190
159441
196545
196545
196545
158917
181812
155073
156815
157598
157598
181812
181812
181812
181812
181812
181812
157263
161667
161667
157598
161667
161667
198739
161667
161667
157263
172700
155782
161667
172700
155782
184214
184214
181966
154269
155782
162622
155782
158468
158468
154880
155782
155997
158468
158071
154915
158468
177445
172700
189208
157113
154400
189208
155624
172700
159631
158071
172700
155624
155782
193656
155027
154880
154407
156315
154400
187802
179084
182178
182178
154568
182178
154925
154400
171521
179084
163143
154915
154546
155190
163370
158468
156315
158468
154507
158071
154507
161653
158071
155337
156390
155685
156390
154338
169870
169870
157598
157263
157263
154756
155027
176161
157598
158389
155027
158438
157113
155530
186245
186245
188814
189266
189266
156815
189266
189266
189266
189266
155302
166772
166772
166772
166772
174713
166772
166772
166772
155530
176161
177710
155096
198012
155096
176100
176100
176100
176100
176100
193371
172904
172904
193371
171341
164787
155096
179814
158097
156515
159631
155073
199006
199006
186652
192792
192792
154338
192792
192792
154222
166849
186652
156315
166849
176161
155096
154400
166849
171521
155096
155096
154222
194993
155096
154400
177710
155096
154546
154453
154756
155190
154756
154453
160196
160196
154453
155096
166849
154222
194278
194278
194278
167593
198965
198965
198965
194278
154400
194278
155190
198965
198965
192366
154756
160196
154453
194278
194278
194278
192366
194278
192366
193647
193647
192366
193647
193647
193647
186839
193647
185973
186839
186839
186839
186839
185973
186839
186839
186839
186839
185973
176161
164180
155027
154338
164180
168564
159631
157681
178163
178163
154338
156179
156179
171159
178163
161653
171159
171159
178163
162367
171159
177710
162367
158433
162367
175787
176161
162367
162367
162367
171159
176161
171159
185311
161925
161925
165827
182825
166703
166703
166703
155414
161925
166703
161925
166703
157146
171341
156633
161653
166703
157146
158392
191769
191769
166703
166703
166703
166703
167282
167282
175560
167282
167282
167282
167282
167282
177710
158392
161665
161665
161665
161665
158433
158392
161665
154818
170306
167282
162367
158392
166703
167282
159631
158020
177953
155414
166859
166859
162714
164180
166703
162102
162102
162102
166703
162714
162102
161665
162102
168931
164655
162102
161925
158097
154818
187106
166703
187106
161925
187106
187106
187106
187106
174324
187106
187106
187106
174324
171576
157572
170194
195916
195916
195916
195916
170194
170194
163370
190714
170194
170194
166777
166777
167593
183863
183863
161863
183863
183863
197528
166777
197528
166777
166777
166777
166777
166777
171287
161863
197528
161925
154818
162367
197528
154818
197528
155337
162367
154818
159652
171287
159652
171287
171287
159652
161665
159652
159652
171287
161925
154923
162367
161665
158197
171287
162367
158197
171287
154818
158197
174847
161925
174847
154818
174847
163370
174847
174847
197463
163370
161925
154818
192893
161925
192893
192893
192893
192893
196272
157932
158334
154222
186679
155849
192893
154520
186679
154222
154818
168070
168070
168070
168070
154923
155606
168070
174945
168070
168070
168070
168070
174945
190115
168070
174945
174945
174945
154222
154818
171213
174945
154818
171213
174945
168070
168070
173473
168070
154880
154818
168070
161925
168070
168070
159631
163972
154818
154818
155302
191079
191079
163972
155073
154818
154520
170315
154724
158197
159741
155027
158438
175628
154520
162622
154923
158197
154222
162622
154520
187804
187804
155302
170315
158197
163370
163370
173646
173646
173646
173646
173646
158197
158438
158469
157769
157769
176193
176193
157113
156633
176193
176193
157769
154818
155073
157769
158766
164412
157769
156179
154880
155302
155073
175042
175042
191995
191995
175042
191995
191995
191995
191995
178560
191995
191995
191995
160075
191995
178560
178560
175042
191995
178560
178560
154400
191995
157979
157979
157979
155586
154818
155530
178229
160031
160031
160031
198436
198436
182579
182579
182579
182579
182579
178183
180277
178183
180277
178183
158679
158679
158679
162221
162221
162221
154747
162221
158679
162622
158679
164814
157979
172430
157979
157979
172430
155073
157293
172430
199818
199818
199818
199818
160076
199818
157979
154747
199818
172430
199818
199818
199818
155337
172430
172430
157293
157293
154400
157293
158679
154407
161539
171341
158679
176163
176163
158900
158900
158900
158900
156735
156735
156735
189541
189541
189541
189541
189541
189541
189541
189541
189541
189541
189541
156735
156735
158900
159741
156179
154222
158900
156179
154915
154724
172430
154338
154546
171561
171561
155337
154453
156446
156179
171561
168539
168539
167311
172430
167311
195366
195366
195366
167311
195366
195366
155625
195366
167311
167311
195366
195366
195366
167311
195366
195366
195366
167311
172430
154964
156179
154507
156684
154222
172430
155818
155337
155586
154724
156043
172430
155586
154747
155302
154747
154507
156551
157598
172430
194277
159814
179538
194277
194277
194277
154222
154323
154724
154222
154222
179538
154964
154964
158679
154915
154925
154790
154925
154323
157979
154880
155959
154747
168436
168436
157979
167040
167040
190623
190623
154546
190623
190623
162801
190623
162801
162801
167040
162974
187918
187918
187918
187918
155302
154453
168455
162801
168455
168455
162801
167593
162801
162801
166082
158075
187218
187918
187218
187218
187218
187218
178239
178239
187218
187218
187218
187218
178239
187918
187218
187218
187918
187918
187918
187218
165699
172483
178239
165699
182611
182611
182611
187218
187218
178239
166082
165699
165699
162801
172483
158075
154453
162801
172483
187218
162801
162801
154724
187567
179663
179663
179663
179663
174037
179663
174037
193747
174037
174704
174704
174037
174037
159727
179663
174037
159727
165061
165061
179663
174037
185485
154546
165167
165167
185485
164236
154724
185485
185485
154454
165167
154964
165167
165167
165061
188340
171341
191910
191910
191910
155586
191910
185485
164308
185485
160960
160960
185485
179982
179982
189445
189445
189445
174037
174037
154173
164308
154724
179663
186834
186834
186834
186834
174702
174702
174702
172483
166404
160960
164308
160960
154407
154724
154377
161920
158452
164308
192656
154377
192656
154377
195107
184927
195107
156815
184927
184927
184927
192656
184927
184927
184927
184927
192656
192656
161478
192656
185999
185999
163488
185999
192656
185999
185999
185999
192656
162801
192656
191034
191034
191034
154407
158450
196510
196510
196510
196510
174126
158826
191034
191034
158826
158826
158450
192656
158826
158826
158826
158826
160960
154964
158826
158826
158826
155655
158826
192656
158826
158826
158826
158826
160960
156867
158450
199702
186033
154173
186033
186033
180054
180054
194967
194967
162012
162012
162012
194967
162012
162012
170052
162686
154400
194967
194967
158450
194967
194967
194967
163488
194967
191776
162686
164308
171341
158450
159445
159307
158469
162801
164308
158334
163112
165073
163112
163112
157113
159445
154734
155337
157113
162801
190200
190200
182348
155530
182348
182348
190200
160435
160435
170883
162622
170883
170883
170883
170883
155997
190108
190108
190108
190108
190108
154546
190108
190108
154323
195164
195164
195164
195164
195164
160435
195164
154734
170883
170883
154734
162022
162022
162022
170883
154222
160435
160435
188362
188362
188362
188362
159674
188362
188362
170883
154734
158097
170883
154734
157392
161920
156658
160261
154734
154724
158097
155530
154173
155337
162974
154801
156190
158389
154222
154734
155096
155108
154453
155302
162622
154338
154546
154453
154173
154507
162622
154173
156867
162622
162612
162612
162612
154453
155302
154818
156815
154453
192794
192794
192794
192794
192794
167593
183921
183921
193255
193255
154818
154400
196524
197345
196524
196524
183921
193255
196524
196524
154453
154338
166427
164955
188362
155606
164955
164955
164955
164955
154693
158766
154173
196524
189756
154400
159411
192794
156867
188362
181148
181148
158113
181148
162012
195077
195077
154923
154453
156658
181148
180876
154146
162012
192794
176635
154377
193703
193703
191145
191145
191145
191145
191145
176635
196524
191145
154435
164350
192794
164350
162682
164350
168443
164734
159361
167593
172848
172848
156438
155062
156438
164350
164350
160261
162682
164350
162682
188362
164350
164436
154222
156438
156438
159445
155096
156438
164350
165037
154050
156438
155861
160261
154801
188362
199102
199102
199102
199102
156438
154790
154400
155108
154453
154568
154915
154507
154724
159445
155181
156658
188362
154453
192360
156363
192360
156363
192360
159445
156727
156727
156727
159445
160960
156727
156363
192360
156727
156727
189647
154724
189647
156727
176296
159445
156363
156363
154923
155391
162627
154400
158494
154818
192360
159445
154400
154923
155181
154146
155181
154222
160960
196173
196173
196173
168302
196173
194428
194428
196173
196173
160261
168302
194428
180199
186086
168302
168302
180199
168302
174084
168302
180199
186086
167976
192360
168302
168302
168302
155073
168302
196430
196430
168302
196430
168302
155818
172654
196430
154724
168302
180056
196430
167976
158432
196430
157605
156862
164884
159445
172197
172197
196489
167976
156862
196430
159445
172197
196430
162190
155391
186086
162190
196430
162190
196430
172197
162190
196430
160034
160261
155560
154219
156438
160034
196430
154173
160034
156862
154146
164620
160261
192360
172197
186086
160034
160261
156862
154453
154407
154454
160261
154818
160034
154507
160034
160034
160034
164884
158432
154323
157392
159445
193476
193476
193476
154222
172197
180591
180591
180591
183498
183498
159445
154724
158433
156438
168274
168274
168274
168274
168274
168274
168274
168274
154173
158903
154173
154173
174970
174970
163370
154507
158903
154454
174970
159101
159101
161734
161734
174970
163370
161734
158903
159101
174970
157690
157690
157594
157690
157690
157690
159464
157690
157691
154400
159101
157690
154915
199450
199450
199450
159101
155164
155530
153974
159296
158433
155164
155164
154724
158903
154880
157681
159307
159464
157392
156815
156862
156684
158433
160722
154936
172197
154936
154936
155530
154795
167593
157392
161653
159101
157964
154795
159101
157932
155062
156862
184954
184954
156862
155673
159464
157392
157392
156043
155673
155673
159847
157392
154338
154507
155747
155747
159762
154747
155530
154747
194195
194195
194195
194195
197715
154358
185920
190748
167469
190748
197715
167469
155021
167469
174667
190748
166698
197715
180375
190748
167469
180375
197715
197715
197715
180375
180375
197715
180375
180375
180375
180375
197715
157122
180375
180375
155021
190748
155027
197715
190748
197715
154173
155021
163942
197715
155181
183160
157122
183160
155096
155021
190748
154222
155096
159464
183160
155181
183160
155021
155625
158432
155021
155530
154323
154256
157122
155027
154507
167593
154724
154146
166840
154173
166840
177257
166840
177257
163832
162627
154173
165013
178489
178489
178489
178489
178489
178489
178489
178489
178489
165013
165013
165013
174100
165013
174100
179346
156567
158389
174100
156567
154507
174100
154453
192964
159464
168834
168834
168834
154222
156043
154923
154146
192964
154923
192964
154173
155625
154050
156043
174100
154507
154222
154146
188078
180799
180799
180799
154507
174745
191299
174745
155404
191299
191299
191299
174745
154146
154338
154453
174745
174745
154507
154146
154146
159445
180799
169977
190448
190448
198228
190448
190448
182867
187496
154146
182191
186726
186726
186726
182191
186726
182191
186726
169977
186726
186726
182191
182191
169977
186726
186726
157436
186726
195833
169977
197063
174745
197063
197063
195833
191242
195833
191242
169977
169977
191200
160905
169498
154222
174745
169498
155117
160905
155302
164888
179483
189659
179483
160905
188277
188277
188277
188277
154507
179436
179436
157436
169089
157436
155117
179436
155818
169089
167959
167959
155515
184333
167959
155391
172835
172835
172835
172835
172835
155391
155062
155117
155302
155302
154453
167151
154693
187332
187332
187332
187332
154256
154338
154453
154453
154050
154146
155606
167094
167094
167094
167094
167094
167094
164888
157813
157813
167151
154050
155586
165579
157813
154435
166925
166925
193843
193843
166925
193843
154997
166925
166925
166925
166925
177902
177902
177902
177902
187376
187376
187376
187376
177902
166925
157813
166925
154997
166925
154997
156955
158097
154256
154997
156955
177902
156867
158452
154997
156633
156955
160233
159540
160233
160233
159540
153974
159540
154997
154269
159540
154997
155530
182938
182938
182938
158452
182938
184079
184079
184079
154338
184079
184079
184079
184079
166416
191790
191790
155515
159540
155515
172197
165579
155391
159540
156955
156955
156955
154146
154923
159445
154693
159464
156815
156384
156384
156716
186343
186343
156438
155108
156716
156716
154453
154011
154222
179899
156716
154050
160359
181864
197179
181864
181864
170340
170340
170340
160359
160359
170340
181864
154453
154453
154693
154923
154146
198148
158097
197242
186343
169002
170340
170340
181864
170340
169002
169089
169002
160669
170340
169002
194108
160669
169002
160669
181864
154568
171303
196626
171303
196626
171303
160669
159952
160669
160669
197139
197139
188621
197139
197139
190320
182283
182283
164502
189726
189726
189726
189726
189726
197139
172953
172953
182283
172953
172953
172953
169687
171140
171140
169687
182283
169687
169687
169687
169687
169687
164502
164502
169687
160669
172831
160669
160669
172831
172831
169687
172831
160669
160669
172831
160669
172831
160669
172831
160573
159952
159952
157293
159952
159952
159952
159952
160573
162305
160669
157393
157393
160573
161920
175438
175438
175438
155569
160669
155569
154880
155569
155569
154222
166210
166210
166210
159952
166210
166210
166210
155569
167593
162627
166210
166210
155569
166210
166210
160669
160669
157293
163972
167593
184064
184064
154997
154453
184064
157293
161636
162155
154011
159952
155302
157598
160669
159464
154222
155861
160984
160573
156867
154693
155515
160894
160894
199540
199540
199540
199540
199540
199540
183601
160894
154155
181517
183601
183601
181517
160894
154453
154724
171303
157932
154011
155748
156633
156815
154222
157932
155302
154155
155515
160722
162305
159445
154997
154222
153974
156438
154693
191147
191147
191147
191147
191147
191147
191147
191147
191147
171413
171413
171413
154269
158494
154693
156043
154011
199917
199917
164179
199917
190170
190170
185062
185062
164179
171413
154454
155599
171413
158432
154323
199254
199254
199254
199254
154818
171413
176855
155586
154818
155302
164179
164179
184261
184261
199139
199139
199139
184261
153974
199139
184261
199139
184261
184261
199139
184261
164179
182400
164179
162110
184261
162110
182673
184261
182673
182673
182673
184261
154693
188675
157225
157225
162110
162110
154997
162110
154256
171698
171698
171698
171698
197230
154011
171698
154997
162110
162110
162110
184341
154278
154011
184341
154997
162110
162110
154155
154997
194855
194855
194855
194855
194855
189646
194855
184341
189646
194855
189646
154269
184341
189646
189646
196820
196820
196820
189646
196820
154997
196820
189357
196820
154818
154693
154693
189646
154011
154137
189646
154818
189646
189646
160840
154146
157498
154507
160840
157498
189646
192056
192056
192056
167945
167945
167945
167945
163972
192056
154453
187661
187661
187661
155302
154818
166466
166466
167316
167316
171303
154173
167316
194283
167316
194283
162545
162545
166466
167945
167316
191790
154269
154422
154422
162545
154997
167316
167316
167316
167945
154507
154693
167316
154568
162545
167316
167316
167316
156867
154997
167316
154137
154407
167316
167945
167773
167945
167773
167316
154011
167316
154155
167945
153974
154453
167945
162545
167316
154422
153974
154338
166466
176566
167316
154693
176566
176566
154269
154155
154173
154155
154256
154256
180278
180278
180278
160840
154256
153974
154925
158433
156179
156179
158432
164090
164090
167556
164090
164090
164090
169003
191908
191908
191908
191908
191908
162305
154997
154354
154693
154222
154173
154146
155062
157293
154925
161298
157884
173356
155997
158432
154925
156551
154915
155586
160984
157598
154925
156446
189275
189275
162352
189275
162055
159111
159111
159111
196173
154880
158766
196173
155997
170105
159622
170105
159622
170105
159622
159622
170105
170105
170105
189275
159622
159622
161920
189275
155181
154693
154222
154568
193888
193888
154222
154269
193888
189275
159445
154338
159622
189275
154222
195117
154146
195117
156551
155108
159445
160749
153804
155108
155458
154693
159622
156551
157598
155302
154146
198124
198124
154146
198124
198124
198124
154358
192212
192212
178409
180657
193844
178409
182469
182469
180657
180657
155062
178409
180657
154137
155062
178409
178409
162155
159622
153744
154354
159622
179474
155181
179474
154338
154997
156043
179474
154453
189275
179474
155748
179474
154790
154568
155959
154407
154146
188655
189275
188655
156043
161653
170250
179474
154790
197402
197402
197402
153974
154011
199167
199167
185821
154358
195502
195502
154422
189275
195502
185821
179474
184043
185821
184043
179474
184043
184043
185853
185853
192852
192852
192852
192852
192852
192852
192852
192852
192852
192852
181013
181013
193162
185853
181013
155997
181013
181824
189275
181824
181824
185853
185853
185853
190252
181882
181882
190252
190252
190252
181824
190252
170288
178719
181824
178719
178719
178719
178719
181824
169600
169600
169600
168051
168051
162083
181882
156043
158917
181882
158917
156875
154454
154795
158917
191887
191887
191887
156297
191887
191887
154173
181882
154146
154407
155861
181882
168300
168300
168300
158917
155748
168300
154146
180821
180821
180821
180821
157640
180821
154256
180821
168300
155861
157640
171435
157640
179068
157640
181243
181756
181756
181243
171797
181756
181756
181243
181243
169267
190621
173223
190621
181243
181756
191738
169267
190621
169267
190621
190621
171797
171435
170073
181756
169267
169267
183323
181756
169267
169267
169267
169267
171435
171435
169267
179474
167254
167254
162227
162227
162227
162227
162227
168346
168346
168346
168346
168346
168346
159517
162227
158722
175070
158722
158722
159517
159517
159517
173778
159517
171096
173778
158722
162227
162227
162227
162227
168346
193385
193385
193385
159517
192445
158722
158722
158722
197023
197023
197023
169267
169267
162328
159622
162227
154146
162328
165370
162328
165370
165370
165370
165370
165370
154173
162227
154256
158722
153804
157640
153974
191782
162328
191782
188179
191782
191782
191782
193966
158722
158722
154790
154222
159622
170134
170134
170134
170134
170134
196439
196439
196439
158872
196439
196439
196439
158872
196439
196439
193966
158722
158872
187708
170134
158872
154507
158872
158872
158872
187708
179968
154358
154050
162328
172482
154453
172482
179968
179968
176729
172482
158722
172482
172482
172482
154269
172482
154146
172482
168741
178485
178485
168741
168741
193154
168741
193154
187411
175607
154338
165402
178485
158722
154454
153974
154453
168741
168741
154997
154507
158722
186284
186284
186284
186284
179976
179976
179976
179976
179976
179976
179976
179976
179976
169316
169316
169316
158722
169316
169316
169316
154407
168741
192671
155181
169316
169316
158722
154507
154453
195474
184817
184817
156997
184817
154915
155096
195474
154146
154222
195474
195474
189769
154155
176968
195474
176968
177697
154146
156997
177697
177697
176968
153974
176968
153784
177697
154155
153690
169316
154011
156997
160722
154915
155606
154462
161688
169316
158917
154155
154792
154462
156997
155818
190159
190159
190159
190159
190159
155959
193356
155458
154155
154155
155391
171922
158334
160615
154790
160615
168741
160393
160615
160615
199637
199637
154993
199637
199637
181530
184817
154422
160615
154419
160615
159622
154453
168741
153804
186005
186005
186005
155560
154419
155625
154724
157761
157761
154718
190941
159101
155073
189251
189269
153784
154407
154011
195721
157598
157761
154795
154377
195721
154173
165132
165132
161223
154993
165132
165132
161223
165132
165132
165132
161223
161223
194908
193355
193355
158113
198545
198545
193355
198545
193355
182877
193355
182107
193355
193355
182107
182107
179122
179122
195721
197213
197213
197213
165132
197213
197213
197213
197213
161223
161223
161223
165132
161223
161223
184817
192816
161223
161223
161223
184817
184817
184817
173563
167025
173563
173563
191573
191573
191573
167025
184817
179976
161223
161223
167025
157336
161223
157336
170105
170105
167025
170105
154326
170105
161223
154818
173563
165132
164071
157336
169267
179798
195218
195218
192882
195218
195218
192882
187525
187525
187525
179798
179798
187525
187256
179798
179276
179276
187525
179798
179798
175602
175602
179276
179276
187256
179276
179276
179276
179276
178286
175602
179276
178286
196313
175602
196313
166727
166225
166225
175602
179276
164071
166225
179276
196313
164071
162392
164071
163808
163808
192945
198063
198063
192945
192945
164071
196313
165214
165214
196313
192945
192945
192945
192945
184116
184116
192945
196313
182267
182267
196313
181357
165214
180745
180745
182267
165214
180745
180745
180745
180745
180745
182075
165214
182075
182075
164529
180745
180745
165214
182075
182075
180745
163808
182267
163808
162392
162392
165214
154729
162392
162392
162392
162392
169267
162392
162392
159397
167031
162392
165214
167031
167031
167025
159397
163675
163675
164529
164529
164696
164529
192084
193836
193836
192084
162392
192084
192084
159397
164529
173069
173069
193836
173069
173069
192084
193836
192084
183844
168561
180745
163675
177353
177353
163675
163675
180745
162681
167076
162563
162563
167076
167076
167076
167076
167076
167076
167076
167076
167076
167076
167076
162681
167076
162563
162563
159397
173225
162563
173225
169500
162392
162113
169267
162392
167025
162392
161874
162392
162392
193196
162392
179976
159397
161874
159397
157336
162392
162392
159397
162113
159397
165185
165185
191988
162392
162113
162113
171949
171949
171949
171949
171949
171949
162439
159397
160986
155068
162439
162439
162392
162439
162439
162439
155068
162392
159397
180786
159397
167312
181692
171949
171949
189964
162439
162392
162439
162439
159397
162439
161616
199410
159397
193723
193723
193723
161223
163364
157336
154222
154146
159397
159397
157336
185407
162439
195342
157919
195342
153784
157336
154222
195342
161874
153804
154323
154729
155625
154454
156286
197082
197082
155224
162439
154219
154453
157336
154816
154011
162439
154050
154050
154729
154818
154532
161874
162439
162439
155748
155861
179976
154419
155181
153804
153744
153974
154453
162439
154925
154925
155861
157113
156551
167025
157293
155062
179976
160229
154729
198554
198554
154454
197243
197243
197243
198554
198554
197243
198554
197243
154422
158138
182385
198554
182385
182385
198554
182385
177226
154462
154915
198554
187475
155959
187475
187475
157293
182385
187475
187475
170895
193100
193100
168316
193100
194215
182385
170895
168316
170895
173303
173303
170895
170471
183856
178479
183856
170471
179976
170895
196644
196644
196644
196644
196644
170471
170471
170471
196644
192573
192573
192573
182801
182801
191090
191090
183856
182801
183856
196644
182801
182801
170471
182801
179976
157083
170471
163250
157709
170471
170719
182801
170719
165527
173456
170719
179976
170471
174131
182801
173336
173336
178187
182801
178187
173336
182801
182801
181389
174131
182801
181717
181717
174131
182801
181717
182801
174131
181717
173336
181389
181717
173235
174131
173336
173235
181717
188752
188752
173235
173456
173235
173456
196644
173456
171819
173456
187970
173235
173456
173456
173235
171819
187970
171819
181717
171819
181717
170719
165886
173235
165886
181717
173955
173955
173955
165886
173235
181717
173235
169630
173336
165886
173955
173336
173336
173955
165886
165886
165886
173336
173336
181717
165886
165886
173336
165886
173336
165886
165886
165886
165527
173235
165886
181717
165886
173235
165886
165886
165527
173235
163090
163090
165886
181717
170471
161909
173336
165527
165527
165527
173235
160095
173235
179616
173235
179616
179616
179616
173336
179616
173235
179616
173138
160095
163090
163090
189383
164729
189383
189383
189383
189383
163250
189580
189580
189580
165527
159745
189580
193673
159372
193673
193673
189580
168925
171291
168925
171291
189580
171291
171291
189580
171291
171291
171291
171291
161787
193673
159372
168925
193673
189292
189292
164729
179670
170098
159318
157083
157083
179976
175480
175480
179670
175480
173336
179670
158034
161787
158034
175480
179670
163250
161787
173336
161787
161787
161787
168925
160785
161787
168925
161787
160785
160785
160785
160095
160785
160785
159745
157083
160095
160785
169024
169024
160785
189580
159372
159318
187100
187100
187100
159318
156861
159318
158034
159091
160229
159318
167025
159318
159091
160785
158981
160785
167333
167333
176922
176922
176922
176922
167333
167333
157709
157083
157083
161032
161032
161032
161032
161032
167333
161032
157083
161032
161032
156861
167025
196742
166958
162094
166958
166958
166958
157083
157083
166958
154378
174577
174577
174577
174577
174577
174577
174577
174577
174577
174577
174577
179117
179117
179117
179117
156730
174577
157083
156730
156730
174577
174577
160785
156179
157083
157083
179117
166749
157083
166749
179117
179117
160785
164268
156398
154420
172197
156730
154420
195969
195969
158376
195969
195969
195969
156730
156730
164326
166749
154378
172050
172050
156730
156730
163849
154420
155993
154420
154422
154790
154420
154507
154378
154925
154420
158917
177881
177881
177881
155861
154420
154378
177881
154915
159397
177881
154964
154420
154378
164326
156047
157083
154654
155818
183114
154011
194678
194678
194678
194678
181717
183114
183114
183114
183114
189656
181717
172205
183114
181717
172205
172205
183114
183114
153896
172205
183114
154654
187789
187789
187789
187789
183114
189954
154654
154654
172205
183114
183114
161574
172205
172205
175729
171887
179156
156204
179379
179379
179379
174214
179379
179379
174214
179379
174214
179379
179379
174214
174214
154378
192420
192420
179379
174214
185606
179379
185606
185606
185606
179379
154654
166749
153896
185606
185606
161574
159762
153974
179379
164299
167033
161574
153784
179379
154420
179379
167033
167033
154378
167033
161574
179379
155930
155930
155930
179379
155930
161574
164299
155930
155930
172050
164326
166267
166267
155930
166749
161574
166749
155930
154407
155930
167025
167025
166958
164299
164919
166749
161574
161574
155930
166249
166249
166249
188291
193113
188291
188291
166249
188291
166249
166958
167025
155930
166249
166249
187438
187438
191400
187438
167025
166249
161574
164443
166249
187438
187438
160280
167025
170315
160280
161574
162479
171026
162479
162479
171026
162479
162479
162479
160280
162479
162479
194778
194778
194778
194778
194778
170162
190073
190073
190073
160280
190073
160280
190073
190073
160063
190073
190073
159785
159785
190073
190073
159785
162352
159080
180706
162479
157005
167025
154283
183966
158283
183041
183041
159080
183041
183041
155930
162479
159080
158283
162479
154420
159080
155930
159785
155930
159785
155930
159785
155930
172205
155930
155930
156405
172205
153739
159785
159080
159080
156405
160669
159080
164354
164354
164354
164354
159080
182183
181905
181905
181905
164354
181905
164354
163364
157293
162094
157293
167025
156405
154378
156405
157293
153896
164354
154420
156610
172941
172941
172941
154507
154420
172941
163364
154378
167025
194397
194397
154378
153784
194397
156815
156815
156815
174680
174680
174680
194397
156815
158138
194397
194397
194397
166865
159372
167025
194397
159372
166865
156610
166865
153744
154011
178055
159372
178055
178055
162978
162978
162978
162978
167025
162978
159372
156681
156681
156681
164367
165875
164367
156681
165875
162714
162714
162714
162714
159622
167025
179249
184782
174969
184782
184782
179249
176497
174969
176497
176497
176497
174969
163674
163674
176497
176497
163674
164019
164019
163674
163674
164019
174944
174944
174944
174944
163674
167025
163674
177415
177415
177415
163674
177415
162075
177415
177415
163674
177415
175666
175666
175179
175179
190329
175179
190329
190329
190329
179520
190329
190329
179520
190329
177502
175755
177502
175179
177502
162075
158138
162075
159372
162075
162075
155435
174944
160280
155435
156681
158917
162227
163674
163674
154453
159622
154222
155435
163674
159372
156889
156889
186481
186481
186481
186481
186481
186481
186481
173889
173889
173889
166000
190418
173889
173889
173889
177502
179781
167722
166000
167722
186686
154816
162708
154419
167722
178054
175999
175999
167722
156681
160280
157479
167722
153921
177885
160280
177885
154011
156681
156889
163674
154378
177502
177589
177589
177589
156815
157165
155598
155598
156681
179346
153739
159622
186663
186663
186663
186663
155598
156815
160280
155598
156047
156405
157083
177502
155598
173520
173520
173520
173520
187502
173520
187502
173520
173520
173520
153690
155598
154654
173520
173520
173520
187502
177502
154419
173520
153735
173520
173520
195633
195633
195633
195633
166474
173520
166474
182110
165649
190675
190675
160749
182110
182110
182110
156211
156211
182110
156211
159622
198178
153735
174431
174431
182110
182110
156211
182110
156211
156211
156211
159622
159665
159665
159665
159665
156211
156681
172205
156681
156211
156211
156211
154693
171962
156681
159665
171962
171962
154174
163571
163571
163571
163571
163571
177502
171962
171962
163571
171962
162682
162682
159665
193241
158109
162682
162682
162682
153861
189517
176946
189517
189517
189517
176946
176946
185285
185285
176946
167042
197557
197557
185285
185285
167042
176946
176946
176946
176946
180443
174760
174760
174760
174760
180443
176946
174760
167042
167042
187719
167042
187719
187719
167042
174760
174892
174892
166940
171157
171157
171157
156610
174892
168609
167042
168609
174892
168609
167042
198371
198371
167042
198371
158298
167042
167042
166940
158109
156254
158298
174892
158298
156254
164412
156610
158109
166474
159665
158298
158109
174892
158097
156312
156312
157887
156312
199958
156610
165428
156254
159665
156254
192472
156254
156681
157984
153739
159372
156860
156860
157984
157984
153739
154419
157887
156684
153739
158888
153739
156254
166987
156815
156254
166000
153690
198172
198172
185678
185678
185678
185678
185678
185678
185678
185678
159101
166000
166000
156254
156860
154377
186633
186633
186633
186633
154146
190943
190943
194789
194789
195743
190943
189645
190943
189645
189645
169419
186633
169419
186633
169419
197117
193380
192602
185678
192602
185678
179000
182267
169419
179000
179000
185678
197584
197584
167567
179000
179000
179000
185678
169419
179000
179000
169419
185678
179000
182267
176946
164081
185678
182267
182267
167567
198653
167567
198653
165163
187934
156610
187934
164081
154125
167567
187934
167567
164081
167567
164081
154654
153861
167567
164081
155073
164081
159761
165499
159761
186892
185872
186892
195985
195985
195985
195985
185872
173710
185872
185872
195985
195985
185872
174962
189876
189876
189876
189876
192574
173710
192574
192574
192574
174962
192574
189876
155170
189876
192574
189876
192574
192574
185872
185872
185872
170984
170984
170984
170021
170984
170021
170021
170021
192574
190736
167365
190736
167130
191379
191379
191379
191379
191379
165499
165499
165499
155170
155170
155170
155170
155170
157113
155170
190274
190274
190274
190274
176946
190274
183998
183998
172425
183998
172425
172425
159969
156405
159969
180016
159969
159101
180016
180016
180016
175851
175851
160750
180016
153974
180016
175851
175851
175851
175851
160750
178996
178996
178996
178996
178996
177934
178996
178996
178996
178996
188687
188687
188687
188687
188687
178996
177934
177934
174778
174778
155170
174778
174778
166816
166816
160750
160750
155170
156405
188947
188947
188947
188947
188947
168099
155997
159969
185808
160750
185808
155170
182746
170294
182746
173792
173792
170294
170294
173792
173792
170294
173792
160750
177647
188325
154867
184213
188325
188325
188325
188325
188325
188325
188325
190610
190610
171896
190610
171896
190610
190610
171896
177032
157113
177647
171896
171896
183998
170923
170294
171675
171675
171675
171675
171675
171675
160750
171675
156551
160750
170923
170923
155170
155170
164016
170923
183998
170923
155664
170294
176718
178996
170294
155818
198780
154867
154174
156043
164016
155993
155993
189692
156551
154453
156297
156551
155993
157479
155993
157113
154222
154378
167289
167289
154453
154693
160280
191794
191794
154125
157932
154422
154378
156551
154880
154462
161298
154125
153672
164412
154453
192002
166758
166758
166758
166758
161757
154993
166758
161757
176243
154358
176243
176243
189781
176243
156681
195970
195970
195970
176243
195970
176243
154326
189849
161757
189849
189849
189849
162772
154173
187042
161757
162772
166758
153784
153739
162772
166758
170212
154125
162772
162772
153690
162772
162772
154125
193425
193425
193425
162772
162772
193425
154125
193425
193425
154915
154358
154454
153672
153744
169478
169478
169478
153921
169478
154125
169478
162772
155664
163344
162772
180902
192045
155664
163344
154407
162772
162772
162772
154173
162772
154997
189781
181919
181919
181919
166987
185495
185495
154378
154173
198936
198936
181919
176420
160281
154128
170829
170829
153739
158917
154731
154407
158156
155130
178996
155130
155130
155130
182082
155130
155997
155598
169581
197693
155130
173761
156610
197693
197693
157587
154718
173761
173761
186859
156043
154718
194776
194776
193490
153739
193490
187791
173761
187791
153804
187791
180010
154453
180010
154407
161938
167588
161938
167588
198024
167588
198024
161938
181430
198024
181430
173761
194875
194875
198024
181430
196231
196231
181430
181430
181430
181430
181430
179863
181430
181430
181430
181430
181430
162772
179863
179863
197839
197839
197839
197839
197839
197839
161938
161938
197839
197839
167588
156551
179920
179920
154358
169022
161938
179920
179920
179920
191624
191624
191624
191624
169022
169022
179920
162273
169022
183341
183341
183341
183341
155077
154128
169022
167588
182080
182080
182080
182080
182080
182080
194510
172215
172215
172215
194510
167588
167588
154407
172215
162273
166095
154378
160414
160414
159431
154338
154507
181367
181367
181367
181367
181367
176462
162772
159431
159431
159431
159431
159431
159011
154128
190557
190557
190557
190557
154128
190557
163131
163131
163131
159011
163131
155077
159431
159431
155077
155077
159431
155077
158917
154128
159431
179322
179322
179322
179322
179322
179322
155077
159011
158708
158708
156282
158708
170307
159011
197570
157320
158708
162772
156282
159011
157320
160867
156282
160867
154128
190438
156282
159101
166987
160867
171518
171518
171518
171518
156282
171518
157320
159653
159653
155664
157320
191354
156282
157320
157320
157320
154128
157320
156282
191354
156282
154378
155664
156610
193907
193907
193907
193907
194199
194199
191354
167001
193907
193907
167001
167001
167001
167001
154326
191354
158574
154649
156282
156282
153672
156282
154649
162352
156282
192017
167001
190199
154649
154649
190199
192017
190199
191354
156282
154649
154649
156446
155337
160280
154649
154649
163632
163632
163632
154649
192017
163632
162772
160402
190665
190665
190665
156681
154125
154731
166374
154358
156681
154816
161223
153672
156644
156644
191354
153739
154693
169541
169541
154283
156644
155391
154693
153878
159969
154453
153690
160280
175200
175200
175200
175200
154269
162227
162105
155392
156681
154507
153974
158917
160280
153878
162708
154437
155598
157113
154437
154802
154802
154802
156867
189299
189299
155598
154802
156644
154802
154174
154802
156681
156867
158452
156644
161653
158156
155993
154437
154802
154437
156644
155997
156867
156644
161539
158113
156867
170315
162708
155598
154278
155598
155073
189688
156644
154219
156867
153974
154173
155170
157113
154802
154128
154729
166987
155625
192886
160028
192886
155643
155376
155376
155139
154437
155376
155376
155376
155376
162708
159969
159969
163364
162352
156282
154358
155181
155861
156932
158455
154125
154802
162227
155858
154802
153690
155337
197717
197717
166004
188909
188909
188909
157932
188909
183782
155959
153804
166004
156903
166004
166004
183470
155458
154256
183470
158156
155337
162094
155376
186618
179464
179464
179464
155625
179464
179464
173138
157285
157285
157285
157285
160984
155993
157285
157285
157285
154437
154420
196305
154437
154437
156254
154453
154997
153660
154915
154693
154271
154283
153660
154283
162627
189220
189220
189220
178501
178501
178501
173918
173918
173918
154125
173918
156907
172054
173918
173918
172054
153690
181436
173918
153739
153690
188662
168507
188662
188662
181436
168507
172054
154271
176418
176418
176418
183036
176418
153804
154818
176418
156633
176418
163972
176418
159969
154278
153739
176418
154174
176418
173918
170959
173918
173918
170959
173918
153739
154724
173918
173918
154278
155515
154437
154011
153878
153631
154173
173918
153878
154437
173918
158903
162155
154128
156043
155959
157532
153672
173179
173179
158113
173179
166259
192799
166259
192799
192799
192799
166259
184134
184134
181406
181406
181406
181406
181406
181406
181406
181406
181406
181406
181406
173179
193695
193695
193695
175325
175325
180154
180154
182359
182359
180154
180154
193695
180154
180154
182359
180154
180154
180154
180154
180154
180154
182359
175325
161191
161191
166259
175325
157004
166259
161191
161191
166259
175325
175325
161191
161191
161191
161191
161191
161191
179971
161191
179971
161191
161191
161191
157084
157084
179971
179971
157084
157084
161191
161191
157084
178530
178530
157084
161191
154507
161191
161191
196756
154462
157004
196756
161191
154437
157004
159969
158432
156179
157004
155625
157004
158334
154437
157004
157004
157004
157004
153660
156851
159168
158020
156911
156282
154462
157004
157004
154915
153735
155625
188632
188632
181904
181904
160984
181904
181904
156258
155625
199473
199473
195387
195387
156851
195387
195387
195387
163126
163126
163126
153660
156670
159071
191354
174548
174548
174548
160281
156601
156297
157479
156851
159969
153878
154173
157589
156851
158113
158455
158888
159969
156851
154269
154058
154462
192985
154462
192985
156446
156900
156446
154462
156932
158113
154790
154222
156900
154338
173966
173966
173966
162155
154011
160960
184370
184370
157875
158438
160960
156900
154338
156900
187691
187691
187691
187691
187691
162627
187691
187691
173958
187691
158329
156900
171629
171629
171629
156900
153660
156900
155625
158888
153974
158438
154278
157532
155818
154818
153690
153660
157285
154174
192033
154818
154358
154818
192033
160960
153690
154437
156900
154278
154724
179692
196230
196230
196230
196230
179692
179692
179692
183913
183913
161653
183913
153672
183913
183913
183913
195549
177531
164696
195549
195549
156861
198874
196274
177531
177531
164706
177531
177531
177531
154146
164706
171629
157479
154283
156861
167957
167957
167957
171629
167957
154818
153861
154407
154128
154269
167957
157822
153690
156900
153690
154511
154326
167957
199689
199689
156601
156900
154437
157285
156900
154724
167957
156900
156900
154222
155861
154271
167957
154125
153690
156815
154795
154125
199725
154507
199725
158884
154219
155699
157822
154222
155073
157479
156658
156190
154146
156047
153660
199725
180378
180378
180378
180378
154717
157822
153631
156022
154271
154915
199725
156911
174213
174213
174213
174213
174213
199725
174213
174213
164212
155598
165613
165613
187673
199725
174213
174213
165613
155959
164212
164212
165613
164212
174213
154146
154146
153631
199725
171261
156179
187673
156297
165613
159813
153690
187673
154864
155515
154278
154271
174213
174213
157882
155096
167957
168484
157882
157882
157882
157882
157882
155997
155392
154146
153690
153921
159101
165613
154011
156911
154674
155391
153861
154271
153861
153672
155391
154146
154407
157285
154125
174213
171629
163228
163228
163228
163228
155376
153660
154146
154256
167007
167007
154915
167007
167957
154256
154378
167007
179044
153735
155862
171107
154256
167957
199725
193763
193763
193763
193763
193763
175504
158888
158884
175504
175504
175504
175504
175504
163228
157822
174804
170270
154378
170270
157269
160960
160960
157269
158455
170270
157269
157269
153598
157269
157269
153861
157269
179826
179826
179826
179826
179826
199043
199043
187814
187814
182450
179826
179826
176359
179826
163252
199725
179826
163252
176359
163252
179826
163252
179826
179826
163841
179826
176359
179826
163252
179826
176359
176359
163841
163841
155404
165889
165889
163841
163841
163252
178519
178519
184409
179826
178519
163252
163841
163252
163252
163252
179826
168838
168838
159746
176359
179826
159746
159746
159746
159746
159746
156065
153690
199370
199370
180656
199370
186494
198929
199370
180656
179826
180656
186494
198929
186494
198929
180656
198929
182524
169600
180656
180656
180656
173485
173485
169600
180782
173485
175183
180782
173485
175183
173485
156297
171415
171415
175183
171415
194354
173485
173485
171415
165507
169334
169600
194045
194045
170481
170481
174975
170481
169600
169334
191149
191149
169600
188598
169600
188598
192533
192533
188598
192533
169334
192533
169334
159746
190515
190515
169334
169334
169334
169334
169334
161752
169334
166609
166609
165821
166609
166609
166609
175517
165507
175517
165507
166609
164413
167491
167491
167491
166609
194189
155404
165821
165507
167491
166609
166609
164413
175183
199725
164413
167491
165821
166609
158547
158547
157195
157195
157195
167821
160722
180839
155808
165821
157195
165821
159746
157195
166609
166609
166609
155808
157195
168259
168259
168259
153602
165821
155808
177999
177999
186737
177999
177999
155808
178400
165821
178400
178400
166609
178400
197739
190113
178400
190113
166884
166884
166884
178400
166884
163171
163171
166884
165821
166884
163171
178400
169550
163171
166884
157159
163171
170941
163171
153690
154146
165821
165821
157159
153861
153660
157159
165821
157113
166609
157159
157159
154453
160722
169550
156031
154146
196796
157159
196796
196796
199725
156325
155625
154378
161752
154816
154358
161752
199725
161752
154422
169550
157587
154511
154278
154795
182719
189770
189770
189770
161688
153933
189770
159071
155096
153878
156325
156325
166201
166201
166201
190157
190157
190157
190157
190157
180463
190157
190157
154219
154219
192021
192021
192021
168039
192021
191778
199500
192021
191778
192021
168039
167649
168039
167649
168039
165821
168039
168039
198922
167649
184492
184492
198922
168039
167649
157584
153598
165095
157584
159431
153606
166201
157681
165095
158433
154358
159757
159757
159757
159757
159757
165095
159757
165095
169556
158020
169556
158020
199535
199535
180316
180316
199535
180316
180316
199535
199725
199535
199535
199535
186003
186739
199535
186739
181332
199535
186739
180316
180316
180316
180316
180316
180316
186003
180316
169556
172567
186739
162474
180316
170801
170801
172567
180316
172567
170801
172567
191451
191451
191451
170801
173711
186739
170801
191451
170801
171148
161408
191451
170801
170801
170801
170801
162474
170801
170801
170801
161408
170801
186897
170801
161408
170801
170801
168425
170801
177619
177619
161408
177619
170801
170801
168425
169556
199354
199354
199354
199354
189401
199354
189401
189401
189401
189401
189401
189401
189401
189401
189401
189401
189401
177301
177301
177301
191687
167457
168852
191687
167457
191687
191687
167457
167457
167457
167457
177137
166611
166611
166611
162780
161853
198116
198116
163744
199725
162530
162780
162780
173711
177301
169556
162780
177301
187551
169556
187551
162780
187551
187551
162780
162780
167457
169556
167457
162780
186739
177301
170801
169556
162530
183660
183660
183660
183660
190021
183660
188821
178117
190021
183660
183660
183660
183660
163550
163744
167457
163744
163744
163744
163744
163550
178117
178117
167457
180335
178117
178117
163550
162474
167457
178117
178117
163550
180335
178117
162530
165095
161408
178117
178117
178117
178117
178117
162474
178117
199725
161408
159674
178117
178117
161408
161408
167457
161408
161408
160279
160279
173476
173476
160279
182997
199725
161408
160008
160279
174545
174545
174545
167457
167457
160001
160279
159674
165095
160001
188886
160001
159674
166553
160001
167457
167457
160001
173555
178335
191203
199725
178335
178335
178335
178335
178244
162174
178244
173555
173555
160001
167457
162174
162530
159757
160001
162174
162174
160001
162530
159674
162174
160001
160001
160001
159674
160001
160001
160001
159674
157930
173545
173545
157930
173545
173545
159674
157930
157930
157930
159674
159674
167457
170801
157930
191138
191138
191138
182601
191138
193062
193062
193062
193062
193062
160001
193062
167457
193062
184134
187415
187415
187415
187415
187415
160001
187415
160001
187415
159674
160001
187415
159969
159674
160001
171928
182416
182601
185211
185211
185211
192803
185211
192803
182601
192803
171928
171928
182416
171928
189134
182416
171928
182601
195610
171928
191955
191955
168191
171928
191955
191955
171928
168191
159674
171928
168191
199588
199588
199588
191955
191955
171928
191955
168191
191955
157930
191955
168191
157930
188980
168191
199588
164023
164023
171928
164023
157930
191955
164023
164023
168191
164023
171928
156416
157930
171928
157930
183742
183742
183742
183742
183742
183742
195509
183742
183742
183742
164023
183742
163772
161921
171928
186337
183742
183742
157930
157930
158186
157930
183742
157930
171928
158186
158186
161756
158186
171928
157930
158186
157584
158186
158186
157494
159088
157930
157930
157930
157584
157814
183363
183363
157494
168084
168084
168084
157814
197526
157930
157494
197526
197526
197526
157930
197526
197526
197526
197526
197526
191836
197526
191836
169224
169224
197526
169224
169224
168084
197526
199588
169224
168084
157814
169224
197526
182677
170096
183250
183250
183250
170096
197526
196255
183250
196255
196255
199588
197526
183250
196255
169224
188481
196255
170096
169224
199588
197526
197526
170096
170096
188481
188481
157930
181535
170096
183250
182677
182677
165715
184860
190104
165715
184860
184860
184860
165715
184860
165715
157814
157808
165715
184860
170096
182677
170096
170096
157808
183250
157808
166792
166792
182677
166792
157808
170096
170096
187511
157808
166792
170096
166792
162011
166792
170096
170096
172822
157808
162011
181215
181215
157930
192247
192247
162011
163860
193640
181215
193640
157808
157808
186739
194495
194495
194495
157309
194495
194495
194495
181215
181215
181215
157808
166792
182995
157309
182995
182995
156416
157932
157494
159969
172830
172830
159969
178202
178202
178202
178202
172830
165389
165821
163865
162011
163865
163865
157309
157808
163865
163865
163865
157309
163865
189715
157808
163865
179608
155976
157265
163865
156504
179608
157808
163865
163865
155680
179608
171928
192287
192287
157265
156504
192287
156504
163865
163865
179608
163865
199061
199061
199061
175014
163865
163865
179608
158642
158642
179608
185784
155976
161752
156504
157584
157808
160749
157584
156504
155976
158020
157309
156416
155976
155976
198213
198213
170228
198213
198213
155680
181193
181193
197342
197342
155664
155797
197755
197755
197755
197755
197755
197755
197755
154457
197342
188085
192190
197755
197755
197755
197342
192190
197342
191894
197342
192190
197342
191894
197342
155680
197342
197342
170228
171928
171928
155680
154457
197342
154457
155598
155976
155976
189494
192190
187437
189494
189494
192190
189494
189494
192190
155680
187437
187437
182045
192190
182045
187437
182045
178288
182045
178288
178288
193928
193928
178288
193928
193928
193928
193928
178288
193928
193928
178288
177388
169330
155976
169330
169330
169349
155997
199725
184645
169349
169349
169330
184645
169330
169349
169330
155081
155081
169349
154457
196077
196077
196077
155081
154457
159071
155976
154715
154457
164502
164502
164502
154715
164502
164502
155976
155081
156031
154378
155861
154693
155598
159110
154993
186242
186242
186242
155302
154457
192190
194806
194806
186242
186242
159741
166516
166516
184498
186242
191338
155976
191338
191338
186242
191338
186242
154070
187437
175704
175704
175704
166516
175704
186242
187437
186242
175704
155642
187437
155997
154222
154173
155997
187437
156911
159431
155993
155108
156258
187437
165821
154070
154070
154070
159431
154070
156047
187437
154173
157309
156065
154708
154326
154457
154128
154174
154128
186739
155302
176013
175415
176013
159025
195424
195424
195424
154070
154070
195424
175639
154070
175639
195424
175639
176013
154456
175639
176013
154256
175639
176013
164273
173192
154993
157954
164273
164273
164273
164273
164273
153933
164273
164273
195225
176034
176034
166908
166908
153740
188553
153933
160169
186242
160169
154448
159015
153740
156610
160169
159015
158334
160169
154222
159015
159015
159015
154146
165821
154437
154818
159015
155976
166908
155027
193411
193411
193411
154222
193411
193411
159431
162455
162455
162455
163199
162455
163199
163199
163199
163199
186242
157772
163199
162455
186739
164986
164986
187420
187420
187420
187420
187420
187420
157772
162455
164986
162455
164986
159015
164986
157772
154731
159015
194858
159015
156811
159015
194858
182324
182324
185807
182324
182324
182324
182324
182324
185807
178392
182324
157772
156811
178392
157772
182324
186242
178392
185907
185907
185907
185907
185907
185907
185907
157772
182324
178392
157159
166908
156811
159746
178392
156811
156811
156811
159969
156811
159741
172478
156811
156811
156582
156582
156811
156911
156811
160960
156582
172904
167510
157083
159746
154731
160490
160490
154964
160490
160490
160490
160490
160490
158141
158141
158141
159741
154731
156582
155976
175415
156582
158141
158141
158141
157159
155598
194534
156582
156582
154731
153861
159746
187181
187181
187181
187181
187181
154358
156282
163895
187181
187964
187964
187181
157083
157083
156544
153602
154256
156670
154125
154338
199692
199692
154457
153878
153740
190624
158141
190624
190624
191354
190624
154256
153598
174842
162476
190624
174842
199959
174842
174842
162474
174842
174842
175000
187181
175000
177488
193712
177488
162476
175000
197185
162478
191788
191788
175000
191788
191788
175000
174842
197185
175000
175000
162478
163036
175000
176949
175000
176949
199050
162478
162478
163036
162478
162478
162478
162478
162478
162476
162476
162476
162476
162476
162476
161853
162474
162478
174842
162476
162476
162476
162476
162478
173342
165726
162476
153602
161802
161042
194303
161042
161366
161366
161042
173164
173164
168584
168584
161042
168584
161802
159583
174842
168584
161042
161042
158452
168584
174842
161042
161618
167442
167442
161618
161618
167442
161618
167442
161618
161618
161618
161618
155096
161618
158699
161618
158699
161853
153740
158897
161618
188949
188949
188949
188949
188949
188949
188949
188949
195259
159583
158699
155096
172917
172917
172917
172917
161752
172917
157822
158699
158699
197938
197938
153740
172917
158699
158699
172917
172917
153740
159583
153740
158699
161802
153921
157790
158699
156544
154831
161802
153740
154256
153606
156781
156781
161802
156456
153579
154731
155625
158699
154731
155818
153921
158699
153878
154731
156670
155376
154174
155145
158773
155302
158773
199737
199737
171629
185827
170585
185827
185827
185827
185827
185827
197938
158773
168323
168323
158773
168323
158773
185085
153602
170585
155598
197938
158773
158773
184971
170585
184971
184971
184971
197938
154358
156179
182044
182044
153602
182044
182044
182044
182044
182044
182044
196325
153740
154283
196325
153672
154174
194708
155458
182044
170585
153579
187327
187327
187327
154795
182044
154997
153974
161802
153602
155699
170585
154378
154915
153602
154222
155997
155598
197938
153740
155181
173627
153861
155699
184104
153579
154795
170585
154816
153804
171629
170585
196926
196926
196926
155376
157532
155699
154731
155302
155404
154146
156551
157932
165655
153579
167957
157822
154457
154479
162744
165655
162744
162744
155376
153921
162744
197938
167957
164886
156911
164886
153784
157477
160722
155598
162744
162744
157477
162744
197938
157477
157477
162744
157477
157477
154128
154266
153579
154266
154457
157477
157477
161853
157477
154128
155862
154818
155096
176975
176975
157859
195855
195855
198725
198725
198725
198725
198725
174506
176635
180102
180102
153804
176635
176635
153740
154128
154358
157859
174506
154358
164216
164216
164216
164216
157859
153545
185091
185091
185091
185091
154011
185091
185091
157859
157859
157859
157859
164216
153602
157859
196890
157859
153672
154495
154795
164216
196890
154818
191703
153606
191703
191703
157859
191703
191703
191703
191703
155096
157859
154731
153974
196890
153784
154338
153784
198764
157859
196890
185091
154448
178655
181311
170322
170322
170322
192125
192125
196890
165732
170322
196890
165732
170322
170322
195357
195357
195357
195357
195357
154457
196890
153921
173650
153579
173650
165902
157859
153579
173650
153579
173650
155096
153579
157859
173650
153735
154354
196036
154378
173650
173650
171996
171996
173650
171996
157822
171996
171996
171996
196890
180521
171996
165732
165161
157859
171996
171996
171996
196890
196890
171996
165161
165161
165161
165161
198764
188859
188859
188859
155164
157859
159445
171845
155164
171845
171845
171845
155164
155164
171845
171845
155164
171845
157859
188859
155164
157859
153545
154266
153660
153804
156086
187319
153602
158884
155062
165902
161977
196890
165169
161977
154128
153579
173803
173803
180521
157477
155164
165169
155096
153660
179175
179175
179175
179175
179175
164784
179175
165169
157535
157535
157535
157535
157535
175327
175327
180521
174912
174912
174912
180118
174912
174912
157535
165902
157535
157535
174912
157535
174912
174912
171824
164467
180521
164467
174912
164467
174912
154125
154125
154400
155164
154997
197991
197991
197991
197991
197991
197991
197991
197991
197991
197991
197991
176557
176557
176557
153701
153804
153921
185648
185648
185648
185648
154358
167535
185648
154358
157535
153701
155302
185648
157477
153579
158389
154354
154125
154222
155699
153579
185648
153974
185648
157651
155164
154453
158432
153744
155515
153735
190519
190519
190519
190519
190519
190519
188015
167535
155302
185815
173333
173333
173333
162007
173333
173333
173333
156781
185648
170436
162007
173333
154502
153744
157477
157477
170436
158141
154502
153804
153545
155164
192131
153701
192131
192131
192131
153579
192131
153579
153672
155642
153519
170436
159088
153545
155164
156781
155164
154354
153974
153804
180060
196890
185648
185184
185184
191354
185648
180060
155515
185648
166655
166444
186739
166444
153744
166444
164467
154502
153579
185648
154502
154502
154790
185827
179250
154128
154271
154420
154011
199979
197901
170436
157954
153545
155181
154146
156031
164467
153740
155783
170436
154693
153740
155625
154178
164467
182297
170106
170106
182297
182297
156551
153519
170106
182297
185092
185092
185092
156031
185092
170106
165522
156911
170106
154178
169195
169195
153545
191587
154648
191587
191587
191587
191587
191587
198439
153545
191587
167957
197117
169980
153925
198439
197117
154677
153519
153545
188972
165522
165522
165522
159460
159460
188972
159460
159460
165655
155096
170170
154648
156254
154677
154378
154677
155530
154677
170196
154677
170196
156031
170196
156031
156142
159460
157822
153740
154790
154731
193268
193268
188813
188813
188813
193268
176005
193268
188813
176005
167367
176005
167367
154648
154648
156047
154648
156551
178052
178052
186230
186230
186230
178052
178052
182297
178052
179960
178052
179960
178052
182297
178052
178052
170066
170066
170066
178052
170066
178052
170066
178052
170066
170066
196057
196057
196057
167077
196057
196057
170066
167077
191804
167077
191804
167077
165730
169397
165730
194536
194536
194536
195866
169397
194536
165730
165730
167077
167077
167077
167077
167077
185406
154997
185406
167077
174776
174776
158099
165730
165730
197858
197858
158099
197312
165530
165530
197858
161814
158099
165530
161814
197858
161814
158884
197858
156297
192989
180884
180884
161814
161814
180884
157301
158099
180884
180884
178230
166704
180884
180884
178230
185827
180884
178230
178230
166704
166704
166704
166704
174392
174392
155374
174392
161814
174392
161015
158099
161814
161814
161015
161814
158099
185827
158099
158099
192008
156781
192008
192008
158099
174586
174586
174586
156919
161814
165169
156919
185827
156919
156919
177996
156719
155374
190472
190472
190863
190863
190863
190863
190863
190863
190863
190863
190863
190472
194138
156719
156719
156719
164467
156719
156719
182297
178911
178911
155374
170606
189291
189291
170606
189291
189291
156719
189291
158090
158090
155374
165169
157572
155374
195059
156719
199983
155374
156719
156719
156719
156719
199983
159741
171757
199983
171757
195059
156837
171757
199983
199983
164251
156837
171757
171757
189625
154578
156837
156837
154578
156837
158432
156837
154128
164467
159460
156837
154178
163364
164467
170801
153921
153974
154222
157954
154648
156031
154174
156837
165821
153545
156837
154648
156837
157113
154648
156719
157875
171164
171164
157875
171164
159969
171164
156719
155374
157477
154338
154146
192800
192800
192800
171618
192800
192800
171618
186543
171618
186543
192800
171618
192800
196412
192800
153744
192800
192800
171618
195624
192800
186543
192800
192800
186543
171618
155374
192800
192800
192800
153861
196494
196494
196494
196494
153519
156719
155374
157655
179816
156837
155374
157477
196494
192800
171618
186543
197221
197221
153606
197221
153740
196494
155374
197221
197221
156837
197221
196494
155374
186543
197221
153861
171618
153740
153974
156837
171618
156837
171618
179816
179816
197221
171618
171618
165885
176737
171618
179816
193417
171618
165885
191717
165885
175415
174429
176737
176737
165885
165885
165885
199761
199761
179816
199761
176737
199761
179816
199761
199761
170336
157822
175991
175991
153962
175991
171835
171835
171835
175991
175991
175991
171835
168966
163529
174429
190819
190819
153744
190819
165885
165885
190819
165885
163529
160232
156313
167062
168966
167062
167062
167062
167062
158329
167062
167062
167062
162400
162400
168966
191521
160232
174429
162400
162400
162400
160232
156456
156313
160232
160232
188761
188761
188761
156911
155598
156551
156313
188761
167062
188761
156313
191207
191207
191207
191207
182297
197700
197700
197700
197700
197700
196189
196189
191207
173967
197700
197700
191207
191207
191207
177835
177835
177835
177835
177835
177835
190369
177835
175541
177835
177835
188266
173967
188266
175541
188266
173967
188266
173967
173967
175541
173967
177835
177835
173967
173967
177835
177835
173967
182974
173967
182974
173967
156313
168401
170626
170626
155374
170626
174362
174362
174362
167062
174362
174362
174362
198485
198485
198485
159258
174362
174362
174362
184174
170626
174362
174362
174362
170626
174362
174362
174362
154358
159720
168323
174362
168323
167062
168323
171835
174362
180586
180586
168323
168401
170626
168323
168323
168323
168323
168323
174429
174362
174362
174362
168966
159720
159720
159720
159720
159685
190020
190020
190020
190020
161398
190020
182203
174362
164031
182203
182203
159307
161398
182203
179090
193097
193097
193097
193097
193097
185827
193787
193787
180785
180785
180785
180785
193097
180785
154174
170626
193787
193787
193097
174797
153740
159720
159720
174797
174797
170626
161398
159720
159720
174362
156313
159307
156313
156313
174362
156313
159307
159307
154648
159307
153518
156719
153490
159307
159307
198518
197201
182297
172430
171347
154146
153974
172480
180132
153921
159258
171347
157182
188195
188195
188195
188195
159307
157182
157182
157182
188195
165490
157182
159258
171347
154644
154644
168323
168323
168323
157182
157182
159380
168323
154644
157182
168323
157182
159380
157182
193912
193912
193912
193912
193912
154644
154648
157182
171710
153921
193912
178258
178258
157182
171710
193912
159258
168323
159380
164031
199630
199630
199630
199630
199630
190037
159258
159380
168323
153660
154648
159307
153545
159258
153545
159258
177851
177851
154648
153518
153744
153579
153962
167062
153606
193912
153490
157182
157182
153672
178996
161388
184443
184443
154648
156719
157176
157182
157176
157182
157176
157176
167935
167935
157176
157182
153974
161388
157182
157176
156298
156313
153518
157182
175041
154648
153740
159258
153602
161853
181886
154648
154648
155374
154219
156830
165305
159258
156830
166243
155851
163357
159258
163357
156719
163357
194777
155851
156047
194777
184843
184843
184843
199056
166511
163357
163357
163357
160312
155851
184843
163357
198430
192376
163357
160312
160312
163357
163357
160312
191354
184843
163357
160312
174666
174666
174666
184843
174666
184843
161660
165321
184843
165321
161660
174666
184843
160312
160312
174552
160312
161660
157619
160312
170801
155851
172022
155851
155851
155851
160312
163068
166243
167062
190397
175115
194271
175115
194271
174666
175115
175415
174815
175115
174815
174815
174815
174815
172022
158642
164511
158642
158642
164511
158642
164511
174815
174552
158642
165999
158178
195728
177964
157619
177964
199668
199668
158642
199668
163068
182533
182533
177964
182533
182533
188872
188872
188872
188872
188872
188872
188872
188872
188872
188872
182533
180063
182533
157619
180063
180063
177964
179445
179445
179445
179445
173078
197209
177964
197209
197209
177964
197209
197209
175408
177964
179445
179445
177964
177964
158178
157619
173078
174666
173078
173078
158642
191266
176709
191266
191266
158178
191266
190099
190099
190099
190099
190099
190099
190099
176709
176709
164743
197390
176709
197390
176709
176709
176709
176709
186716
166876
186716
164743
166876
164743
176709
158642
176061
169883
164743
164743
164743
163068
169883
176061
157898
174342
157619
158642
196145
157898
176709
180342
180342
180342
180342
180342
180342
180342
158642
157221
158178
161388
156692
157221
166243
158773
188930
157221
157817
157619
156692
158773
153962
156692
157817
156692
157898
156692
159258
156692
157619
157817
159741
159741
159741
167062
159741
157817
156692
156692
184755
184755
195427
155851
160882
195427
182602
155851
155851
161692
157176
156031
155851
178996
166243
155851
161388
155851
157176
183032
183032
183032
157221
157817
183032
155851
194431
183032
194431
194431
155851
174666
156757
166243
182471
182471
182471
166243
180223
182471
182471
171340
171340
180223
180223
180223
157221
187322
187322
186993
162109
166243
171340
175602
175602
155376
187322
175602
154788
154382
175602
171340
158178
158063
156719
154788
155552
175069
175069
168129
154382
168129
180070
180070
155578
168129
157221
168129
155374
155578
187941
187941
175069
155851
171340
187322
154228
158063
155851
175069
158063
155374
175069
154790
154788
169597
166616
169597
175069
175069
163578
154228
187322
195181
195181
195181
174766
168216
172157
172157
172157
172157
179805
179805
179805
179805
184236
179805
179805
168677
165993
174666
164681
168677
199050
168677
164681
186591
186591
186591
186591
186591
186591
175384
175384
167062
175384
177988
177988
177988
199594
177988
175384
177550
177550
175384
165993
175384
165993
175384
175384
175384
167062
168677
175069
168677
164681
168677
164681
164681
165993
164681
164681
164611
164681
164356
164681
164681
165999
164611
168216
168216
164611
164611
164611
168216
166243
164611
164681
164681
163578
193812
193812
164611
182633
164356
164611
171340
164611
164611
164611
176086
176086
163578
168216
156372
176086
163578
176086
176086
164356
164356
195354
198703
198703
158890
176414
176414
176414
161300
183934
174558
165999
158890
176414
176414
173643
173643
184468
176414
171907
158890
176414
171907
176414
176414
165999
176414
161300
161300
166244
166244
166244
166244
161300
166243
168216
182914
158890
182914
182914
182914
166244
182914
182914
166244
156124
196267
161300
196267
161300
182914
182914
182914
158890
182914
158890
156298
188344
188344
188344
178326
154788
178326
178296
178326
168216
178296
156757
186000
186000
175556
186000
186000
178296
175556
175556
178096
158268
158268
175556
158268
158268
158268
158268
156815
158268
162136
162136
182120
182120
182120
182120
162136
182120
156815
158268
158268
162136
154617
173407
156815
183934
173407
156313
156815
185453
156719
156124
156462
156462
156462
156298
185453
173476
173476
185453
156124
156462
156124
156462
185453
185453
173476
185453
176484
156462
176484
176484
156462
176484
176484
167957
185453
185453
177597
185453
176700
177597
177597
176700
177597
177597
176700
177597
185453
176700
158118
199961
199961
158118
156124
199961
199961
188596
154741
156124
168216
179603
155361
191354
155912
162310
155912
154617
162310
156757
162310
154617
168216
162310
155912
173009
155912
168216
154617
157278
168216
157278
157278
172055
172055
175415
154617
157182
163915
155361
163151
155361
155912
155361
156124
175045
174666
175045
159212
159212
175045
163151
155361
197991
175045
154617
163151
159212
163151
154228
163151
163151
154228
154617
188867
188867
188867
188867
188867
189842
189842
189842
189842
189842
188867
177947
155361
155361
154737
154737
155361
155361
187187
187187
154737
187187
187187
164482
154737
186315
186315
186315
163151
154228
154737
156298
156124
154228
156124
157572
155096
156298
163151
171984
154737
163151
163151
171984
171984
154737
156124
157182
155361
157477
171984
154228
163151
185325
157477
154737
156124
156124
158432
155912
155912
172770
156298
161388
159199
172770
159199
159199
159199
159199
159199
168528
161388
159199
156298
159199
159199
154617
168528
168528
159199
159199
188246
156298
156313
189189
167933
186257
186257
167933
167933
186257
186257
161923
161923
168216
193898
193898
159199
193898
167619
167619
193898
153490
154737
154737
161923
161923
161923
161923
191954
154788
191954
191954
157278
154228
155598
161388
195229
195229
159622
156124
195229
155912
158063
174666
154617
155912
154737
191354
154737
156837
174666
156372
155361
155598
157655
154925
154228
154737
158888
181469
181469
181469
155361
158903
156031
160280
155664
157638
157638
182769
182769
181218
157638
181218
157638
158773
158773
161618
165999
193011
193011
193011
193011
193011
154617
172416
199062
199062
193011
172416
163419
184059
184059
184059
184059
197353
197353
184059
184059
167292
184059
163419
184059
184059
194342
194342
184059
171259
194342
172416
194342
194342
172416
171153
171153
171153
171153
171153
168629
171153
168629
171153
174805
174805
193967
193967
168629
179062
193967
175237
175237
175237
193967
175237
175237
171153
175237
162876
175237
175237
171153
171153
162876
167292
174805
174805
174805
174805
162876
162876
167292
168629
168629
168629
175667
175667
162876
162876
162876
199812
167292
199812
162876
167292
199812
162876
199812
162876
162876
182867
163419
167292
167292
167292
154019
162876
162876
162876
162876
162876
162876
162876
154228
162876
154228
162876
156022
162876
155578
154737
176575
176575
176575
176575
176575
173618
162876
173618
154228
173618
162876
173618
191354
154228
160089
160089
160089
193585
160089
193585
160089
157638
191686
191686
165999
189001
160089
191686
191686
191686
189001
189001
158063
193231
193231
193231
189001
189001
189001
189001
189001
160089
154228
155851
189813
189813
189813
154617
154019
156124
155361
155851
156124
155361
154737
156124
158257
160089
158257
158257
158257
196150
160089
154019
196150
182484
182484
173336
173336
154019
191925
184495
191925
184495
184495
191925
191925
191925
191925
191925
182484
184495
191925
184495
191925
191925
184495
182484
173336
159523
160089
154617
154019
154228
156298
160089
159523
158063
158580
154617
162124
161657
159523
154019
158580
158580
158580
154617
157638
159741
198226
153592
154019
198226
198226
198226
155578
154617
158063
197177
197177
153592
158967
197177
186577
186577
186577
186577
186577
186577
197177
186696
186696
186696
157655
156124
168033
168033
180224
180224
197177
189544
189544
197177
187841
187841
158580
168033
168033
159355
159762
168033
154382
159762
159355
177137
155376
161692
193736
193736
177137
154617
177137
168033
180934
159355
162124
175658
180934
175658
175658
175658
177137
180934
162831
175658
177137
175658
175658
175658
177137
175658
177137
171414
175658
171414
168033
171414
162831
175658
168033
162831
168033
162897
162831
162897
162897
162831
168216
162897
168216
162831
162831
155361
162831
162831
162831
162831
154737
155361
159355
162831
155872
159355
154737
153592
192704
192704
161972
161972
192704
161972
192704
166262
166262
192704
192704
166262
192704
192704
166262
166262
166262
161972
166262
166262
153672
166262
154178
166262
166262
166262
158773
166262
166262
166262
166262
166262
196260
196260
196260
161972
196260
196260
196260
153744
196260
196260
153592
166262
154382
155862
166262
155361
156124
154019
154228
166262
156456
154019
154737
155361
153592
155374
153592
153421
157278
153519
168569
168569
168569
168569
153744
156031
153739
153962
154382
153592
154338
155361
154737
159431
158773
156570
153744
154338
167664
167664
154228
158063
153592
158773
153690
153489
168216
159674
154648
160960
154648
158063
160280
155858
154648
156710
153606
158773
156124
153739
157638
157638
158773
158884
157278
192085
157278
154228
155361
192085
154146
153740
155081
154788
154228
157638
155862
158432
191381
191381
191381
191381
154382
156710
199384
199384
179781
174961
174277
179781
174277
179781
192849
192849
192849
175695
176825
176825
179781
157997
179781
175695
176825
176825
163975
174277
175695
157997
157997
174277
188577
157997
174961
174961
174961
174277
153489
163975
174277
157997
163975
153489
163975
178655
178655
157484
178655
157484
189060
157997
178655
189060
189060
157484
189060
187937
187937
187937
187937
178655
159831
163975
178655
163879
163879
163975
163975
163879
169220
174458
174458
174458
186228
174458
159831
197550
186228
197550
197550
197550
186228
174458
163975
159831
186228
157997
186228
186228
190163
188968
158773
163975
162254
195359
186228
162262
163879
162254
158773
186228
162262
162262
162254
157705
192159
169150
162254
162254
161773
157484
196153
196153
196153
196153
196153
196153
196153
180166
196153
196153
196153
180166
180166
180166
180166
180166
180166
157997
168964
171758
171758
171758
180166
180166
172190
185827
180166
171758
157997
176470
157705
180166
157705
157705
157997
180166
176470
176470
176470
176470
176470
166045
157484
180166
166045
158565
166045
161773
176470
180166
178655
159831
184772
184772
184772
184772
184772
158565
168216
158773
195050
195050
195050
187506
184848
184848
184848
157484
157484
161773
158565
187506
158565
157484
187506
167292
167292
167292
182508
182508
182508
167292
167292
167292
162136
167292
197214
163580
163580
167292
163580
184318
173972
163580
163580
181111
181111
162136
163580
163580
167292
162136
162136
157705
162136
176470
157705
162136
158565
161754
178655
166045
153489
176470
163065
159441
157705
157484
163065
159831
168216
158565
159831
163065
163065
176470
159445
172429
172429
176470
182054
172429
172429
182054
166759
157484
159441
157705
161754
161754
157484
157484
159441
161754
159441
157484
158773
157484
153492
158565
153606
161388
158565
190552
157484
156526
153602
193890
193890
193890
178809
178809
193890
193890
188930
178809
193890
188930
193890
178809
193890
193890
188930
178809
193890
188930
188930
193890
157484
188930
188930
192366
168133
168133
168133
166516
188930
170169
170169
157484
170169
170169
154437
158700
158700
158700
168424
158700
153672
168133
158565
158565
163065
166309
166309
166309
166309
165803
165803
165803
156526
166309
156526
174603
184791
166309
180166
184791
184791
162946
184791
174603
184791
184791
184791
184791
174603
162946
166045
174603
174603
166045
169059
195842
162946
162946
156526
174603
195842
166045
195842
162946
166045
154338
169986
169986
186149
195842
169986
186149
169986
167735
167735
167735
186149
166045
167735
167735
167735
186149
155966
155966
186149
191820
186149
156526
163065
156167
156839
186149
156167
156167
186149
163065
186149
156839
163065
156839
162136
155966
173544
186149
153492
153519
174470
174470
174470
199660
158989
158989
158989
157906
166045
162136
189450
166045
157906
158989
158989
158989
158989
198142
198142
198142
198142
158989
158989
158773
193201
157315
193201
193201
154453
155966
193201
161754
155966
155966
157315
155966
154479
156839
153974
175534
153602
155966
153489
153592
153740
157315
190660
190660
190660
182947
190660
182947
190660
190660
190660
190660
190660
190660
154479
167572
167572
157315
168249
157278
168249
180166
168249
168249
163266
174430
169378
169378
180734
180734
169378
169378
169378
180734
163266
162218
162218
185827
163266
162218
162218
163266
159888
162218
159888
163266
163266
153492
159888
154011
166045
166045
171989
159888
163266
171989
153492
171989
157705
159888
159888
153740
159888
153602
156839
157315
158565
161388
160028
173954
173954
154338
158920
154437
158920
153744
153740
154378
199839
153784
153861
193165
160984
155966
154146
193165
155598
199839
173954
155692
164210
157705
155862
160984
153672
155783
156047
153592
195377
153489
154338
195377
154790
173954
195377
153740
175851
153921
154358
197199
197199
197199
197199
164210
154644
158565
161733
183388
153592
153744
165631
183388
183388
155966
154479
175851
153518
156839
153519
153492
153701
191981
155966
153518
156839
191981
154464
153925
175851
187464
154644
161388
158917
155966
154464
175851
158773
154464
158920
153489
164210
188439
188439
188439
156526
160210
160210
188439
160210
182413
196845
154507
196845
196845
174436
154256
194050
194050
179572
179572
191707
188779
188779
188779
188779
188779
179572
192259
192259
192259
188779
192259
179572
188779
192259
182413
181005
188779
179572
192259
188779
188779
173414
188779
179572
187335
173414
179572
179572
173414
179572
173414
173414
174436
160210
173414
160210
172974
192259
194830
194830
194108
194108
194830
194830
191658
188798
188798
182079
153740
155863
189555
192259
154338
173414
182079
182079
185226
185226
182079
182079
182079
182027
182027
182027
182027
178944
182027
153592
173414
186169
186169
186169
192259
186169
154358
192259
186169
186169
157629
188117
176999
153490
176999
154464
161044
176999
179657
179657
170051
176999
179657
161044
154464
153592
179657
173414
173414
154644
153701
154464
179657
157629
179657
154464
174068
174068
174068
169417
174068
169417
174068
173414
174068
174068
154222
174068
169417
169417
169417
153933
179657
169561
169417
169561
169417
169561
169561
173414
169561
189100
189100
169417
169561
169561
154271
189100
173414
179657
160048
162378
156186
158522
173414
161044
156186
173414
161044
155251
155251
163208
163208
163208
162378
179657
157629
192116
192116
192116
155251
162378
155251
155270
161044
167605
154464
167605
167605
167605
167605
179657
154507
154464
154464
193296
154464
155251
179657
179657
171183
171183
161044
162378
162378
155966
154464
153579
154795
154464
154464
153740
168028
194552
168028
168028
154457
168028
162352
168028
168028
153489
154394
160220
155251
183995
183995
183995
153690
183995
183995
160220
160220
153861
183995
160220
160220
153739
164210
153933
153739
154394
156031
186284
186284
186284
155096
155361
179657
156456
153545
157315
172441
153489
153579
155692
184976
153735
153579
153744
154420
154271
153565
172441
153784
155966
155251
153878
181035
158565
153489
172441
153565
154457
179657
154125
188994
154795
179657
155096
153672
154795
154358
155361
155270
192372
155966
154256
153744
179657
156226
165260
165260
179657
170290
170290
157905
170290
173954
153690
155081
153602
191835
172441
157705
191835
191835
191835
191575
191575
191575
191575
156226
196804
196804
191575
191575
191575
191575
185216
154146
185216
155062
185216
153436
162378
154125
157486
156226
155858
156226
163419
156456
162378
157278
158920
156226
191049
153690
154146
155062
154457
189312
189312
189312
156710
161688
154146
185666
157315
156226
154737
155096
161421
153740
156601
153962
173147
158773
173147
154228
199688
154457
199688
199688
173147
199688
165189
165189
153421
154228
155270
159275
155062
193033
159813
193033
193033
193033
154358
193033
159275
158565
160374
160374
160374
155374
153545
160374
160374
172681
155081
160374
160374
155404
155404
155404
159495
159495
160374
159495
186941
186941
186941
156343
177113
156343
186941
177113
177113
186941
156343
159495
177113
156343
156343
159495
155404
177113
187261
155861
156343
153592
155552
186051
199637
155404
153519
177113
177113
192513
192513
192513
192513
192513
192513
192513
184224
192513
192513
184224
184224
184224
191337
191337
177113
191337
191337
177113
173651
184224
173651
191337
184224
184224
191337
178338
157256
177369
191337
173651
177117
178338
177369
159865
157256
177369
178338
159865
159865
184224
178338
177369
178338
177117
177117
159865
159865
157256
195154
178338
177117
177369
177369
173651
177369
177369
177369
159865
195154
155404
173651
177117
191158
157256
157256
173651
158716
191158
173651
173651
173651
177117
158716
158716
177117
157256
177117
177117
156443
157256
156443
199637
157278
179918
157256
179918
196494
179918
156443
192517
156443
192517
175876
192932
175876
192517
155404
199207
199207
192517
199207
199207
187435
187435
166996
199207
175876
175876
192517
192517
177611
172913
175876
192517
166996
171684
166996
175876
172913
171684
175876
179918
185990
185990
171684
185990
185990
177611
172913
170069
172913
171684
171684
177611
171684
194588
170069
194588
194588
194588
194588
194588
194588
171684
171684
177611
170069
185268
179705
166996
185990
186580
199207
170069
186580
185268
186580
170069
189171
189171
189171
189171
189171
175876
170069
186580
171684
170069
187908
170069
187908
187908
187908
187908
187908
187908
187908
187908
186580
186580
191158
186580
177117
191410
187908
191410
186580
191410
191410
175876
187908
186580
199207
186580
186580
185693
166996
170069
182581
187908
185990
190589
190589
191158
177611
182581
185693
182581
190589
190589
190589
166996
175876
185693
175876
175876
166188
170069
182581
182581
156443
170069
191158
191158
175876
191158
166996
171684
156443
177611
170319
177611
171684
179918
171684
170319
179918
166996
166188
177611
155404
166996
155404
177117
185693
167767
196620
196620
196620
196620
196620
196620
177611
175700
175700
167767
175700
162870
175700
185693
175700
166996
166996
166188
162870
185693
198326
174068
198326
179918
198326
198326
198326
161876
158187
187911
187911
158187
187911
174068
187911
187911
185693
185693
155404
177611
154787
199637
161876
179918
177611
155081
162034
172697
155096
154787
172697
162870
177117
196400
196400
193270
170817
170817
179918
193270
185818
193270
185818
185818
185818
185818
162034
154445
156443
162870
162870
162034
155598
179918
166188
155081
175876
177611
157278
153925
192862
177611
153518
177117
161876
155692
153545
153545
166996
178874
158187
178874
166996
155692
158187
155861
156670
178874
174068
178712
166188
178712
166188
183965
158187
166996
166996
154790
175876
166996
178874
154788
178874
184261
184261
184261
184261
185832
185832
171684
162637
171684
162637
178874
157342
157342
167767
166188
178874
156456
166188
178874
157342
166996
166996
178874
177117
154153
178874
189928
189928
189928
189928
156031
166996
166996
163527
166996
163527
156880
194207
182696
182696
182696
183966
182696
182696
182696
173779
182696
186847
186847
186847
186847
186847
186847
186847
186847
181780
181780
182696
173779
182696
182696
190272
163527
182696
163912
182696
163912
182696
161561
163912
163912
163912
163912
182696
182696
182696
163912
163527
163912
160193
162870
161561
178874
157737
161561
166188
197939
157737
173779
173779
193027
161561
193027
193027
193027
163663
163912
157737
163663
193027
163663
163663
166188
157737
166188
161876
157737
166188
161561
161561
160193
160193
161876
161876
157737
157737
157737
166188
157737
177117
157006
156880
159495
156880
166188
157737
157737
179733
179733
158565
157342
157006
168559
193799
167065
192188
192188
192188
192188
174092
192188
192188
174092
192188
192188
192188
162565
156880
176456
162565
155037
155037
155037
158716
156443
155096
157737
161876
159495
161876
159495
157342
159495
196639
196639
167998
167998
167998
158187
167998
163912
167998
167998
167998
167998
158187
160173
158187
167998
157737
180789
180789
160173
180789
180789
180789
160173
167998
180789
163818
180789
156908
156908
155037
157737
185843
185843
185843
157737
185843
156443
185843
157737
191437
191437
185843
185843
156908
156443
191437
158187
191437
170182
170182
157342
153912
153912
158187
168954
157737
167957
163818
168954
168954
157737
154228
168954
168954
163818
196873
172660
196873
172660
196873
196873
196735
196735
196873
178655
196873
172660
172660
178655
172660
170918
178655
170918
160759
157737
163818
171504
171504
170918
170918
170918
170918
170918
170918
160759
160759
156443
160759
157342
175415
163818
160289
163047
157342
154883
184148
184148
184148
184148
184216
184216
184216
184216
184216
181925
181925
156393
184216
184216
184216
157342
156393
155404
157176
168954
157342
156908
156908
156443
158187
154788
163047
156443
176686
176686
175415
156443
157342
167957
155619
166188
158187
168954
172416
178206
163047
168736
156908
155619
156443
163818
153878
154788
154788
156375
156375
155302
155302
163818
179788
158989
156443
174505
154795
174505
174505
174505
184468
164164
164164
153912
155619
156375
156526
153912
156022
155619
156443
153602
164164
155619
153912
156226
155404
155598
153477
164164
155404
154153
154173
153912
164164
155862
155598
164164
157737
155136
157278
155302
155136
157342
155136
155136
155136
155136
154153
156226
155136
158187
163818
155136
166759
157278
157285
155136
155009
196724
196724
155136
196724
187201
155136
187201
196724
155009
166856
166856
196724
154445
154011
181603
154011
181603
170848
187201
181603
193619
189708
189708
171670
189708
193619
189708
171670
189708
199825
183149
193619
183149
175454
170848
171670
174974
162378
167534
167534
159917
167534
167534
167534
167534
183246
199825
183246
183246
159917
196087
196087
167534
167534
196087
194284
194284
194284
194284
194284
190398
157985
166856
157985
159917
159917
157330
168736
194938
166856
166856
165386
165386
165386
166856
165386
159956
199196
199196
199196
159956
185827
159917
199196
159956
159956
199196
159956
160710
199196
199196
159956
160710
157985
192138
155302
160710
164836
157985
159956
159956
192138
199196
192138
166929
157985
159956
166929
157737
199196
172416
156719
199196
174634
174634
174634
166929
164836
157985
157985
157985
164836
164836
157330
199399
199399
173962
173962
181946
181946
181946
199196
199196
167024
162473
162473
167024
164836
164836
180730
180730
156796
157342
157330
187875
162473
162473
185170
180730
160280
175604
154011
183054
199196
183054
183054
159956
160710
154445
175604
174372
167349
167349
178263
167349
160587
160587
160587
185067
185067
185067
154445
154153
185067
155361
193408
193408
199196
193408
192666
185067
153492
163218
158187
185067
185067
155302
157905
155136
155136
158624
156443
163218
159956
159741
159956
159956
154153
163218
175415
187584
187584
183326
183326
183326
183326
155302
183326
154153
183326
183326
155109
154153
154153
187584
163218
175463
175463
176875
176875
176875
176875
176875
176875
176875
154153
163218
163218
176875
153421
176875
157330
189907
157330
176875
154011
176875
187584
159956
159956
159956
159956
159956
154011
159956
160569
187584
161688
160569
162004
159917
155302
187584
166326
159956
187584
159956
159956
155109
172652
172652
187584
163728
172652
153912
189907
187584
172652
172652
172652
195705
195705
195705
187182
155766
182237
185771
185771
195705
195705
178146
178146
187584
190247
178146
190247
181587
190247
158160
181587
190247
190247
190247
180015
181587
181587
180015
180015
190247
181587
184170
190247
184170
190247
184170
180851
199163
180015
199163
199163
199163
199163
199163
199163
199163
191116
180851
187584
180851
180015
180015
175054
175054
178146
195705
195705
187584
178146
187584
187584
192032
185757
185757
185757
185757
160525
185757
158160
185757
195850
172199
195850
195850
195850
166709
185757
163728
163728
163728
160525
163728
178146
163728
160525
195850
160525
160525
160525
198104
198104
160525
198104
198104
158241
198104
198483
198483
198483
182168
173886
173886
173886
160525
198104
181669
195743
179306
179306
160525
174283
158160
160525
163728
173886
174283
158160
160525
198104
173886
198104
158241
158241
195219
163728
163595
181633
195219
163595
163728
158160
163728
167964
167964
195219
198104
167964
197642
167964
182071
195219
182071
179607
179607
179607
179607
167964
186580
173886
196833
179607
197498
198483
196833
196833
198104
174863
197498
179306
167964
197498
196833
195257
197498
167964
186580
186580
186580
186580
173886
186580
186580
179607
173886
183977
183977
198104
194089
190838
190838
193658
167676
190838
174863
190838
198104
193658
183977
190838
195257
190838
183977
183977
198104
190838
183977
181951
181951
187894
173886
177365
171833
171833
177365
172199
174795
174795
168635
177365
195850
177365
183187
174795
174795
168635
173886
195850
178409
178409
178409
178409
167676
178409
167964
162579
167676
167964
172199
174863
172199
179306
171833
171833
167964
167676
167676
167676
167964
167676
167964
167964
166611
168635
179306
167676
167964
162579
167676
162579
174863
166775
173516
173516
173516
173516
163595
173516
166611
166775
174117
174117
174117
174117
174117
174117
167676
174117
173516
167676
166775
162579
195850
168780
166611
179306
166611
166611
162579
162579
163728
162579
193827
162579
193827
163185
193827
163595
166611
167152
167152
167152
167152
167152
195257
167152
166611
163595
195257
174117
174117
174117
174117
174117
174117
163595
199995
174117
174117
181669
166611
163595
166611
163728
163728
163728
162579
162579
163595
161412
182398
195257
195257
167152
166351
185123
185123
195257
166351
182398
179306
196454
196454
166351
166351
166351
163595
162579
182398
179306
163595
163595
167152
161755
163595
163595
182398
161412
162866
189907
166351
158353
163595
167676
163595
161571
166351
161412
161412
160525
166351
158483
182398
182398
161412
182398
181669
169418
169418
169418
169418
169418
161412
167676
157912
181669
162327
196733
181669
162327
181669
158483
158241
162327
162327
162327
167152
164739
167964
180503
180503
180503
177403
177403
181669
181669
177403
180503
161571
179364
161412
158353
191421
161571
191421
161571
193903
161675
193903
179364
180373
161675
179364
161675
161675
179364
167152
191421
177403
161349
183613
183613
183613
183613
183613
183613
161675
161675
161675
191421
158353
161675
161349
161349
158160
161349
161349
161349
161349
161675
158160
161349
180503
162050
160525
180503
160048
162050
158160
160048
176514
167624
162050
160048
161571
167152
191421
158483
158160
157912
160525
178146
192484
161412
160048
192484
176514
192484
178146
161412
158160
178146
178146
160048
192484
167106
160048
161571
161412
178146
158353
176514
167570
167570
158353
178146
178146
160048
159886
174117
167106
192484
167106
167964
178146
157912
157912
192484
167846
167846
157912
157912
161412
192095
192095
192095
167846
157665
157665
157912
192751
192751
168415
174117
174117
192751
192751
192751
192751
192751
192751
161571
192751
159886
176875
161571
172154
172154
167846
174117
158353
172154
158353
192484
195581
180503
192484
158353
168415
191681
191681
191681
195725
191681
191681
167846
191681
191681
191421
174117
191681
162540
157665
157771
163728
157912
159917
167846
162540
157912
173886
158353
157912
157499
173886
161412
180503
157771
191685
191685
172920
157771
157134
157499
157771
199111
199111
157771
199111
156288
177480
180503
161532
180503
161532
161532
193900
193900
156288
161532
180503
161532
157665
161532
157665
170294
170294
170294
170294
182539
182539
182539
182539
182539
182539
170294
170294
170294
195803
195803
165520
165520
165520
177480
156288
169170
169170
159853
159853
159853
157499
159853
159853
156288
182399
182539
182399
182399
182399
182399
182399
165520
182399
182399
159853
159886
166727
159886
166727
182399
172471
159853
172471
166727
177089
166727
185069
168096
177089
177089
177089
185069
177089
159853
177089
171274
171274
186134
185069
182539
165478
166627
158435
166627
159886
158435
163818
159853
158435
158435
186134
158435
157134
190832
190832
190832
190832
190832
159853
159886
158435
159853
186134
186134
158435
161412
159853
159853
185442
185442
157195
177281
197122
164998
156368
156368
197122
173088
155047
182399
162599
182399
186134
187459
187459
156384
187459
156384
156384
162004
164998
185827
196251
196251
183867
183867
183867
182399
183867
186134
157280
197026
197026
194966
194966
171734
156288
171734
171734
182399
171734
186134
166188
167888
186134
158404
171734
161412
166045
186134
160504
159886
160504
177624
177624
158404
158404
156323
158404
159886
174117
158404
158404
193159
193159
193159
156323
158404
156288
193159
156323
164998
158404
156323
182399
159886
167660
167660
191764
191764
167660
167660
167660
167660
167660
167660
158404
177479
158435
158404
161747
161747
168096
161747
156323
196787
170625
196787
170625
196787
170625
184979
170625
170625
170625
156323
170625
158435
155766
157499
158435
189096
170625
170625
158435
155766
159853
157280
155766
161412
155185
155553
159886
155185
155047
155185
157280
177480
159147
159886
155185
156323
160525
160504
160525
158404
164164
194828
155047
156976
158067
162004
168096
160504
159147
156976
159147
160525
155047
164164
158067
159147
158067
162540
159853
159147
189697
167749
189697
167749
167749
157499
157499
167749
167749
167749
185252
155185
157499
155047
155185
193822
184558
193822
171459
193822
193822
177480
162004
161412
191031
168096
159853
160504
157280
199727
199727
199727
156976
199727
157280
157195
199727
157195
157280
157147
156096
157147
194128
155047
161412
160503
160503
194128
194128
194128
161412
159871
194128
192031
155047
157147
157147
156096
194128
157134
156096
192031
157147
179188
157134
179188
192031
179188
160503
157147
160503
160504
184762
184762
184762
157147
172376
180503
177483
180340
177483
180340
172376
196088
196088
185173
160960
185173
185173
185173
185173
185173
185173
185173
185173
172416
185173
185173
181684
181684
182591
181684
156096
182591
181684
155047
181684
181684
165720
165720
165720
165720
181684
181684
165720
177483
162423
157737
190465
199640
190465
177483
199640
199640
190465
187266
190465
162423
199640
190465
199640
169507
177483
186213
199640
160763
182159
177483
169507
199640
199640
168669
168669
160763
168669
196345
166151
160763
162423
171425
171425
171425
171425
171425
196813
196813
160763
196813
180854
180854
181684
196813
181249
162423
181684
156384
190314
197272
197272
190314
197272
160763
197272
197272
156096
197272
154907
197272
197272
197272
197272
197272
197272
166151
154907
185124
185124
159147
154970
166624
180854
162004
160763
156096
181684
181684
166624
162423
180854
166624
160276
181684
180854
169507
160276
160763
160276
180854
180854
180854
166151
181249
159147
160503
181249
160892
162423
162423
177483
160892
160892
162423
169507
169507
171425
166151
171425
177483
166151
195753
169507
160892
169507
181249
195753
156407
183504
160892
160892
166188
183504
162423
160892
190929
183504
183504
190929
183504
190929
190929
183504
183504
192520
177483
192520
183504
183504
165115
179890
179890
183504
179890
179890
162381
179890
169507
179890
168669
162381
156407
161094
179890
160892
160892
179890
161094
162423
179890
179890
180854
169507
160892
160892
160763
168669
160763
173495
177483
160892
187053
187053
187053
169507
187053
160892
187053
187053
173495
168669
159147
160892
168669
166151
166151
160892
160892
166151
166151
180854
156407
160763
166151
196084
177004
196084
177004
196084
177004
196084
196084
196084
177004
156443
156407
166188
177483
180503
169507
173367
173367
160763
166151
173367
194444
173367
169507
156407
161094
162423
169507
194444
154970
194444
162423
194444
156407
162423
184501
174047
194444
166151
199292
199292
199292
199292
186826
154970
194444
168096
194444
194444
156526
161094
174047
161094
157147
155047
160763
157147
155047
157974
177480
155185
174047
158404
160504
155047
159853
154970
155047
155185
155185
156407
157499
156407
174047
154907
155185
174047
154907
160525
177480
154907
158624
160525
158404
156407
193301
156407
156407
174047
156407
185827
170315
154907
159372
189218
189218
189218
187162
187162
187162
156407
170079
174494
174494
174494
154907
174494
155766
156407
154300
159853
166334
154902
156384
168871
155047
157147
154902
158648
157879
158648
182211
158648
182211
157879
154902
154902
161208
154902
155766
159956
161208
180161
156501
158648
160504
156501
156501
174469
174469
168838
174469
174469
157905
156501
154256
160504
156323
155047
165730
165730
155251
165730
155136
173941
156384
173941
173941
165730
155047
155047
158067
159853
155047
154907
155047
165730
169374
171796
169374
171796
171796
171796
171796
171796
171796
171796
171796
155185
154753
156526
154616
154907
154616
155766
154616
154907
161208
165730
156323
156976
154907
160525
156719
155356
181662
181662
181662
158624
181662
181662
165574
168739
168739
164396
158726
164396
181930
181930
155356
181930
181930
158920
181930
181930
184979
164164
158648
155356
169507
166188
157587
157587
159956
159956
157587
157587
157974
175909
175909
165999
175909
175909
158624
175909
175909
175035
175035
175035
175035
175035
168469
170307
185129
185129
158435
185129
170307
170307
168469
155356
168469
193322
193322
193322
193322
165830
168469
193322
193322
193322
193322
165830
165830
168469
169507
193322
168469
159956
165830
165830
155136
155356
161412
198990
198990
198990
198990
198990
198990
198990
154564
158404
160525
154616
154616
196434
196434
162288
196434
155578
158067
198990
193881
193881
158624
193881
155766
158404
169507
193881
155587
193881
193881
155587
154564
193881
193881
154564
158067
183820
183820
193881
192713
192713
186455
181823
167152
159956
157195
181823
181823
158648
159956
181823
157195
159476
195462
195462
195462
195462
161208
157974
155185
169507
156443
159956
154255
157195
154266
160072
153912
167152
160072
157195
160525
160072
169507
160072
154255
157195
157974
186646
159853
154073
158463
155179
157974
158624
169507
159853
157280
169507
155587
155356
158463
169389
169389
169628
167959
169389
169389
169389
157974
192865
173105
155179
156006
166151
163093
167152
163093
155179
184979
172050
163093
172050
194457
172050
194457
163093
194457
194457
171863
156839
171863
156839
164164
163093
156839
163093
172050
163093
163093
157195
195197
195197
197164
156839
163093
155587
169361
176079
185444
185444
155514
192507
197858
197858
197858
197858
155179
197858
192507
159853
169361
155179
167425
163093
156839
165730
156839
157974
157587
157280
165730
160282
175991
160282
175991
162588
175991
197890
197890
197890
175991
197890
175991
190050
155179
190050
175991
190050
156006
190050
190050
190050
190050
190050
175991
190050
190050
182036
182761
182036
158798
158798
155587
178029
158798
157195
168082
168082
158798
156976
157280
182036
182036
155179
158798
155179
182036
161412
159523
158798
187544
154482
154482
158798
187544
187481
158798
189665
189665
189665
158798
154482
158726
167330
167330
167330
167330
167330
167330
161412
155251
181924
167330
183243
189923
188673
188673
188673
177564
167330
167330
162990
162990
154482
159901
162540
166262
165730
154255
159901
153747
154256
155966
155179
155966
159727
155966
159372
154255
154255
154616
158648
154255
162004
156006
164164
157195
162337
156006
171058
159853
158435
171058
162337
171058
171058
171058
171058
159168
198632
176945
171058
171058
176945
171058
162337
171058
184854
184854
184854
155185
190255
190255
154482
169019
195565
154616
195565
195565
154616
154482
155766
176945
157771
157974
154255
154616
176945
155766
159431
156124
154073
157817
164164
166188
158463
154502
154564
156006
155136
153747
155185
182952
155109
155251
179178
179178
156443
179178
179178
154564
165730
175024
175024
187236
187236
155136
175024
175024
155912
176310
154255
155136
176945
196880
196880
196880
155136
178234
178234
178234
158624
178234
178234
178234
153912
178234
178234
178234
154564
155136
155109
158920
155578
155109
176310
166108
176945
166108
156298
154564
155047
176945
176945
182153
182153
176310
181404
155109
176945
181404
181404
155109
181404
181404
155109
181404
181404
181404
154277
176945
155587
154482
166933
154482
163119
163119
154482
162391
155109
176945
155109
170390
179565
179565
164998
160525
179565
161208
179565
179565
157771
155047
176945
162004
179565
179565
176960
176960
179565
179565
176960
155600
156323
153747
193094
156323
166936
166936
176960
166936
166936
193094
155600
165030
165030
185078
185078
185078
176960
191203
191203
191203
165030
191203
191203
178951
172696
172696
178951
178951
158726
178951
178951
172696
172696
178951
172696
176945
171241
178951
172696
172696
165030
178951
165030
185800
178951
171241
165026
165026
165030
171241
171241
158726
197960
197960
156006
165026
165026
165026
165026
165026
172451
157771
165026
172451
189472
165026
155600
172451
172451
154277
155587
165026
165026
166151
162813
165026
165026
155047
167152
157951
157951
164377
164377
155600
158463
154277
158561
191155
191155
164377
158561
198650
198650
198650
196414
157951
196414
196414
170118
170118
160254
160254
160254
160254
160254
160254
194597
189675
189675
175415
187276
158561
158561
160254
187276
160254
175011
187276
175011
160254
187276
160254
175011
178783
175011
178783
160254
159147
154821
160254
158561
156006
158561
185345
185345
185345
185345
185345
171509
171509
158561
171509
158561
171509
157951
165730
155185
165069
165069
165069
157932
176945
157884
153747
165069
155600
154654
155097
155097
154616
155587
164998
173605
173605
173605
162004
165101
165101
165101
164998
165101
155097
157771
158435
165101
165101
165101
165101
154654
154821
157771
158463
157587
155047
157771
155047
165791
154283
155047
157771
153747
154358
165791
165791
153747
155047
154876
156124
164377
162004
155109
158187
155047
154255
154654
156124
155047
171403
171403
171937
171937
160804
171937
189594
160804
171937
171937
171937
154802
170550
154802
153747
157771
154802
158187
193306
167642
153731
158187
170550
158958
167642
158958
154907
156124
184643
170550
157330
184643
184643
162602
155047
177343
156837
154802
153747
157587
157280
157342
153747
158726
157330
155302
153804
154821
184643
156124
184643
170550
158435
156226
195262
195262
195262
193116
195262
155206
153731
155206
153747
155206
159372
155206
153731
170550
153747
165144
158463
193875
165144
154654
193875
153747
155206
194128
156006
175363
175363
175363
175363
175363
175363
155206
175363
175363
175363
154654
154255
193875
154802
154654
154802
177313
154011
195661
195661
177313
177313
177313
154502
177313
174606
174606
174606
174606
162052
171809
171809
166861
175363
172734
186889
189603
189603
186889
189603
189603
189603
189603
186889
189603
186889
196479
189603
195661
186889
189603
196479
189603
186889
158435
172734
186889
196479
186889
172734
162847
172734
154907
172734
186889
154907
157280
175918
158435
158435
172734
162052
186889
157280
193875
186889
162847
186889
186889
175363
162847
162847
162847
175363
177801
177801
177801
169802
169802
158009
186889
195661
187929
161927
187929
169802
169802
195661
163704
169802
176771
186889
168939
169802
184643
169802
169802
177863
177863
162847
168939
169802
177863
177825
197433
197433
158733
197433
177863
197433
158733
193875
169802
169802
175796
175796
177863
197433
197433
175796
197433
188066
177863
197433
177863
175796
177863
194014
194014
169802
194907
194014
194014
194014
194014
188066
169802
177863
188066
175796
175796
175796
198336
169802
198336
179683
198336
179683
198336
179683
179683
179683
188066
183482
180895
183482
180895
183482
183482
180895
180895
183507
180895
179683
156100
158733
177863
176191
176191
177863
177863
183482
183482
177863
168939
175796
193875
180287
180287
180287
180287
178887
180287
180287
180287
178887
158726
178887
175796
178887
175796
168939
175796
170488
175796
168612
180895
175796
173198
175796
173198
173198
168939
173198
173198
173198
169802
168612
180895
169802
168939
169802
163704
169802
169802
156100
169802
169802
157440
169802
155657
180067
180067
168840
168840
161927
175442
175442
168957
196800
196800
193880
193880
193880
193880
193880
180067
175442
175442
180067
175442
168957
168939
186514
186514
186514
168939
168840
168939
191528
191528
191528
157440
161927
157440
157440
156100
187385
156100
186514
183666
173474
183666
173474
183666
173474
183666
173474
156100
156100
156100
173474
180067
168957
153731
176725
180067
155657
176725
161927
155657
183666
176725
155657
166900
183666
191449
173474
156875
166900
176725
156875
176725
161927
155657
176725
166900
166900
166900
175363
156875
157440
169802
181535
181535
175363
181535
181535
181535
181535
181535
181535
159534
181535
170934
161927
166900
170934
198164
196648
196648
196648
181001
198164
198164
196648
181001
181001
181001
187612
187612
177696
175363
177696
159534
181001
194311
194311
177696
177696
174391
174391
194311
159534
169802
177696
195256
195256
195256
195256
195256
195256
195256
196462
155637
193763
199143
199143
199143
199143
176479
199143
162293
199143
195256
193763
171615
171615
197792
197792
197792
197792
197792
197792
176479
197792
176479
197792
177803
171615
171615
173485
173485
173485
168883
171615
167262
167262
171615
171615
171615
168988
178996
171615
168425
168988
168988
168883
171615
162293
169802
171615
167262
168883
171615
162293
168883
167262
167262
167262
160972
167262
167262
167262
167262
167262
168425
160972
168425
167262
167262
167262
167262
159534
159534
155727
168425
168425
157440
157440
156906
156100
156100
167262
156875
155637
156100
155637
154616
154011
153747
171615
157499
168425
158469
168425
155637
156906
155637
168425
155637
155637
156906
158156
153731
153912
155637
162943
171615
178963
178963
162943
168425
162943
169802
153731
171615
153625
153731
153747
153744
165774
153625
165774
154255
154482
165774
165774
153731
165774
155637
191290
191290
153625
153912
156526
154654
155637
195727
195727
195727
155637
165774
154277
154016
156562
157884
155637
178996
156703
155637
160749
155637
165774
156703
180627
187511
168425
180627
180627
180627
156226
167262
154482
170390
157905
155637
154016
154482
154802
155637
154153
154073
154016
166765
171615
154482
155637
165774
190121
190121
181245
179136
179136
156906
179136
154073
179136
179136
158463
158156
179634
179634
154016
155047
155047
155047
158989
167262
153739
153625
170475
165774
170475
170475
170475
170475
170475
167262
155587
160028
154564
156703
156703
156100
154073
156562
159969
156633
167262
153731
154073
156273
155136
156100
156226
154153
153731
156273
174778
156273
153625
159727
159168
156006
165411
165411
155136
154153
194925
194925
178107
194925
178107
197394
178107
178107
177029
197394
178107
197394
174172
178107
174172
174172
174172
174172
178107
194925
177029
177029
177029
174172
194925
174172
171502
194925
197996
197996
197996
178107
171266
174122
174122
171502
194925
174122
194925
171502
194925
194925
189591
194925
189591
176813
171266
194925
171502
189591
171266
198488
155136
182431
182431
198488
198488
198488
164434
162495
171266
182431
171266
171266
171266
170277
170277
171266
171266
178107
170277
171266
170277
171266
165550
165411
162495
164434
162495
170277
165411
162495
162495
167391
170277
167391
167391
179750
157817
160345
190278
177918
177918
177918
177918
177918
190278
177918
177918
161565
161565
197967
161565
161565
161565
190278
159823
160345
194220
154283
160345
194220
155637
176832
160345
155302
160345
161565
160345
161565
194220
162943
183502
171081
171081
185944
185944
185944
159823
185944
176832
185944
180842
180842
180842
179903
171081
197476
186182
186182
186182
186182
169778
186182
194220
169778
173301
173301
194220
189525
189525
189525
189525
189525
186182
173301
173301
186182
189525
173301
169778
173301
173301
164861
186182
171081
164861
189525
164861
186182
161907
164861
171081
171081
186182
169778
171081
163143
174287
174287
169778
174287
176832
174287
164394
174287
176832
174287
169778
195462
195462
161907
161907
163143
176832
161907
163143
176832
161907
195462
164394
161907
161907
161907
195462
161907
161907
195065
195065
195462
195462
195462
163355
195065
195065
161907
195065
195065
195065
161907
161907
195065
173301
164394
161851
161907
161851
161851
161851
161907
161851
176832
161907
154502
163143
173301
154294
159823
192228
159823
192228
179130
156686
179130
156686
154256
179130
171165
171165
171165
171165
171165
168950
168950
164907
168950
164907
180052
180052
180052
180052
180052
180052
180052
180052
180052
180052
180052
168950
164695
180052
164695
161851
199068
199068
159823
161851
159823
159823
159823
154125
168174
159704
159704
159823
159704
155302
159704
199068
199068
159704
196851
159704
181375
196851
181375
181375
177188
177188
159704
162131
177188
199068
159704
159704
159704
159823
177188
156686
154294
177188
156686
156686
156686
159704
154266
177188
159704
177188
154907
156686
156686
155587
156686
156686
156686
193875
171502
154578
171615
155587
164907
179485
179485
190291
190291
154578
156619
190291
155587
155128
185139
166045
190291
170391
170391
170391
180934
185139
182495
179775
185139
185139
179775
170391
185139
170391
170391
170391
180934
180934
181928
186506
181928
186506
186506
181928
179775
181928
185139
181928
181928
181928
181928
196664
196664
185139
196664
196664
196728
180368
180368
196728
175705
180368
180368
181775
196664
170391
180368
170391
196664
180368
180368
196664
169777
189875
180368
180368
179485
179485
181928
181928
179775
179485
179485
179485
169777
169777
175705
179485
169777
170391
175608
169777
169777
175608
171508
165858
175608
169777
175608
198903
169777
164529
197801
198903
198903
197801
197801
198903
165774
197801
177310
169172
177310
161750
176097
186551
169172
170739
170739
164529
161750
170739
177310
177310
176616
164529
164907
164529
176616
158880
164435
164529
163971
159716
176616
159716
164529
198710
198710
198710
198710
164529
198710
159716
198710
159007
163355
181274
159007
164529
181274
159007
181274
155356
159007
164529
191655
154277
191655
191655
191655
191655
191655
191655
159007
159716
158880
159716
159007
159007
161907
191655
191655
175746
158880
191655
191655
164529
190320
190320
190320
191264
181645
156619
188085
188085
198999
198999
181645
181645
188085
185493
188085
188085
188085
190320
188085
170390
190320
188085
181645
188085
185493
181645
188085
185493
188085
181645
171747
181645
171747
181645
181645
188085
181645
188085
188085
181645
188085
171747
188085
194834
194834
194834
173352
171747
194834
171747
171747
173352
194834
194834
170547
170547
170547
170547
170547
164529
158880
170547
164529
158880
184607
184607
184607
188515
188515
188515
156619
154497
184607
164907
184607
156619
168421
168421
184607
184083
194367
194367
164545
194367
185403
185403
168421
185403
185403
168421
170407
170407
163077
199268
170407
185403
188561
188561
188561
199268
188561
185403
174392
175921
155302
163077
184083
156619
156443
199268
156619
168421
168421
155637
168421
166045
167909
190583
190583
190583
190583
195676
184083
154578
190583
195676
190583
156066
184083
167909
156066
155097
167909
167909
156066
158248
182224
190583
167909
174325
174325
174325
174325
174325
190583
154497
189488
167909
155849
164529
154294
174325
171615
156066
159234
159234
159234
197499
197499
197499
183325
183325
183325
197499
183325
197499
169936
183325
183325
169936
169936
175792
175792
169936
161702
175792
161702
159234
159234
159234
159234
169936
156066
190012
190012
184885
184885
194003
194003
194003
154497
168535
194003
168535
194003
159234
194003
194003
168535
166991
168535
166991
169936
156066
168535
168535
168535
169936
160591
195606
195606
167909
195606
195606
195606
195606
193497
190320
193497
193497
190320
193497
193497
193497
190320
193497
193497
166991
155849
189236
160591
160591
160591
160591
156006
155849
156006
168535
154922
155270
191284
191284
191284
191284
159234
155587
156006
193497
154277
193497
158905
156006
158248
168471
155270
193497
158905
168471
158905
154922
198229
158905
158905
158905
198229
198229
173409
154497
198229
156562
156006
154121
195483
195483
198229
157350
195483
157350
157350
177377
177377
177377
198229
177377
195483
177377
169512
173409
157350
157350
155270
155270
155270
156006
155270
163212
198229
169512
156006
189909
189909
189909
189909
189909
189909
169512
169512
173880
166074
173880
173880
169512
193497
156006
169512
193497
173880
182610
182610
153886
166074
173880
181672
181672
181672
181672
181672
164045
166074
164045
173880
164045
189909
153886
161153
173880
161153
161153
175164
186461
175164
186461
186461
168471
169512
186461
175164
164045
175164
158905
173880
173584
181672
181672
161153
173584
181672
173024
169512
161153
173024
181672
173024
159768
181672
181672
181672
173024
173024
173024
169512
156895
173024
161153
173024
173024
173024
169512
173024
189909
186978
163212
173880
156895
162052
163212
163212
161153
159889
155800
159768
159768
189909
161153
159768
162943
161153
172464
161153
172464
159768
172464
189831
189831
156895
187284
155185
189831
155270
155800
155270
155800
155800
155800
168689
168689
187284
155800
187284
155800
187284
154591
154591
172464
155270
153886
172464
154591
168142
168142
168142
172464
183863
191014
174478
168142
168142
157278
172464
172464
154591
193419
193419
193419
193419
179416
179416
179416
155128
179416
159704
179416
155047
159956
179416
154802
154255
154907
179416
155587
179416
155047
154821
179416
157278
154907
179416
179416
154591
162141
154016
172464
162141
172464
169493
154422
155047
154591
162141
157278
188773
188773
188773
154016
172464
188773
188773
165774
188773
154821
188773
188773
153792
188773
154907
154654
188773
169493
172464
169493
169493
154073
169383
154654
169493
169493
185135
164695
170733
169493
170733
169383
158435
158435
162141
169493
162141
162141
153739
169493
158905
156895
154654
158905
155251
155097
172180
154654
164215
169383
189909
164215
172464
164215
164215
164215
164215
164215
153792
156006
164695
158248
154277
159889
154876
154256
182241
182241
182241
182241
182241
182241
158389
154564
157820
156006
154016
153739
156895
165730
155251
159917
154907
156006
153886
199453
199453
166495
153672
153672
166495
199453
165088
165088
153690
165088
191807
172464
191807
191807
159889
159889
191807
153744
191807
191807
191807
165088
191807
191807
191807
189909
165088
165088
153587
165088
165088
165088
178176
178176
178176
159889
178176
178176
178176
154016
178176
178176
154907
155695
158097
155695
165088
153792
165088
196101
156313
157776
165088
157776
155136
154266
169326
169326
169326
169326
169326
157776
157776
157776
153792
157776
184429
157776
184429
165088
154907
153672
153792
166904
154073
153886
154821
189909
153587
155047
155097
157278
154876
165088
153886
158463
167757
160960
160960
160960
154564
160960
160960
160960
155097
165730
184429
156006
154121
165730
154016
156006
154121
165088
191082
191082
191082
188192
191082
188192
191082
197244
197244
191082
197244
155671
182949
155671
188192
191082
173130
188192
173130
188192
155671
157315
155671
159372
159168
154110
188192
174039
188192
184391
188192
156298
157159
174039
188192
188192
154255
156526
188192
154907
188192
157638
154073
156703
154907
153739
154073
156313
160852
154802
189909
155047
157195
156006
156562
154802
156562
155637
154422
155356
154422
154073
158329
169493
153587
154654
154277
169493
154422
153587
197910
197910
197910
197910
197910
155185
153886
197910
154802
157820
155361
185595
156703
155361
154802
165088
154422
155251
155251
157342
197910
153693
154802
156562
153693
154110
154564
153886
153693
154654
188396
160741
173932
173932
173932
154802
154802
154422
154564
154125
154906
155302
162698
162698
155637
162698
192918
192918
192918
192918
176489
162698
176489
176489
176489
176489
176489
176489
158432
176489
176489
176489
176489
156562
154422
154073
154906
155637
197910
197910
185046
185046
155495
154422
167444
157278
165088
167909
154802
156443
156562
154277
154437
155251
197910
190753
190753
154906
155097
154802
159372
154422
154011
153587
189499
195364
195364
195364
195364
195364
197910
195364
195364
195364
195364
154802
195364
154422
158248
155912
154277
154016
157887
154110
154564
157820
156313
154016
154277
153693
158435
165088
154737
159853
188192
197910
169493
186735
157278
161153
186735
196422
186735
156544
156544
157195
159956
161757
186735
156544
195501
195501
192840
195501
192840
165088
192840
192840
189909
190496
167187
174893
174893
174893
174893
160719
176784
176784
176784
186735
176784
176784
176784
196557
196557
196557
177233
176784
176784
161757
167776
156424
160719
177233
160896
176396
156424
156424
165451
176396
156424
190721
177233
156544
176396
160896
176396
156424
167909
177233
165088
156544
185326
177233
176396
156424
176396
185722
176396
176396
189322
189322
156544
189322
189322
156992
189322
176396
156544
176396
176396
189322
162674
159843
162183
162674
156992
162183
162183
187156
160719
187156
188192
156544
160719
156992
167909
156544
176396
156544
187156
160719
185326
169771
169771
154016
153587
169771
169771
186413
186413
160719
163293
186413
186735
186413
163293
169771
160719
169771
163293
160151
163293
160151
163293
160719
186735
154110
185326
165088
153792
155810
155810
185340
167909
153587
164685
165716
165716
164685
164685
165716
164685
164685
157278
164685
154400
154016
155097
155810
154802
153744
179693
191721
155810
165088
154502
183838
171119
182184
182184
171119
189524
189524
189524
182184
174893
155810
164685
154110
155810
171119
171119
171119
154448
156992
155810
155810
160151
154400
185326
194735
194735
193634
194735
194735
193634
193634
193634
193634
193634
153587
164685
164597
164542
164597
157195
179396
188192
155587
179396
193634
179396
167664
167664
179396
179396
177834
179396
167664
188192
177834
179396
179396
164695
179396
157550
164597
164685
164542
179396
154016
179396
160632
160632
157550
157550
153740
154125
153740
154073
179396
155637
179396
154016
164542
164542
154016
156544
156544
193875
160151
157195
181273
181273
181273
153740
179396
164542
181273
181273
178564
178564
181273
181273
161568
178564
178564
161568
153792
154938
185058
185058
175856
185058
175856
156047
154011
184162
185058
185058
184162
177416
153489
153792
177416
154016
184162
153672
164239
185058
177416
185058
164239
177416
164239
177416
154417
164239
164239
177416
177416
179396
153974
177416
153492
192245
154255
164239
191259
154422
168199
195631
195631
195631
176396
195631
191259
168199
168199
168199
166699
191259
195631
168199
191259
191259
179952
177416
179952
191259
195631
179952
195631
179952
195631
195631
177416
181265
168199
168199
171032
195631
178424
171032
178424
167487
177416
171032
171032
168199
191515
171032
171032
192809
192809
192809
192809
192809
169534
192809
192809
178424
192809
192809
178424
191515
191515
193109
193109
193109
193109
167487
193109
191515
193109
193109
193109
177416
172586
167487
168199
177416
193109
172586
167143
168199
177416
167487
167487
175180
193109
193109
175180
191515
193109
177416
177416
176783
167143
167143
176783
176783
190762
190762
190762
166699
167487
177416
167487
175180
167487
191515
177416
175180
164239
167143
167143
168199
167143
164542
167143
177416
167143
175786
167143
159803
167143
170666
167143
193109
167143
193109
175786
186623
186623
186623
186623
154277
186623
186623
186623
186623
164239
193109
186623
170666
170666
166195
166195
175786
193109
167143
170666
175786
154277
167143
166195
172586
168199
164239
166195
167143
170666
170666
164239
166552
162639
164239
167487
164542
164542
196124
196124
196124
164239
196124
162639
164239
162639
167487
162639
193216
193216
193216
193216
193216
179775
167487
190336
175645
166195
162639
166195
190336
188953
188953
188953
188953
175645
179775
164239
167487
167487
167909
164239
167487
164239
168241
162639
162639
166195
168241
162639
162147
179775
180550
179775
175731
175731
197038
197038
197038
197038
181382
197160
197160
181382
175731
175731
181382
197160
180630
180630
197160
191515
180630
180630
181382
181382
181382
175731
181382
181382
180630
180630
180630
181382
189424
175731
189424
175731
180630
180630
175731
175731
161790
168241
161790
164239
164239
180630
161790
161790
161790
164376
161521
161521
167487
180630
161790
176396
166195
166195
164376
161790
176396
192888
180630
161521
161521
192888
192888
191515
164376
160073
161605
195583
195583
185909
160073
161790
164761
185909
195423
164376
191044
195423
192888
195423
195423
195423
191044
192888
191044
191044
192236
185909
185909
164761
161790
163462
164761
163462
163462
176396
163462
164761
164376
161605
163462
163462
185909
160453
163462
163462
185909
182037
185909
161790
159803
160453
159803
161605
160453
189900
161605
189900
161605
161605
160073
160453
159803
180630
159803
160453
160404
160404
187167
160404
160404
160404
187167
164542
160404
160453
157911
160404
159803
155403
160453
160073
160073
187167
160453
157911
193875
165088
164239
157911
164685
164685
164376
160151
160073
185008
185008
185008
185008
160151
158515
187167
174517
174517
158515
174517
174517
187167
166151
157999
174517
158515
188914
188914
188914
158515
157999
158515
157999
157911
157154
156810
157154
157999
158515
175242
157911
187167
187167
156006
156810
157154
191515
157154
156810
160453
155131
175242
161790
197859
156810
156810
197859
197859
155403
197859
156810
164239
189826
179929
189826
197859
189826
189826
197859
173685
173685
173685
173685
173685
180938
180938
173685
180938
173685
180938
173685
173685
166215
162823
180938
166215
162823
162823
162823
173685
173685
173685
191097
156810
156282
156810
173685
155131
155403
155403
162823
173685
165607
155185
165607
160453
155403
196165
196165
191097
191097
196165
156006
196165
196661
155131
196661
196661
196661
196165
196165
196165
198606
155587
164402
156006
155131
164402
164402
190692
190692
190692
190692
155131
155403
190692
179134
179134
190692
177729
190692
177729
177729
194245
194245
194245
191097
159008
191097
194245
194245
177729
177729
194245
173453
197455
159008
165113
194245
178135
194245
191748
178135
178135
190692
178135
190692
190692
178135
197894
197894
197894
197894
187285
197894
198689
198689
198689
187285
179796
179796
177666
172638
186561
170316
186561
186561
183102
170316
186561
179796
179134
177729
186561
177666
179134
185225
185225
185225
185225
177666
173453
177729
179134
171533
193875
177729
171533
171533
177729
170316
170316
177666
170316
170316
177666
170316
177666
170316
173453
170316
177666
170316
175432
164805
173453
185746
185746
173453
170316
170316
175432
172064
172064
170316
166466
170316
170316
170316
166466
166466
173181
173181
166466
170316
175242
175432
175432
162654
170316
166466
173453
164424
173453
173453
164320
164320
189140
162932
189140
175242
189140
189140
164320
173453
169679
176917
169679
172097
172097
178426
178426
173685
187887
193742
187887
193742
193742
187887
187887
172064
178492
169679
169679
169679
178492
169679
170316
172064
178492
169679
164320
155403
169679
164320
168495
198838
173685
164320
178492
169679
164320
178492
164402
164402
184386
184386
184386
170316
164320
172064
169679
164320
172064
184386
164402
178492
169679
164402
178492
164320
173685
178492
178492
169761
178492
170316
172064
169679
169679
178492
172064
184386
169679
169761
169679
167674
167674
168495
167674
167260
167674
167674
172162
169679
167260
172064
173685
167674
167674
174893
184386
172064
184161
184161
164402
184386
184161
164402
185571
185571
185571
197007
184161
170316
184161
185571
180630
184161
197007
185571
184161
197007
167260
185571
172064
184161
172097
198893
169761
199735
198893
198893
199735
199735
198893
184161
167674
198893
184161
179826
167260
179826
164402
162932
164402
184524
176961
194111
194111
166466
194111
194111
176961
194111
194111
180630
189774
189774
189774
176961
189774
189774
189774
189774
164320
184524
166397
184524
190414
162932
171049
184524
173685
162932
184524
171049
180630
176961
171044
158919
171044
167674
191363
191363
171044
182679
182679
184292
185080
182679
171267
182679
185080
171267
196778
171267
177529
177529
184386
171267
176961
165466
171267
165466
171267
171267
171267
171267
166466
199876
164320
168495
199876
169761
199876
199876
165417
168150
184386
168150
164320
179826
169679
165417
181299
164402
181299
187758
182719
168404
181299
182719
174893
168404
187229
187229
169761
168404
184386
168404
179826
168404
165417
179826
168404
170316
175242
164874
168404
169761
179826
170316
169074
169761
168404
171961
168404
164874
168404
187634
187634
159670
187634
187634
187634
187634
191984
191984
187634
164874
168404
164874
164874
159670
168150
162654
179826
164874
158919
168404
168150
166290
175242
159670
166290
175242
162185
166290
170247
166397
168150
168150
168404
159940
168404
168404
162932
162932
164402
168150
162654
177935
177935
177935
177935
176495
177935
162932
169601
167674
170247
159670
168404
169601
170316
162654
162654
169601
167674
168404
179826
159940
164402
163573
164402
163573
163573
170316
163573
179826
170316
167674
169601
169372
168404
170666
198544
198544
167425
193740
179826
170247
163573
167425
170247
167674
167674
167425
167425
168404
169372
174893
169372
167425
169372
163573
169372
173453
179826
174893
169782
171961
169782
169782
166466
173181
173181
169083
179826
163021
166466
169083
169083
169083
169083
163021
182711
182711
182711
179826
169083
163021
170666
197902
169083
196317
170666
172363
162185
160909
159718
160909
198976
184552
184552
198976
184552
184552
184552
164402
184552
163021
184552
184171
184552
184552
163819
184552
184552
162185
184552
162654
164402
183943
184552
166397
184552
184552
184552
166397
166397
162654
163819
163819
188807
163819
163021
184552
163819
162185
184552
162654
166397
164874
178896
184552
163819
160729
169083
164402
163021
180647
184552
172363
163021
172363
163819
178896
178896
164402
173483
173483
159670
173483
173483
174782
174782
162654
163021
162245
162245
161018
196879
162185
196879
160729
196879
196879
196879
196879
160729
196879
172363
173453
170568
169782
170568
170568
181665
181665
161140
163359
163359
170568
168150
165487
168150
162245
163359
165487
161140
161140
161018
166466
170568
161140
190963
190963
166397
184552
197074
197074
197074
190671
197074
190671
190671
190671
190671
190671
168150
162185
162654
190671
195957
195957
190671
195957
190671
195957
190671
190671
166466
190619
190619
190619
186302
186302
186302
166397
162185
189582
186302
195649
186302
185351
161951
177618
160729
177618
187244
187244
187244
172363
177618
193225
161951
183325
177618
177618
161951
191060
191060
177618
190671
162185
163573
186302
161951
177618
172363
190671
159588
185867
185867
197213
197213
163359
161951
185867
185867
185867
185867
173835
183325
177618
177618
177618
161951
190278
178539
178539
161951
178539
173835
177618
161951
177618
161018
159588
166466
163573
161140
166397
166397
165487
173835
161140
166397
173835
162654
164874
166397
162654
163359
163021
161951
163359
163359
173453
163359
173835
166484
166484
166484
170316
158919
164874
165487
166484
163021
163021
166484
163021
170666
181124
181124
181124
181124
181124
159940
161140
181124
161140
164874
192035
192035
192035
192035
192035
192035
192035
173121
173121
168404
173121
173121
173121
173121
173121
173121
173121
159670
164874
162185
164874
161140
163021
169083
161140
199997
199997
199997
163359
199997
199997
199997
199997
199997
173387
173387
161140
161018
164402
164402
162185
159470
163359
159718
166466
163573
159470
161018
161018
159470
162185
164402
168150
162932
168404
159940
169083
188461
188461
160909
173453
165484
165484
178077
178077
178077
178077
178077
162932
163573
169603
165484
173181
165484
161140
161018
158919
170316
161140
168404
163573
169603
169603
192448
175688
160729
186776
186776
186776
173453
186776
186776
159588
161018
163573
161018
163021
163021
164402
173181
161969
170316
173453
180964
180964
180964
180964
180964
180964
171537
171537
171537
174830
169771
174830
171537
174830
171537
174830
171537
186735
171537
166939
161018
171537
171537
177944
177944
177944
177944
162245
177944
177944
162245
169771
173054
173054
163021
173054
160729
186913
193018
186913
193018
161018
162245
162387
172077
172077
172077
172077
160729
161969
163021
163021
170997
168404
170997
170997
161140
169343
162932
161178
162932
169343
173453
161969
169343
170666
161969
161140
173835
161018
161969
171537
162245
162245
161018
161018
161969
173181
171537
166392
163573
166392
166392
166392
170666
166392
166392
166392
166392
188768
188768
166392
166392
169771
169083
166392
161178
166392
196397
199329
199329
199329
159670
199329
159588
199329
190278
173453
194481
198182
166392
198182
194481
194481
194481
194481
193410
193410
194481
193410
197107
197107
193410
193410
180290
184963
181457
193410
175185
175185
181457
193117
166488
159588
166488
159718
181457
159940
193117
193117
181457
161140
158919
162185
158919
160909
162932
163021
159670
159670
160909
161178
159670
159670
159940
166466
159790
181457
158919
159718
162185
181457
161178
193117
169841
163573
169841
159588
181457
181934
183298
183298
183298
188057
188057
161178
184733
159790
184733
184733
178572
159588
159588
181887
178190
178190
181887
178190
178190
175451
178190
178190
175451
178200
178200
168404
169841
159940
175451
161178
175451
175451
175451
175451
159670
168404
159008
178241
158919
157795
164391
195944
169841
164391
195944
191074
191074
158919
169841
158919
170469
170469
185755
178241
185755
170469
170469
185755
185755
170469
185755
185755
185755
170469
169771
170469
185755
178241
170469
170469
170469
163573
171733
178241
171733
178241
160932
170469
170778
168404
171733
159008
161178
197272
197272
162932
161781
162932
193556
169771
161178
169771
159940
161140
186188
158652
197989
167575
167575
161140
161781
163573
169841
159670
159670
187065
187065
187065
164402
187065
183928
197849
187065
187065
183928
161018
183928
187065
187065
159670
187065
158652
187065
199211
167487
199211
199211
199211
169679
199211
199211
163021
195728
188683
178106
186150
160932
186150
183363
159940
195728
183363
186150
159552
159940
183363
163573
184644
184644
163573
161178
184644
158593
184644
184644
184644
183363
179491
179491
186981
186981
183363
186981
186981
179491
186981
186981
179491
179491
179491
179491
183363
186150
186150
179491
186150
179491
186150
183363
183363
193414
193414
170716
179491
166854
170716
183363
170716
178598
183363
186150
178598
166692
183363
170452
170452
170716
170716
170716
170452
170452
166854
176027
166939
176027
170452
166854
170716
186150
195902
195902
195902
195902
195902
195902
195902
195902
166939
179382
195902
195902
173915
179382
179382
173915
195902
179382
179382
179382
179382
195662
179382
179382
179382
179382
194747
194747
179382
179382
179382
179382
166854
173375
170165
170165
166854
166692
166692
190749
170452
166854
194747
186735
170165
172566
174967
170165
179382
170452
174967
166692
171668
174967
170165
173666
173666
171668
173666
166854
170452
198668
198668
166854
170716
166854
166692
194568
194568
165683
165683
166854
166692
166854
171668
166692
173835
165683
165683
170716
170716
165005
165683
165005
170716
170452
165005
165683
165005
194747
165005
166692
194747
165005
166692
165005
184323
169679
165005
184323
166692
194747
184323
158757
159411
165683
184323
170452
186482
194747
159411
169679
159965
159965
159965
165005
179032
179032
179032
184323
179032
178723
178723
161781
173845
173845
158757
161178
173845
158593
161178
188470
158593
188470
158919
173801
172807
173801
172807
159411
172807
172807
173801
172807
184030
196552
173801
161178
196552
161178
194747
159940
158593
196552
182184
184323
182184
182184
160932
174978
158593
159940
196552
181341
181341
181341
181341
181341
160052
172596
196552
172596
172596
165864
196552
176311
176311
176311
181192
181192
174373
176311
174373
158817
173801
176311
176311
176311
176311
165864
175092
172596
174373
165864
175092
174373
184913
184913
184913
184913
180656
184913
176311
181192
176311
180656
181113
175092
175092
181113
176311
181113
158817
176311
180656
180656
162994
173801
180656
180656
180656
190990
173801
190990
172596
176311
174978
161781
170452
173801
158817
173801
174978
170452
159411
158817
161781
158817
174978
175092
159940
170469
175092
174373
158817
158817
174373
167509
171590
171352
167509
167509
171352
167509
169841
171352
167509
167509
193434
193434
193434
193434
193434
193434
193434
193434
193434
158817
193434
197015
174373
197015
193434
158593
197015
197015
193434
193434
193434
167509
158919
196180
196180
196180
196180
189654
189654
189654
179457
179342
189654
174373
174373
174373
158593
187661
187661
167500
172596
172596
167500
167509
167500
167509
167500
182370
182370
172596
182370
170452
167509
170452
172596
171590
171352
175391
167500
167500
167500
167509
167500
160932
167500
196766
171590
158817
158817
160052
177784
177784
177784
177784
190031
177784
177784
158817
177719
177719
177719
160932
162185
160052
190031
163337
194314
158224
158593
194314
194314
194314
194314
163337
194314
194314
176142
164415
194314
161907
194314
164415
163275
179165
194314
164415
164415
178024
181510
190031
186936
186936
186936
179165
179165
178024
199334
179165
167623
178061
164415
178061
164415
171590
167623
178061
178061
178061
172136
164415
167623
168429
168429
168429
163275
168429
168429
170716
159790
164415
164415
164415
164415
163275
163275
163275
163275
197959
197959
197959
161907
161907
170469
182080
173181
161907
162185
163021
161907
170469
171537
160209
161907
167406
159663
163337
182080
179355
179355
158224
179355
192773
192773
192773
159563
160209
179355
179355
167406
159563
192773
178500
178500
178500
178500
171537
170766
170766
178494
192053
192053
192053
165926
159563
165926
159563
192773
199470
171472
192773
197208
197208
197208
197208
197208
197208
158817
171472
171472
189782
189782
189782
171472
171472
189782
189782
171472
170716
189782
162250
165926
161907
186216
186216
194189
194189
188850
188850
162250
166090
161907
161907
162250
166090
171472
163337
175681
175681
194189
175681
170452
175681
161907
170766
162250
166090
170766
169282
169282
170766
161907
170452
169282
169282
170766
169282
169282
169282
169282
159563
159411
160052
165938
159194
170452
165938
159151
169679
172223
172223
159793
159151
165938
165938
169282
192683
192683
166090
158224
169679
192683
165938
165938
158138
192683
192683
176230
158189
158378
160052
173835
160209
160052
158224
160932
166090
160052
180811
180811
160052
162185
184412
166090
160209
184412
184412
189309
189309
162185
189309
184412
184412
158378
160052
170383
158138
181563
158189
159670
158189
159670
158189
160516
160516
160516
160516
164993
164993
164993
199117
164993
164993
170716
164993
199117
197920
164993
177277
164993
196587
196587
171949
196587
196587
196587
196587
195252
195252
197920
196587
196587
197920
171949
195252
171949
195252
177277
195252
177277
195252
194926
171949
171478
194926
171478
177277
190810
190810
177277
190810
171949
171478
171949
171949
169620
169620
169620
169640
196303
196303
171045
196303
171045
196303
194926
196303
169640
178179
178179
178179
178179
196303
178179
178179
196303
178179
169019
196303
178179
194926
196303
169620
196303
171949
171949
169640
169620
169019
169640
167338
169640
169640
186714
169640
194926
175278
175278
189166
189166
196303
188213
169019
196303
167873
164993
173440
167873
167873
170383
170383
167873
167873
171949
171949
167338
169640
175481
175481
167873
167338
194926
167338
169640
194926
169640
164993
169640
164993
185658
185658
164074
164993
163219
169640
164993
159597
163540
170716
167338
179089
179089
164993
180621
175501
175501
180621
175501
159597
167338
181766
181766
181766
175501
180621
181766
180621
180621
159597
167338
179089
163540
181766
163219
179089
175501
175501
163170
163219
163540
175501
190733
190733
190733
190733
175501
163170
175501
167338
163170
175501
167338
181766
163170
163219
159597
175501
163219
163170
164993
163170
175501
198473
157795
159597
169679
175501
169679
164993
164500
164500
169083
161828
161828
161828
159597
159597
164500
159597
160516
164993
164993
159597
160516
175501
178034
164500
159597
178034
164500
174411
160516
174411
167406
165168
165168
165168
169083
157795
158138
166692
159597
192981
192981
165168
160516
159597
159597
159597
157751
158138
170807
170807
159597
170807
166169
164993
166169
166692
170807
163170
197709
197709
187258
187258
187258
187258
187258
159956
160516
170650
160516
164500
164500
159956
164500
164500
160516
170807
175501
168415
166692
159956
159956
165168
159597
163219
163170
158138
163170
175501
158950
161828
162245
168415
161828
169841
191088
159597
158138
191088
159956
191088
191088
158950
178973
168415
163533
161088
189416
189416
189416
189416
193088
193088
193088
193088
193088
193088
180521
185150
199052
199052
180521
193088
191675
185150
179015
199052
193088
169841
193088
193088
179015
170716
179015
180521
193088
174541
191675
179015
191675
180521
180521
180521
179015
174541
180521
174541
175326
180449
171778
180449
180449
175326
188734
197023
197023
197023
197023
197023
171778
197023
196210
196210
174541
174541
184623
163533
162327
170037
179015
163533
174541
162921
179015
174541
174541
179015
170037
179015
179015
179015
159956
174541
162921
169841
158950
159956
171442
191382
191382
160516
191382
191382
191382
188299
191382
188299
188299
185503
191902
191902
188299
188299
162700
185503
188299
160052
191902
178563
178563
161088
158138
169841
157751
174541
170037
158950
188011
162700
191902
174541
159597
158138
158950
162327
167462
160209
167462
178973
174541
197815
197815
158950
172693
191902
161489
158950
191902
172693
160209
168209
197684
197684
197684
172693
167462
165209
197684
165209
165209
197684
181262
174541
197684
163557
163557
167462
163557
193785
165209
193785
163557
163557
193785
165209
167462
193785
174541
171130
188256
171130
197684
188256
197684
184202
178248
171130
191902
171130
171130
171130
181262
171130
171130
171130
197684
171130
171130
171130
187684
187684
187684
187684
171130
184821
171130
171130
167626
181262
171130
167626
188269
165209
167626
197327
197327
188269
197327
197327
165209
183164
184821
171383
188269
163557
164185
158950
165209
164185
165209
165209
183164
164185
167462
181262
183164
160794
161011
181262
161011
188269
164185
166648
183164
164185
158950
171130
183164
161011
160794
171130
166284
188449
164185
164185
166284
188449
166284
160794
188449
161011
158950
163557
188449
188449
158777
188449
166284
160794
174541
160204
167462
169083
158777
174541
166284
160794
160794
159597
188449
174296
160794
167462
174296
174296
174296
164185
188449
164249
164249
164185
164185
164249
188449
164249
164249
163557
169771
188449
163557
188449
198443
198443
169343
198443
163557
198443
160794
169343
159790
173387
157427
166284
160794
163557
169493
158777
162921
173387
157427
173387
166284
183215
183215
173387
161011
169343
183215
179083
179083
179083
157751
180857
180857
180857
180857
180857
180857
159396
188449
158950
177718
187623
187623
163219
163021
187623
187623
187623
166397
164256
187623
179832
193073
193073
187623
177718
181262
179832
179832
158138
159663
193073
166284
166284
177718
163557
158777
182700
182700
160794
193073
161011
159396
159396
183167
169343
161011
183167
182986
183167
182986
182986
182986
183167
182986
183167
158950
182986
193613
173718
182033
182033
173718
173718
173718
181262
160204
161011
160204
158950
167406
166397
164256
159396
169343
166284
160794
164185
159396
158950
169343
159663
160052
164185
159597
162921
159396
158950
164256
158950
159956
159194
194780
194780
194780
193888
193888
193888
193888
158138
169343
158950
181262
166284
169493
166692
159396
181262
164993
161011
164993
168415
159173
184386
184386
184386
184386
184386
169493
159597
167406
160052
166397
165872
169771
161011
158777
167506
159790
175055
175055
175055
161828
164256
161011
175055
175055
159396
175055
175055
158138
159670
166397
164993
159956
169343
159940
158138
159663
164256
164415
162921
166284
177486
169493
164256
158138
167406
165242
165242
158138
171442
169841
158950
165242
165242
161088
158777
158138
194378
169771
157427
194378
172669
179180
194378
179180
179180
166889
166889
166889
159956
172669
158950
171384
179180
159956
160052
172669
169493
198685
198685
158138
198685
180514
198685
198685
159552
163219
186782
186782
186782
186782
169493
159552
176094
178683
178683
176094
176094
184389
184706
184706
184389
159552
184389
195717
179153
192297
192297
179153
159154
184389
179153
184389
179153
179153
187122
187122
174311
174311
184389
174447
184389
174311
184389
184389
171616
184389
184389
174311
186782
174311
174447
196819
196819
196819
184706
164852
171616
171616
196819
182820
171616
174447
164852
174447
171616
171616
174447
186782
158777
174447
171616
164852
164852
171616
176094
174447
174311
164607
164607
158138
166625
158189
159523
178996
176094
176384
171616
170390
159173
159956
162921
158189
157427
166670
162173
159552
169771
169493
185038
185038
185038
185038
185038
157427
158189
176094
158189
172669
178328
162173
162173
192485
192485
157751
159396
178328
160099
178328
160099
166871
192485
166871
166871
166871
160099
166871
171442
165601
192485
169343
197753
186685
197753
197753
197753
186685
197753
186685
178328
174170
178328
186685
186685
186685
186685
168541
162648
186685
162648
163021
186685
162648
165168
162690
175415
164256
166625
162690
162690
162648
162648
165601
170452
162932
163573
162690
190016
159791
162648
190016
165168
164415
190016
162648
159791
179697
190016
179697
179697
179697
179697
179697
179697
179697
179697
188711
188711
179697
188711
188711
195534
159791
195534
195534
159791
195534
159791
159791
159791
159791
165601
165601
169841
166625
158777
179695
186101
179695
186101
186101
195553
166625
179695
186101
159791
199324
181431
159694
169343
160794
166670
186782
159663
169083
163219
158138
157427
162245
159663
158397
168415
190598
190598
190598
158950
161011
169778
169778
169778
169778
169778
169778
169778
169778
158777
190598
157751
159663
187993
198965
198965
187993
157751
187993
187993
159194
179395
159663
187993
198965
179395
157427
179395
179395
157427
158397
159663
160209
159956
168415
159663
158397
159956
159663
159940
157751
159663
157427
161011
168415
162185
160209
164993
199590
158777
163219
171442
159956
159396
158397
159791
161088
164415
177680
164256
177680
161088
177680
177680
198841
177680
162185
177680
175080
159523
175080
175080
175080
175080
185014
162648
185014
176380
176380
176380
176380
185014
176380
175080
199590
193118
198481
193118
181754
198909
198909
198909
169387
198909
198909
187555
187555
169387
169387
175080
175080
177727
177727
177727
177727
175080
175080
177727
177727
177727
197358
159396
177727
197358
177727
177727
177727
169387
177727
169387
169387
169387
176380
190598
173448
169387
176380
169387
169387
169387
169387
165496
193939
193939
176380
164941
176380
169387
177154
157705
169387
167256
188906
188906
188906
185182
185182
188906
188906
190598
185182
185182
165496
177154
190598
185182
167256
164883
164941
164941
163557
185182
169387
165496
196751
196751
188906
196751
164941
196751
164941
164941
164883
167256
176380
196751
169387
164883
180293
159396
169387
177154
164814
164814
164814
165496
177154
178435
188143
188143
176380
172289
164814
164814
164814
165496
164814
164814
164941
169387
169387
168415
164076
164076
159173
169387
159173
157427
162982
158224
158121
164941
157396
165496
159940
188724
188724
169083
165496
188724
188724
169083
172937
165496
172937
172937
164941
165496
172937
157396
159524
157396
165496
159791
159524
172979
172979
172979
172937
159396
186939
186939
186939
186939
186939
186939
186939
186939
186735
186939
186939
186939
186939
186939
186939
186939
172937
184908
184908
161485
161485
161485
172979
162173
158777
162185
161485
157427
159173
161828
172937
161485
166670
166625
172937
163557
158593
159523
166625
159597
162982
159940
183741
162982
159670
172937
172937
166670
190331
165167
165167
178317
178317
178317
160456
172937
160456
158138
165496
187499
187499
162327
159396
162327
158189
158593
179630
190331
187499
197948
163557
169343
166625
187499
163387
190331
157963
187377
158349
163387
163387
161485
163387
168415
161485
191752
167406
157396
166625
165496
163387
165496
163387
158349
166625
159940
169083
157751
157751
163387
163387
157506
157427
163557
161143
162932
161143
162327
161143
161143
161828
161143
161143
161143
168415
166670
161143
161178
159523
166625
174059
162932
163557
162327
157751
163557
166625
161646
159075
159940
161088
159523
176860
176860
176860
176860
165592
177708
194892
177708
177708
177708
159523
194892
165592
178010
161646
177708
165592
165592
165592
165592
169343
157506
165424
165424
165424
165424
165424
171650
159075
158950
157963
161646
162932
163387
161828
166625
199088
199088
199088
199088
199088
174929
165496
174929
174929
199088
157392
174929
164654
159523
161178
169679
164654
199735
169679
174929
174929
164654
199735
199735
159363
199735
174929
195708
195708
166625
157392
166625
159670
159940
158189
157396
168415
160794
159791
169343
159670
163116
163116
186083
163116
186083
190767
186083
178394
197657
178394
197657
165496
186083
163116
178394
178394
178394
163116
163116
161074
159396
169679
197657
163116
157396
197657
197657
198363
198363
198363
162327
157392
180834
169432
160958
160958
159790
160958
160958
161074
157751
157392
192032
192032
162932
189405
189405
189405
161069
189405
189405
180247
192032
166284
192032
180247
192032
180247
180962
180962
180962
180962
180962
157427
163387
185156
166284
195387
195387
195387
195387
195387
198044
195387
195387
195387
195387
198044
198044
164415
195387
195387
195387
195387
164686
158817
164686
164686
160959
157396
164686
158472
158950
169343
164686
164686
157396
163557
157326
164686
159663
162823
164686
160209
161143
169083
157506
188407
188407
163387
165496
177563
177563
163755
163755
188407
159791
165496
163219
188407
161178
194443
194443
194443
194443
163306
194443
194443
168415
165144
193901
193901
193901
193901
193901
193901
193901
193901
193901
193901
177563
177563
164415
193149
178599
178599
165144
178796
169343
178796
178796
178796
178796
163306
199142
199142
199142
199142
198800
157506
184255
178057
194370
194370
194370
184255
184255
182515
182515
158777
163306
189161
189161
176705
189161
189161
157396
189161
157392
157115
161011
176705
161011
176705
176705
162982
165946
163306
171521
192613
192613
192613
192613
192613
192613
161828
161178
165168
162823
162173
159363
168415
157396
159075
161828
159670
159154
165946
157396
157326
165168
162982
157506
198025
198025
198025
198025
157506
198025
157506
168415
169343
160209
160209
161011
158950
164256
158777
157396
161178
159552
157396
157392
169343
161178
161011
157326
169343
157396
159791
159363
162982
159975
160901
169343
189784
189784
189784
189784
189784
159823
189784
160901
184902
159975
184902
164239
159663
194095
194095
159597
194095
194095
168959
159179
157392
159363
161746
163791
167255
167255
198569
167255
185682
185682
193564
193564
163791
168959
199241
168959
161746
168959
199241
198569
186459
198569
186459
193564
187138
187138
187138
187138
163951
187138
176416
187138
184809
184082
184809
187138
187138
184082
184082
193564
176416
193564
175859
198433
193564
176416
185682
185682
198433
175859
187048
187048
176416
175859
163951
185682
199762
175859
199762
199762
199762
199762
199762
199762
199762
172117
185682
167255
197621
175859
173779
175859
175576
175576
175576
175576
175576
175576
175576
198569
175576
175576
175576
173779
173779
172117
167255
167255
175859
175859
173779
172117
167255
167255
163791
167255
164818
174439
174439
174439
174439
174439
174439
174439
163788
190943
190943
174439
192511
164818
192511
163791
192511
167255
164818
162867
162867
163788
188939
188939
188476
188476
188476
190944
190944
188476
190944
188476
188476
174439
162867
176663
172117
176663
164818
172117
176663
186735
185226
173420
170650
162867
162867
172117
163791
164818
167255
183481
183481
195210
183481
195210
183481
176208
176208
176208
176208
176208
176208
176208
176208
174439
176208
176208
163791
176208
195210
176208
176208
176208
193813
176208
193813
178084
193813
178084
178084
178084
172117
178084
178084
178084
164818
164444
162971
162971
162971
163791
195210
162867
161746
196566
196566
196566
170948
196566
196566
190944
196566
172255
195982
195982
195982
161746
172255
162089
195210
195210
167818
160822
162867
161746
161746
167818
162971
190944
167818
167818
167818
167818
195210
167818
193726
160822
198984
198984
198984
198984
198984
187685
198984
198984
187685
198984
187685
162089
159179
190944
190944
158372
160822
159179
166466
174364
174364
174364
158372
170356
170356
170356
158813
170356
159552
195000
185806
158472
158372
159075
159363
185806
158777
159823
158950
159597
158950
198230
198230
158372
159823
158372
179715
158950
174439
161143
162089
158372
162971
159791
162648
179677
179677
179677
179677
179677
179677
187613
187613
195450
192763
192763
187613
187613
166466
181838
187613
168544
195210
181838
172693
181838
195000
181838
162982
178029
178029
170650
168544
172820
168544
168544
177188
168544
162220
187978
181838
177188
177188
181838
157650
177188
162220
177188
193967
163557
193967
193967
193967
193967
193967
193967
187978
160335
179663
177188
179663
179663
177188
182395
196166
196166
187978
199168
199168
182395
182395
196166
196166
182395
187471
182395
182395
179663
179663
172820
182395
187978
166915
179663
179663
166915
179663
165043
166915
166915
181838
165043
165043
179663
173133
179663
173133
173133
173133
173133
160335
187613
199966
199966
199966
162220
162220
162220
181838
162220
170650
161145
160901
162220
172820
162220
170650
166466
161145
172820
162971
187613
176134
172820
158950
160901
179507
161145
187577
187577
180362
187577
179507
158813
179507
161145
179507
163557
179507
179507
180362
179507
185164
177381
177381
158314
177381
177381
160335
177381
179507
194628
158314
177381
188283
188283
158314
188283
160335
161145
170650
177381
177381
177381
177381
157954
158314
157954
177381
158397
177381
157954
158950
158314
177381
157954
172820
175859
157650
160335
161011
195015
195015
182128
195015
195015
182128
195015
161178
177000
177000
157650
157650
172820
166466
163009
163219
183208
157650
162173
170650
171760
171760
171760
161011
157392
171760
171760
161143
157954
181787
171760
181787
191260
157650
171760
171760
191260
191260
191260
171760
191260
191260
191260
191260
191260
191260
164993
170650
192528
171760
199830
199830
171760
171760
164993
157954
170004
170004
173205
173205
173205
173205
164276
173205
173205
159552
186584
170004
164335
186584
170650
163557
165999
164335
164335
164276
165946
164276
163557
159179
160901
169343
159023
184663
184663
159023
158095
159670
159597
169343
158095
164256
163387
159023
169343
159023
169343
160901
169247
160335
159023
169343
198523
198523
198523
198523
198523
157751
171340
171340
171340
170337
171340
196273
196273
196273
170337
170337
159975
170337
170337
159975
160794
164256
158095
157650
158472
158919
160901
158314
159975
163009
193156
193156
193156
193156
168415
157650
162089
186618
171502
159790
171502
171502
181847
199244
199244
199244
177578
177578
177578
171502
177578
199244
171502
171502
181847
181847
158919
157626
159790
192740
199244
192740
199244
171502
177578
159363
171502
181847
174331
190355
190355
181847
174331
174331
190355
190355
174331
181847
174331
159075
174331
158777
190355
171502
189253
189253
189253
190355
159363
190355
190355
190355
170264
184821
184821
190355
191774
191774
191774
188665
188665
190355
170264
191774
188665
191774
190355
174331
170264
170264
159023
170264
184821
163337
158919
181847
181847
170264
194475
194475
194475
194475
194475
194475
194475
170264
194475
194475
174331
194475
194475
165641
174331
167492
174331
167492
164240
164240
170264
170264
170264
174331
170264
158005
174331
195010
195010
163337
159975
163337
158189
157650
195928
195928
195928
195928
195928
195928
176960
176960
176960
180440
176960
176960
180440
176960
180440
176960
176960
158919
176960
159597
159179
158757
176960
163337
176960
163337
159194
191828
163337
191828
163337
176960
157650
176960
158189
189446
166889
158095
166889
166889
157626
166889
159023
163337
160209
159363
176960
158569
166877
158569
176960
159363
164256
164415
163337
159790
176960
158817
158569
164256
162982
159790
158569
164256
158569
159597
161074
191000
191000
191000
159940
174867
163219
174867
168576
186735
159670
161178
174867
159023
157626
162089
186735
159179
191000
159179
164542
191000
165168
194727
194727
194727
194727
191090
191090
157115
167266
183061
174103
159023
158817
171289
178415
178415
171289
159975
157626
171289
171289
174658
174658
174658
174658
171289
182277
190713
176279
174658
176279
164395
164395
174658
159065
157115
163219
162982
162173
159065
199338
159363
158189
157626
166466
162648
169841
167905
162823
157326
164415
165999
157626
159922
159065
159922
164415
169679
160901
159922
158189
193590
193590
157326
193590
193590
193590
169737
159922
159922
158397
157506
170315
166466
159922
159954
187416
187416
159922
159154
157626
169737
159922
159954
160794
158189
159922
169737
159065
158777
161178
157396
158817
157326
163219
159663
158349
158224
163219
163219
159597
159670
161828
162173
158777
167847
167847
159363
167847
167847
167847
182735
177136
177136
158472
177136
169737
157115
159791
159065
158757
157115
159791
159075
162982
177136
162982
159065
158314
159396
159791
158472
197706
196028
197706
197706
186735
197706
197706
197706
197706
159075
196028
159023
157626
164695
158817
171919
197072
197072
197072
196316
158817
196316
159663
158397
158189
159793
158314
162982
169737
164415
161074
159663
169737
162971
157115
164239
157049
176797
176797
162932
158817
171359
157626
171359
157115
158397
159791
158757
157626
158472
159363
164542
158950
158950
157650
158950
158397
161828
159411
163009
158138
162089
159411
169737
159791
157630
159940
162173
157630
190743
190743
190743
172315
157115
157630
159194
174892
174892
184259
184259
184259
184259
184259
174892
184259
162664
184259
168750
168750
162664
158777
168150
168750
162664
168750
159663
162664
163791
177036
177036
177036
177036
196179
190914
190914
190914
190914
190914
190914
190914
190914
190914
190132
190132
190914
190132
187636
187636
190132
187636
173280
190132
187636
178117
178117
178117
173280
177036
177036
159063
188488
191964
199451
191964
191964
177036
199451
173280
173280
173280
191964
177036
191964
191964
191964
159063
186838
186838
186838
186838
186838
186838
162664
165999
159063
165946
159075
193447
193447
159791
193447
193447
193447
193709
190142
193709
164698
157115
162982
159396
164698
157115
159063
157630
190142
159063
157650
164779
158397
182079
158372
159597
158372
157506
159597
182079
182079
157626
182079
158397
182079
164695
159411
188925
164810
158372
164810
188925
162823
165999
164239
164415
158817
159791
158817
162823
160794
160794
158372
159363
158569
159363
157630
170315
157115
192714
158372
159179
157506
159179
176244
192714
176244
176244
192714
192714
176244
176033
176033
176033
176244
176033
176033
176244
163494
163494
163494
176244
176033
157111
160909
176244
176033
188882
162834
162834
188882
158372
159179
173628
159975
173628
157115
179969
179969
157506
173628
168150
157115
173628
158397
158397
186749
159663
159940
164376
190707
190707
190707
190707
190707
190707
190707
190707
159793
169887
186749
169887
169887
169887
169887
169887
169887
169887
169887
187543
187543
187543
187543
158372
158757
162823
162823
164239
160794
159154
159975
162823
157506
158777
159411
164695
159154
166045
158371
159663
159075
162982
164695
161074
157115
158813
186585
186585
159663
186585
186585
186585
158371
157115
187584
173447
187584
187584
173447
175284
182625
186585
175284
173447
173447
175284
173447
190091
190091
190091
159940
162897
159363
158593
190091
162897
159063
159063
186985
190091
166683
186985
186985
190091
186985
173800
186985
175197
175197
186985
190091
175197
175284
175197
173800
175284
175197
173800
173800
190091
186985
175306
176293
175306
162897
162897
175306
176293
175306
173447
175306
173447
175306
173800
158349
173800
173800
175306
175306
159260
159260
159260
157115
157770
159260
159260
173800
157115
166683
173800
159179
158349
159260
173800
159823
159260
166683
159793
158372
158593
157770
157770
159975
173800
159260
158349
173800
175284
169981
169981
166683
166683
159790
169981
157396
173800
160209
173800
191570
169981
158372
181370
158349
172566
159790
157115
194711
157626
194711
172566
157626
159426
193477
193477
193477
193477
181370
181370
174296
166352
181370
166352
174296
159955
181370
166352
159955
157115
157049
