-1
-1
-1
-1
-1
111841
111841
164181
111841
111841
111841
87394
87394
87394
49384
126990
160539
74487
41863
41863
125801
125801
111841
69859
111841
69859
125801
104153
144581
131095
131612
194541
131612
101515
117250
104246
104246
104246
160539
104246
112598
192608
104246
192608
192608
131612
123757
104246
102560
104246
104246
166907
160539
104246
104246
104246
166907
104246
194427
121120
169384
169384
104246
104246
121120
104246
111841
111824
134379
104246
160539
136550
136550
134379
136550
115866
136550
187218
198087
198087
187218
187218
167221
167221
167221
163094
163094
167221
172732
172732
167221
172732
172732
169323
167221
169323
136550
167221
163094
163094
163094
163094
163094
134220
134220
163094
163094
157874
157874
157874
141235
193741
157874
193741
186798
193741
186798
188193
188193
131671
188193
188193
188193
153018
183272
193283
183272
183272
131671
186798
183272
193283
186798
183272
183272
153018
153018
153018
146285
146285
146285
146285
146285
158897
131671
158897
150486
141235
141235
150486
141235
139754
139754
168632
179873
179873
168632
168632
139754
134251
179127
139754
179127
179127
131671
146495
146495
179127
134251
179127
146495
179127
146495
179127
146495
134251
131671
131671
130179
131671
134251
183097
197761
130179
115866
168320
170655
151309
151309
115866
190288
190288
190288
190288
190288
188164
188164
188120
188164
188120
188120
165506
165506
165506
188164
190288
188164
182515
182515
188120
190288
165506
188120
151309
188120
188120
165506
196099
187576
194745
194745
195135
195135
195135
182515
195135
195135
194745
194745
194745
194745
182515
151309
182515
145398
194745
145398
165506
195310
195310
195310
195310
195310
195310
195310
195310
195310
195310
143493
164140
195310
159877
194745
159877
195310
164140
159877
164140
159877
165506
165506
165506
159877
159877
164140
164140
164140
164140
164140
164140
159877
155002
159877
159877
167986
159877
155002
155002
161011
153285
143493
161011
159877
159877
161011
161011
143651
170655
170655
157017
143493
188952
188952
188952
188952
188952
122396
164830
188952
183906
188952
183906
188952
183906
189723
188952
183906
183906
177528
188952
177528
188952
145907
188952
177528
188952
157017
177528
164830
157017
185973
185973
152302
185973
185973
130179
164254
152302
157017
158817
164254
166786
170655
159877
158817
147227
147227
157017
173811
173811
173811
173811
173811
151309
165587
180424
180424
180424
180424
143493
180424
180424
173898
198009
180424
198714
198714
180424
198009
180424
158137
158137
180424
158137
180424
180424
180424
180424
179734
158137
173898
176657
158137
159877
158137
158137
158137
158137
154058
158137
157071
170655
158137
154303
157071
159877
157071
159877
157071
158137
154058
158137
158137
158137
151309
147188
151309
162627
162627
147188
151309
153285
197877
197877
170939
170939
170939
170162
176908
170939
179036
179036
170939
197434
179036
179036
179036
175397
197434
179036
173615
175397
175397
175397
188588
175397
188588
173615
170939
175397
188588
188588
173615
173615
173615
188588
145907
188588
188588
172360
176908
181398
146963
192251
192251
192251
192251
181398
157874
192251
174534
170939
174534
190458
190458
190458
190458
190458
170939
169453
190458
172360
190458
180068
180068
170939
175397
170939
169453
170939
169453
167830
175397
170939
162627
157874
167830
167830
167830
170162
167830
162627
162627
162627
162627
157874
168843
161237
168843
168843
168843
155950
157874
168843
170939
168843
168843
168843
170939
168843
168843
184950
184950
184950
184950
184950
178638
178638
178638
168843
178638
157874
155950
178638
164430
178638
157874
178638
178638
191280
157874
191280
161237
191280
164458
164458
178638
178638
178638
155950
196474
155950
196474
157874
178638
161237
157874
157874
157874
155526
157874
157874
182154
193792
193792
182154
182154
155526
155950
155654
155654
155950
155950
155526
155950
155526
155950
155950
155526
160189
188427
188427
175663
188427
188427
188427
199482
199482
199482
199482
199482
160189
188427
199482
199482
160189
188427
160189
160189
194308
194308
194308
194308
194308
188427
194308
194308
190469
194308
166316
188427
160189
160189
166316
155526
155526
155526
153532
155526
158658
166316
158658
166316
153532
155526
154750
187571
187571
187571
187571
155526
187571
187571
154750
173645
177778
177778
177778
177778
191103
191103
191103
191103
154750
191103
191103
153665
191103
191103
171335
191103
191103
173645
191103
171335
155950
171335
171335
171335
171335
151618
161713
154750
156287
154750
154750
155950
155526
155950
161237
161713
153532
155950
154750
155950
156287
151618
148477
151618
153285
168360
168360
164269
164269
164269
164269
151618
163503
163503
163503
153285
163503
163503
163503
187935
187935
163503
154750
187935
187935
187935
187935
187935
187935
187935
165214
165214
165214
165214
165214
163503
158546
187705
158546
187705
187705
150610
187705
163503
187705
187705
187705
187705
187705
163503
163503
187705
179441
151618
163503
151618
154750
163503
151618
158546
158546
150610
158546
150610
158546
154750
165214
158546
158546
151618
150610
166731
184384
184384
166731
166731
166731
199751
166731
166731
184384
184384
166731
184384
173093
173093
166731
153637
166731
166731
165506
194274
194274
194274
194274
184384
184384
194274
165506
165506
166731
150610
170939
150445
150610
150610
153637
150445
160548
150445
160548
158538
187228
187228
166731
153285
150610
150610
150610
150958
150958
153285
150958
150958
151377
150445
150445
150445
150958
148477
148794
172488
172488
172488
172488
172488
166252
166252
162790
186685
176320
148477
166252
170495
148794
162790
162790
151028
151028
168017
170495
150445
148477
151028
170495
164805
164805
164805
151028
166731
148794
147844
148477
148477
166731
189761
189761
189761
189761
189761
176458
176458
178305
148794
176458
178305
178305
183521
148794
190482
148794
190482
178305
178305
148008
148008
178305
147844
148477
176458
148477
178305
179634
178305
178305
178305
178305
179634
176458
176458
147186
183296
183296
158829
179634
176458
158829
176458
158829
176458
166731
176458
176458
158829
152254
152254
152254
174079
152254
149100
147453
147844
147453
153561
153561
153561
174079
179634
147453
163746
163746
147844
147844
163746
163746
153561
147844
153561
177688
177688
177688
147453
169726
147453
148477
147453
146822
146185
145907
148477
148477
146185
145245
145907
145907
145907
145907
147844
145398
147844
145245
147188
145398
147453
147453
145152
145907
146822
147844
145152
145245
147844
147844
143252
191426
145907
180494
180494
175389
175389
180494
175389
175389
145398
180494
167185
166630
166630
187775
187775
187775
159285
166630
187775
159285
187775
166630
187775
187775
187775
165959
166630
159285
166630
166630
165959
166630
170737
157614
166630
165959
165959
199211
199211
199211
199211
199211
199211
199211
199211
199211
199211
199211
199211
199211
197822
199211
145398
199211
159285
199211
199211
199211
145398
179341
199211
197822
197822
197822
173592
145398
165494
198670
199087
199087
143252
199087
199087
199087
165494
197822
179341
159285
179341
179341
165494
165494
165494
190902
190902
190902
190902
190902
190902
143252
165494
190902
189144
189144
190902
165494
157614
164275
162495
164275
164275
164275
162495
164275
159963
159285
159963
159963
143252
159285
159285
143252
164275
144607
160098
157614
159285
160098
159285
157614
176104
176104
153952
176104
153952
176104
153952
189363
176104
189363
189363
189363
189363
143252
157614
157614
164275
145245
145152
152693
143252
145152
164275
152693
164275
144607
153952
152693
144607
148538
152693
152186
152679
152679
152679
152679
152186
150665
173729
173729
148538
173729
173729
173729
173729
148538
157756
188224
157756
157756
143252
198675
157756
159285
150665
148538
146430
144089
192671
192671
157756
148538
197391
148538
197391
197391
144607
145245
145907
145907
192671
192671
197391
144607
146885
145245
145907
143831
146885
197391
143252
145907
197391
174770
174770
197391
169881
174770
174770
169881
197391
174770
197391
169881
144089
197742
171082
197742
197742
197742
141552
143861
143831
174770
174770
171082
178079
178079
143831
178079
171082
178079
171082
178079
171082
178079
169881
169881
197391
169881
169881
192671
150931
150931
178079
197391
178313
197339
178079
197339
178313
178079
197339
176089
197742
143831
143831
197391
178079
178313
176089
176089
192671
176089
178313
178313
169881
176089
176089
174150
174150
174150
174150
174150
178079
179750
179750
174150
178079
143147
167828
197742
168231
184546
184546
170788
170788
184546
184546
184546
198672
184546
184546
184546
184546
184546
184546
168231
178079
168495
168495
178079
167828
168495
178079
178079
168495
170788
168495
168231
150574
166657
166657
168231
168231
170788
166657
166657
166657
166657
166657
166657
168231
168231
155777
168231
155777
168231
166657
168231
168231
168231
168231
166657
155460
166657
168231
152258
178079
152258
150574
182554
166657
182554
182554
178079
168231
152258
178079
168231
168495
155460
150931
155840
150574
150574
150574
150574
168495
150574
150931
195208
150574
150574
150574
194725
149243
149243
155460
169517
155407
149243
149243
146509
153749
149243
147137
153749
149243
147986
141552
164409
150574
147137
155407
147137
155407
150574
149243
150574
169726
144089
147137
147137
150574
147137
146509
144089
145245
147137
147137
149243
144607
147137
155460
193211
193211
193211
179714
193211
179714
146509
150975
197742
184893
184893
184893
184893
184893
147137
184893
161119
165984
184893
184893
195710
165984
165984
150975
195710
195710
195710
184893
184893
184893
184893
150975
176174
176944
176944
176944
197742
172705
172705
172705
172705
172705
172705
149243
161119
167392
165984
167392
192347
192347
192347
155460
192347
192347
192347
188846
188846
167392
188846
167392
188846
188846
188846
188846
162615
158177
161119
161119
165707
188846
152092
158177
152092
198795
198795
198795
155460
152092
152092
150583
149468
150583
163719
149468
150574
149468
149468
149468
149468
149468
149468
149468
181251
149468
187805
187805
187805
187805
187805
194000
194000
187805
187805
181251
164359
164359
164359
181251
181251
141552
181251
179946
181251
179946
179946
181251
181251
181251
181251
149468
181251
192499
181251
192499
192499
181251
164359
181251
181251
152138
181251
152138
163284
181251
152138
145908
181251
163284
181251
181251
163284
145775
163284
145775
143714
152138
152138
154543
166072
154543
166072
181251
147137
160260
160260
149243
147844
147137
155460
147137
143457
146509
145775
147186
147137
147137
147137
147844
147137
143831
153022
145245
147844
146509
145245
143831
143831
147137
156319
175579
146872
146509
144979
162370
143831
147186
146872
147186
145908
146872
147186
161925
145908
161925
145908
145245
161925
143886
161925
182363
144292
152659
161925
188918
152659
152659
152659
188918
188918
147186
144089
145907
151388
186255
187029
151388
151388
190518
151388
187029
151388
188918
197478
188918
197478
197478
144607
145907
144089
187029
187029
162908
162908
187029
162908
147659
161925
145907
151388
145245
153509
146430
151388
144292
161925
143886
146430
146430
145907
144600
145908
199085
199085
161071
161071
161071
182140
161071
161071
182140
144979
182140
143886
161071
175136
175136
175136
145152
175136
175136
145908
145907
144361
146509
143860
144979
144361
146509
145245
146509
169845
171962
171962
171962
171962
171962
169845
156028
169845
169845
171962
156028
156028
144979
156028
156028
144600
171962
156028
144361
144146
156028
147236
157876
157876
157876
157876
157876
157876
156028
153015
153015
153015
153015
156028
153015
153015
153015
153015
153015
150810
150810
188573
150810
157876
188573
170957
177558
170957
181322
181322
181322
177291
177291
177291
147236
170957
177291
170593
170593
177291
170719
177291
170719
197699
177291
170719
170719
170719
170593
175808
175808
175808
188821
193870
175808
175808
179733
175808
170719
175808
175808
175808
175808
170593
170593
170593
175808
195562
162564
170218
195562
170218
193634
162564
147404
164996
170218
186852
170593
183007
186852
192365
192365
192867
192867
183007
192867
192867
192867
183007
192365
183007
192365
186852
195318
195318
195318
195318
195318
195318
195318
164388
195318
144979
144979
164388
197757
197757
164388
186852
186852
164388
170593
162564
170719
164388
164996
164388
162564
162564
175832
150810
175832
161708
157706
161708
157876
150822
150822
157706
169864
150079
169864
169864
169864
182591
182591
182591
169864
169864
179512
179512
179512
147892
147892
157706
178620
178620
178620
178620
178620
178620
187942
171358
187942
171358
183131
194644
183131
187942
178620
183131
171358
187942
185513
178620
183131
194644
194644
194644
185513
185513
174135
185513
171425
174135
174135
171659
171659
183131
174135
171425
171425
174135
188101
171358
174135
188101
188101
162884
162884
189601
189601
150822
189601
189601
148176
189601
148176
183131
148176
147404
144292
198643
198643
199236
198643
147236
198643
147564
147990
182291
198643
161711
147236
198950
198950
198643
156873
148176
156873
147404
174135
198643
171358
198643
148176
148176
198643
155004
198643
183131
198643
188101
170719
170719
156981
198643
174135
170719
194514
194514
194514
171358
155004
171358
155004
155004
155004
171358
156981
156981
155004
190544
190544
190544
198643
190544
190544
190544
169562
190544
147186
171312
184873
171312
170952
170952
170952
170952
169562
169562
198643
198643
169562
171358
184873
159520
159520
159520
159520
156981
155004
156981
156981
155004
156873
169483
169483
169483
169483
192424
171358
184115
153909
169483
169483
153909
153909
169483
188101
169483
169483
184873
170952
169483
169483
155004
178364
143860
192379
192379
192379
150720
192379
192379
192379
192379
192379
192379
192379
192379
153909
192379
192379
192379
196277
169483
153909
191558
147236
196751
191558
191558
180735
186678
191558
186678
180735
180735
180735
180735
180735
190544
171358
190544
164352
150720
180735
173447
173447
153909
150720
173447
173447
153909
170952
153909
153909
161679
188101
161679
161679
161679
161679
150720
161679
171358
161679
199730
144979
188101
156515
161679
178364
153909
196881
161679
196881
196881
196881
161679
196881
178364
148176
161679
155855
180735
147404
149540
150720
161679
155855
155855
161679
161679
180735
150720
170291
170291
190620
189647
170291
155855
189647
189647
188101
188101
189647
188077
189647
188077
147121
163166
180735
163166
158138
158138
158138
190362
157816
180543
180543
158138
180543
180543
150720
178364
157816
174096
178364
174096
169483
178364
159661
158138
157816
158138
158138
149840
158138
158138
157816
158138
158138
150144
159661
149840
170271
170271
170271
149840
186984
186984
198284
198284
186984
186984
171425
186984
149840
170271
150720
148199
149840
161562
149840
171358
150720
155855
148199
150720
149840
148199
161562
161562
161562
149840
190912
190912
186984
190912
190912
186984
180981
180981
152742
186984
169483
158280
169483
161816
161816
152742
161816
161816
161816
161816
161816
161816
161816
178366
161816
152742
161816
155855
152742
178366
161816
161816
150720
149840
161562
148199
195358
199133
195358
176404
176404
176404
189731
189731
199133
155855
176404
176404
199133
148199
152742
190294
161562
155855
154948
149840
152742
154948
149840
149540
148088
154948
149840
149540
150810
194525
194525
194525
194525
194525
194525
194525
173879
160539
148088
191740
192257
173879
173879
192257
191740
150810
173879
148088
160539
160539
173879
160539
160539
151453
151761
151453
160539
151453
151761
188843
188843
188843
187372
188843
187372
199223
188843
199223
187372
188843
188843
150810
149840
149840
148088
187372
187372
187372
150720
195041
160539
148088
154948
154948
148088
149840
149840
150720
148088
150720
151453
160539
151453
148088
150144
150720
189910
189910
189910
189910
161004
189910
149540
189910
189910
161004
192092
149540
149840
149540
148088
156178
156178
150720
150720
149540
150720
180288
147034
149840
180288
148344
147564
148088
186336
186336
148344
149540
148176
148344
149540
149540
148088
148088
147990
147404
147564
188034
188034
188034
180562
190011
190011
190011
180562
180562
160108
160108
149840
148088
175372
175372
149840
148607
168372
168372
148607
147236
156355
187651
149840
146606
156355
187651
187651
186048
186048
186048
181431
181431
181431
181431
149840
148088
181431
159036
146823
159036
181431
185432
149840
146823
192995
192995
192995
189408
189408
148344
189408
166188
193291
193291
189408
189408
192995
185432
185432
189408
185432
185432
185432
185432
185432
185432
181431
192995
181431
166188
185432
166188
192995
146823
146823
181431
166188
155680
189408
149840
156355
166188
166188
192995
149840
189408
146823
147404
160108
160108
149840
147404
195100
195184
195100
195100
195100
145665
147404
160108
147404
148088
147236
147236
148607
148088
147404
148088
147404
147404
148344
172459
147034
165067
165067
147034
146823
165067
188873
188873
146823
188873
175372
188873
147121
148088
192995
146606
168763
192995
145758
145758
147236
168763
191385
181716
181716
181716
181716
191385
181716
148088
148344
146823
146606
181716
185006
159270
146823
168763
168763
146828
169014
176846
176846
168763
176235
176235
176235
176235
151690
151690
151690
151690
198080
147236
198080
198080
146728
198080
198080
176190
198080
176190
176190
198080
195873
195873
195873
195873
159167
159167
148607
146606
163664
173329
195873
182854
198080
182854
182854
173329
163664
159167
147236
163664
159167
149355
159167
147236
146823
152207
152207
147109
159613
147109
147109
146606
147121
146728
148607
146728
147121
159088
146728
146728
177778
177778
180429
180429
146606
193494
146728
159088
159088
145758
159088
180429
146606
180429
146606
146606
146728
148607
179424
146606
179424
146728
177778
176041
177778
176041
176041
146606
176041
146606
176030
176030
176030
152784
176030
174324
147236
174324
176030
174324
196061
196061
159088
185469
184444
184444
184444
184444
189005
143860
189005
184444
163143
163143
152784
184444
163143
163143
163143
163143
163143
181387
163143
159088
146606
146606
181387
181387
146186
146728
181387
152784
152784
145665
192798
189005
192798
192798
192798
147109
192798
192798
148607
146186
193562
176219
193562
193562
189005
146828
176219
176219
146828
146606
176219
146828
176219
176219
146828
146606
145758
146606
176219
176219
176219
176219
146823
176219
170434
170434
170434
170434
146606
170434
192916
183807
183807
190984
183807
176219
190984
189005
190984
183807
183807
183807
183807
181147
181329
198477
181329
198477
181329
198477
187208
181329
187208
170434
194574
194574
194574
170434
182565
145758
189005
170434
154648
176219
154648
176219
154648
176219
149469
149469
149469
170039
170039
170039
170039
170039
150906
176219
149469
146606
189005
149469
189005
170039
164393
145830
170039
176219
190239
190239
146186
146186
164393
189005
164393
147236
145830
146606
164393
146186
146186
146186
190239
146186
145830
145830
145830
145951
145758
170157
170157
145758
160521
145758
160521
145665
145152
145758
145758
160521
144146
160521
146693
170157
145665
144146
153951
160521
153951
153951
153951
189724
154322
153951
150737
153951
189005
150737
153951
160877
197026
197026
197026
197026
153951
197026
192040
150737
192040
150737
188578
145830
188578
148776
153951
187401
148776
153951
150737
150737
177811
148776
177811
177811
148776
148776
182351
182351
182351
182351
182351
182351
182351
153951
182351
148776
182159
182159
182159
182159
182159
145830
182159
182159
148776
182159
146706
146706
177785
146706
175212
175212
197637
166136
144979
145908
175212
146509
178896
178896
178896
178896
178896
144752
194934
194934
145665
164237
195877
164237
145665
199930
199930
146509
199930
199930
156403
177419
190129
177419
156403
156403
199930
190129
156403
146509
156403
156403
144979
156403
144864
144864
175236
190239
175236
175236
175236
154322
175236
175236
175236
175236
146509
144864
190239
177272
175236
145152
144346
144979
176193
176193
176193
176193
184740
184740
184740
184740
184740
184740
184740
184740
184740
184740
184740
184740
184740
176193
176193
184740
176193
165507
184740
184740
165507
165507
176193
190239
176193
149355
149355
147236
149355
178773
178773
178773
193742
193742
193742
193742
193742
178773
178773
193742
193742
193742
193742
193742
193742
178773
177280
177280
177280
177280
161651
161651
161651
149355
161651
161651
149297
178399
178399
149355
178399
186910
186910
149355
178399
161079
178399
149355
178399
147184
165507
148735
147184
194941
144346
194941
147236
148583
147184
147184
147184
195480
173012
147236
195480
173012
173012
146642
147184
144292
189647
189647
169407
169407
169407
169407
173627
169407
169407
169407
169407
147184
169407
153285
179276
147184
179276
153285
179276
179276
153285
153285
179276
179276
179276
179276
153285
149396
149396
149396
149396
147815
169407
147815
148931
149355
146642
148931
148931
188786
148931
188786
146449
146642
146642
146642
163172
163172
163172
190764
163172
190764
146642
197780
188161
155778
190764
190764
190764
146449
146449
155778
199464
199464
155778
188161
188161
155778
146449
178460
186922
186922
186922
186922
186922
178460
186922
178460
188161
186922
178460
197887
197887
178460
178460
186922
178284
178284
197887
178460
170053
186922
178460
184965
178284
184154
184154
188161
184154
188161
184154
184154
178460
178460
184154
187112
187112
178460
187112
184154
178460
178460
178460
178460
178460
189005
178460
178284
178284
178284
186942
186942
178460
186942
178460
186942
186942
198989
186942
186942
178284
186942
186942
170053
197755
183337
183337
189005
183337
198989
166665
198989
175721
178460
178284
149004
175721
170292
175721
170292
189005
166665
164960
166665
170053
184154
184154
166665
166665
162966
170292
166665
166665
164960
164960
169407
162966
164960
189005
177129
177129
177129
177129
162843
162843
162843
162843
162843
162843
162843
162843
159518
184874
184874
184874
178095
184874
184874
151580
184874
184874
184874
178095
184874
184874
184874
184874
178095
178095
160627
160627
160627
165507
164166
164166
164166
164166
179788
179788
179788
179788
156478
156478
156478
156478
156478
156478
156478
165507
156478
156478
170292
152966
164496
170510
164496
186071
164496
186071
156478
186071
156478
186071
152966
177192
177192
189005
177192
177192
155350
177192
177192
156478
170510
170510
170510
155350
160365
160365
149755
183188
183188
156478
160365
160365
155778
156478
160365
149755
155350
160365
160365
155778
160365
160365
179788
152966
165507
152966
148931
149004
152966
151580
152966
152966
149004
170292
152044
152044
149895
170292
149895
149004
147954
152044
149004
147954
165507
170292
170292
148931
147954
152044
147954
146642
152044
146728
152044
147954
147954
147954
170292
149004
145968
159113
192547
152044
167388
167388
167388
160203
148931
167388
159113
159113
147394
148931
150695
183705
183705
183705
145968
150695
152044
150695
150695
152044
146642
146642
147954
172616
178565
178565
178565
178565
178565
185180
185180
185180
185180
195175
195175
185180
195175
180225
195175
183569
166409
183569
178565
183569
180225
183569
180225
178565
178565
178565
178565
178565
190070
166409
190070
199475
199475
178565
166409
199475
166409
189005
178565
172616
168091
172616
178565
172616
160890
166409
166409
161482
182856
182856
164923
159946
160890
159946
160890
165539
157218
165539
165539
165539
164923
165539
182856
165539
146462
165539
163728
159946
157218
147184
163728
147184
159946
163728
175397
175397
175397
175397
152601
163728
163728
146449
164923
152601
152601
152601
187900
194436
187900
187900
156231
187900
156231
194436
187900
176085
171253
164923
156231
152601
176085
152601
176085
176085
176085
171253
171253
197824
199686
197824
164923
199686
197824
170034
165324
170034
170034
171253
165324
173915
173915
189005
173915
171253
171253
173915
152601
171253
156231
183127
156231
192601
147081
192601
192791
192791
163052
152601
158509
192791
163052
164923
152601
158509
170034
163052
163052
169057
169057
158509
158509
158509
158509
162123
152601
158509
163728
158509
158509
162123
152601
162123
152601
193854
152601
152601
147081
183699
183699
172631
172631
164923
152601
152601
152601
152601
147954
147954
146462
172631
163052
174998
174998
145968
147954
148931
164923
145968
147954
145968
144898
195838
195838
146449
145968
146462
145968
186998
186998
186998
186998
153068
172631
146449
173237
173237
173237
173237
173237
151721
149548
146289
149548
163728
145968
163052
163052
149548
144898
144346
146462
149548
167839
187238
167839
147769
144898
146462
181753
187238
181753
166075
187238
187238
167839
187238
187238
187238
147769
167630
166075
187238
147769
166075
166075
147769
166075
146449
144346
166075
167630
164694
164694
167630
187238
195392
144146
195392
146462
195392
184378
145904
184378
144346
147184
164694
147769
144146
144146
145904
144292
196402
183417
196402
164694
146656
166075
166075
146656
146656
147769
164923
164694
147954
175052
183233
183233
183233
183233
183233
188525
188525
188525
188525
188525
188525
188525
183233
183233
183233
183233
183233
183233
183233
178300
178250
183233
186575
151183
173886
183233
188525
178250
188525
189005
189005
178250
178250
173886
183233
179466
178250
179466
178250
173886
192741
192741
179466
173886
192741
173886
179466
179466
179466
173886
179466
170145
170145
178250
192741
178250
183233
173886
151183
192027
181971
157539
181971
192027
192027
170145
175052
173886
170145
175052
183233
170145
170145
173886
157539
161771
151183
199341
173886
199341
164561
170145
164561
178250
173886
178250
158183
151183
195398
162502
168435
195398
195366
195366
166075
162502
162502
162502
167401
169479
167630
165346
165346
165346
169479
183950
169479
169479
157539
190671
190671
190671
166075
183233
150930
158183
166075
166075
158183
169479
162502
169479
162502
154717
169479
150930
167630
166075
171729
167630
171729
171729
197588
188224
188224
171729
171729
171729
169294
169294
197588
169294
169294
169294
176712
199235
169294
199235
169294
199235
157559
171574
171574
171574
165224
167401
163000
167401
178250
162502
161771
167401
163000
161771
170292
157559
167630
178250
191105
191105
164694
170292
170292
164561
157559
163000
157559
157559
176279
178250
161771
157559
167630
164694
191057
167630
157559
164694
155123
162502
155123
178594
180673
178594
146656
180673
181923
181923
181923
181923
155123
181923
155123
180673
180673
180673
180673
189005
155123
178594
178594
151183
180673
155123
180319
151183
165878
180673
180319
151633
155123
150930
151183
151183
165878
155123
146656
147871
151183
162502
151183
178250
164561
151633
178091
178091
146656
162502
162502
149240
151183
179830
167630
147871
151633
179703
164561
179703
179703
179703
179703
179703
167630
179703
159848
159848
159848
159848
159848
159848
167630
159848
159848
159848
167493
159848
164561
159848
167493
167493
159848
159277
167630
159848
159277
159848
164561
165378
186296
159848
167630
161771
159848
159277
149240
174873
196608
193825
159848
164694
155722
149240
159848
157559
164694
146656
149240
164694
159277
182357
154717
153909
162502
180673
197387
197387
183389
183389
162502
149227
149227
147871
155123
147871
146656
147871
150517
150517
165507
162321
162321
145968
162321
199723
147871
157766
144146
157559
146656
154717
147871
178250
151183
154717
180794
193517
147871
161771
180787
180787
146449
144146
144146
146529
146529
144146
155123
144146
165507
155123
146529
144146
146449
147871
146449
153909
161771
182556
182556
182556
178250
144146
144146
146449
157684
183410
151633
146449
144292
180673
163052
146529
144146
188101
188101
188101
188101
146529
161771
151633
149102
151183
151183
171180
149603
160163
160163
146462
145904
151183
144146
171372
144110
161771
145904
151183
146462
146462
154717
151183
148004
171282
171282
148004
148004
171282
163052
144089
161771
171282
148004
148004
151633
153909
163052
144089
149603
153909
144110
151183
148004
164923
151183
144292
163728
188682
149603
162471
162471
164923
162471
162471
155518
164923
162471
162471
159848
157649
190447
157649
155518
171282
157649
189042
189042
171282
157649
157649
151233
155518
157649
151233
189042
155518
152044
151233
199212
189042
199212
189783
189783
199543
189728
199543
199543
199543
189728
189728
199543
189728
189783
151233
182923
182923
182923
151233
182923
193547
193547
151233
182923
193547
182923
193547
156907
189783
189783
153793
153793
153793
193547
144977
193547
182770
182770
161600
184141
151233
183437
195103
195103
186030
186030
186030
183437
186030
151233
151233
144110
186030
151233
161600
176416
176416
161600
161600
144146
151233
144089
155490
159788
155490
144089
186547
186547
144110
151233
167781
167781
158195
167781
195251
151233
167781
186547
152600
151233
167781
144089
180982
180982
153824
180982
180982
180982
144089
182667
182667
190434
190434
190434
162809
162809
183672
190434
144110
190434
190434
177622
177622
183672
144110
162809
144089
167781
183672
158195
166316
183672
151233
190434
186752
186752
186752
186752
190434
186752
148433
151233
160993
186752
151233
186752
153824
153793
153793
144146
151233
183672
190434
155518
144977
186752
175991
154308
154308
154308
154308
197305
197305
180391
197305
172924
144517
165507
182189
180391
180391
172924
172924
172924
144089
144346
177347
177347
152303
152303
172924
180391
182189
177347
169766
177347
157387
152303
182189
177347
144110
180391
177347
157387
157387
180982
177347
147034
149603
189042
184581
184581
158123
184581
189042
158123
158123
158123
151377
151377
151377
189783
151377
144089
158123
148433
183049
148524
180982
148524
148524
148524
177347
182189
189042
144089
144517
144146
149603
149603
182189
159848
199715
165507
149603
144146
199720
151721
144977
199720
199720
144517
191800
191800
146289
197984
197984
182189
161890
161890
161890
161890
157813
198331
157813
185617
157813
157813
157813
185617
157813
143886
198331
198331
150266
185617
185617
143886
151233
185617
185617
150266
151633
150266
185617
185617
185617
185617
155518
188895
155518
188895
188895
164986
164986
185617
192474
174848
174848
164986
174848
174848
148433
174848
192474
192474
174848
174848
189783
173308
166516
198008
198008
198008
166516
185617
166516
161918
161918
161918
161918
161918
161918
161918
157903
194379
157903
153386
153386
153793
157903
153386
161276
161276
145095
189783
183994
183994
183994
183994
183994
152230
191986
191986
143861
159088
177563
172839
144089
153793
177563
177563
149603
177236
177236
177563
193311
197425
197425
197425
197425
197425
146462
191814
191814
197425
191814
146462
144089
172839
172839
168008
199410
199410
199410
168008
144517
189783
177563
197966
197966
197966
197966
197966
197966
197966
197966
197966
156382
189805
197966
197966
189805
181706
197966
189805
197966
181706
189805
199410
181706
144089
156382
189805
156382
181706
143886
189042
179418
161276
144517
189805
189805
179418
189805
160767
154983
179418
189783
189805
181706
177563
165568
195099
179418
181706
199410
179418
179418
160932
165568
199410
176161
165568
179418
160932
181706
165568
179418
165568
165568
179418
160932
161276
157281
189042
179418
160932
160932
161276
179418
160932
160932
168830
160932
160932
168830
179418
160932
160932
160932
160932
160932
155341
160932
172285
160767
154983
160767
161276
172285
172285
155341
157281
177563
153793
149644
149644
149644
149644
149644
152373
146837
144110
147871
144110
147871
144089
161276
155518
186549
186549
154728
186549
189455
189455
189455
189455
189455
154728
182534
175164
182534
182534
180554
189455
189455
182534
151183
179989
180554
189455
189781
189455
180554
175164
189781
189781
189781
189781
189455
189781
175164
189455
189455
155518
189455
196874
174730
174730
189455
174730
161638
164923
164923
179296
151721
164923
164923
148861
179296
164923
164923
164923
164923
164923
144675
198586
198586
186181
149603
186181
143860
175382
148861
152373
175382
144089
151633
151633
144146
143860
144146
196874
144146
148861
143860
181160
186584
181160
181160
186181
187745
187745
182189
176984
196874
143714
147919
186584
149243
186584
161771
147871
146837
146145
161771
182189
158329
144915
146289
147871
146145
158329
151183
182319
148433
147871
151183
196874
188968
188968
188968
161276
195049
147871
182319
186181
146289
144089
146837
161771
167589
167589
167589
143714
167589
167589
178244
178244
178244
178244
178244
178244
178244
182319
178244
178244
167589
178244
182319
167589
182319
187614
167589
144089
187614
182319
187614
182319
178244
144089
187614
143714
187614
186658
187614
186658
186658
182319
186247
186247
178244
182319
176823
191735
178244
175773
182319
176823
175773
175773
173897
181344
181344
181344
181344
170331
181344
181344
175773
197794
169964
175773
185159
185159
172047
176823
197380
172047
197380
197380
172047
172047
176823
155561
154397
167589
170331
170331
159001
159001
176823
155518
170331
176823
155262
159001
159001
177563
176823
157387
147871
149921
181657
181657
181657
181657
186181
155845
159088
154717
151633
149921
192093
162997
168982
151633
147489
147489
162997
151633
163481
162997
155262
155262
147489
147489
186181
150476
172100
155262
155262
163481
172100
172100
165732
186181
150476
152373
178344
178344
173147
173147
196061
196061
196061
173147
154717
178344
163632
168212
168212
163632
168212
170238
170238
157248
189863
168212
189863
170238
185699
170238
189863
189863
157248
157248
151759
154528
178222
151759
154528
151051
151759
152373
147489
151051
147769
146462
184385
143860
156148
156148
191939
160930
156148
156148
184385
156148
156148
156148
160228
156148
191939
149243
172406
172406
184385
172406
143860
155453
172406
153793
156769
156769
153461
153461
147489
153461
149880
147489
149849
184385
177563
159848
161771
147489
172636
172636
166724
143831
172636
172636
172636
172636
143831
143860
172636
144517
172636
172636
180407
180407
172636
172636
143860
172636
166724
176823
143831
193746
193746
193746
193746
193746
193746
193746
172636
193746
193746
193746
171889
160344
160344
149603
160344
166724
166724
160344
160344
152078
152078
152078
149849
160344
152078
160344
153793
152078
160344
151633
184683
177826
171007
152078
143831
147290
143831
150028
160344
150028
182189
149849
149849
146289
149849
149849
149603
160228
143831
160205
145968
146145
146529
150476
147489
143831
144089
149603
160228
148433
143831
147769
199796
181670
199796
181670
181670
181670
181670
181670
199796
181670
199796
162868
177826
151183
160228
177826
182189
163030
163030
153793
185354
185354
185354
185354
185354
185354
163030
163030
185354
185354
158068
161771
151633
160228
161276
153793
159848
143831
153793
146289
147184
161779
179349
146145
149130
152601
143860
144194
188535
160854
160854
160854
160854
160854
160854
160854
160854
179859
179859
179859
179859
179859
179859
160854
196334
196334
179859
179348
196334
179348
179348
179348
160854
179348
179348
160854
176938
166944
176938
176938
199379
176938
199379
182003
182003
182003
182003
182003
182003
160854
176938
176938
182053
182053
182053
199379
199379
182053
176938
182053
176938
199379
182053
182053
182053
196779
174463
174463
182003
174463
156651
160854
166944
166944
160854
156651
160854
182211
156651
149130
149130
149130
144296
161883
190608
156651
144296
156651
179028
154846
187488
190608
177691
161883
156651
173852
190608
177691
183854
173852
163641
147184
154846
149243
147954
149130
154846
146289
163641
146289
173852
146145
149243
163641
144296
183854
163641
152044
149548
144296
149596
149596
183854
149596
149596
183854
149596
157882
163641
163641
163641
150234
150234
152709
152709
152709
150234
157882
174447
174447
163641
174447
174447
163942
163942
178873
163942
153081
163942
163942
163942
176840
177563
153081
176840
153081
157354
157354
157354
154846
153787
153787
153787
152709
153081
153081
182053
187395
187395
169133
187395
186914
169133
187395
186914
199005
199005
199005
169133
169133
199005
169133
169133
199005
187395
199005
169133
199005
169133
199005
186914
199005
164737
169133
169133
164737
169133
199005
199005
169133
185356
164737
186418
182053
177978
177978
177978
169275
169275
164737
169133
169275
161512
164737
164737
175976
156828
156828
175976
156828
156828
156828
161512
177563
165184
175976
175976
164737
165184
177826
161512
175976
175976
169133
177826
156828
175976
175976
153081
186504
186504
186504
172817
186504
186504
186504
165184
172817
186504
186504
172817
175976
172817
172817
172817
156828
156828
156828
153081
152899
175976
156828
156828
153081
156828
171818
171818
146587
171818
154624
196183
196183
179820
154624
154624
153081
169133
169133
154624
154624
177563
149596
154624
154624
176840
153081
152709
175130
175130
175130
175130
176840
176840
156123
152899
152899
152899
175130
152709
176597
149596
175130
176840
175130
152899
152709
175130
149596
149596
159971
154624
175130
152709
175130
149596
152601
152709
156123
147769
149596
181548
181548
181548
152709
150234
176823
146587
149243
152601
158758
158758
146587
150234
147184
160048
176823
180414
180414
180414
160048
160048
151026
199298
160048
160048
199298
147222
156123
191213
199298
175976
191213
191213
175130
191213
174979
174979
191213
174979
191213
170704
170704
170704
175976
154744
170704
175976
146587
151751
146587
175976
155420
155420
175130
170704
155420
155420
146462
170725
170725
157460
170725
157460
170725
170725
170725
157460
170725
171806
171806
171806
181670
164511
155420
164511
175130
164511
181670
184896
184896
146145
153192
146597
184896
153192
149548
181670
184896
170704
157911
157911
181670
181670
155407
170704
181670
181670
181670
155407
192474
155407
164393
177563
166067
170704
155407
164393
154744
170725
166067
164393
170725
170704
164393
164393
162621
170704
164393
166067
184174
184174
184174
184174
164393
155420
164393
169275
162621
152376
156123
159971
169275
175976
169133
175935
155407
195017
152031
195017
147184
195017
155407
163414
163414
163414
163414
163414
176229
163414
176229
176229
176229
193998
163414
148433
152031
152376
169275
151789
159233
159233
159233
147830
159233
147830
159233
159070
198765
147830
166067
152031
159070
151789
159233
152044
151633
183292
183292
183292
183292
183292
148433
154355
152031
159070
159070
169133
155188
155188
147954
156123
155407
155407
155407
171161
171161
166067
160056
171161
152601
160056
160056
160056
160056
160056
151393
156123
167772
167772
167772
167772
167772
167772
160056
160056
160056
181670
152031
154342
154342
163691
163691
163691
165344
197645
151393
197645
151393
152709
151789
151393
151393
154624
151393
151393
152031
159971
152376
152031
171734
163052
171734
171734
171734
171734
151393
151789
152031
152376
159088
162511
170355
151393
195092
195092
195092
195092
152044
195092
164938
195092
152376
195092
164938
195092
151583
164938
164938
170355
154624
151393
150916
151751
151393
151751
162502
151393
154624
159971
151393
164307
164307
164307
164307
150916
164307
164307
164307
154342
152601
152759
152759
152759
154342
152759
150916
154342
152759
154624
151789
152759
159630
152709
152709
159630
151393
153608
150916
151583
150916
150916
151393
191815
191815
146642
152709
151026
181670
146988
195818
195818
195818
146642
195818
195818
195818
179258
166773
166773
195818
166773
179258
166773
146642
195818
147184
151233
149653
178339
166773
146642
196926
196926
178339
178339
166773
166773
166773
151233
166773
178339
160432
166773
149653
178339
166773
166773
147184
166773
166773
166773
156099
180914
180914
146597
160432
181670
195818
151583
151233
151233
151233
151751
151583
168602
168602
152601
151183
151751
151583
149077
150916
175940
171949
199263
160930
168501
195818
149077
151583
181514
181514
181514
165439
191591
165439
151183
165439
159971
152601
152601
180900
180900
180900
150916
191589
195925
147024
191589
191589
146597
191589
170402
170402
190758
190758
151233
195818
190758
195818
149653
146193
170402
170402
170402
170402
151233
195047
195047
190767
170358
170402
167703
171120
190792
190792
190792
167703
171120
171120
171120
171120
171120
190792
181868
181868
167703
157387
170402
170402
185471
149653
149653
170402
149548
146642
167703
185471
167703
149653
145629
167703
147954
167703
146587
165439
165439
171120
146193
149653
146103
185471
146642
185471
165439
146597
185471
149548
149548
151026
145257
150916
147184
146103
185471
148583
171120
185471
171120
151583
170524
170524
193091
193091
149077
193091
148583
170358
146193
151583
148583
149653
171120
171120
146587
149653
170358
149653
181868
170358
151026
170358
170358
171120
149653
165439
149653
149510
149653
151026
181868
151026
146193
185471
148931
170358
149510
170358
192533
185471
146103
149653
192533
193091
183145
199431
192533
199431
148583
199431
150234
192533
172669
172669
150234
183145
172669
196081
196081
196081
196081
196081
183145
196081
196081
196081
188462
178846
185471
161753
172669
196782
156850
161753
156250
156250
161753
185471
174366
174366
174366
183145
174251
174251
174251
174251
156250
174251
156250
185471
174251
174251
198170
198170
198170
156250
198170
156250
165439
183145
185471
156250
155393
146193
174251
176086
176086
176086
176086
184184
184184
184184
184184
176086
183650
184184
184184
184184
184184
174548
176086
184184
184184
164715
174366
176086
183145
169622
170358
185471
169622
169622
169622
169622
169622
171305
169622
169622
173136
183145
181868
174366
173136
198865
173136
164715
198865
183145
182524
182524
157880
167994
155393
167994
186538
186538
165439
181868
155709
169622
181868
169622
167994
173136
167994
157794
167994
167994
157880
161753
181868
157794
155709
181868
181868
165439
157794
164567
156250
168578
168578
191186
191186
191186
169622
168578
168578
165439
161753
155393
155393
155393
155393
150312
161753
177528
155393
179314
155709
179314
195851
195851
195851
152236
179314
195851
155393
179314
152236
154194
152236
154717
152236
176041
154194
155393
150312
176041
154194
158773
158773
158773
169581
158773
159936
159936
152236
154194
172469
172469
194793
172469
152236
154194
152236
175693
175693
175693
175693
175693
175693
152236
175693
175693
175693
172469
172469
175693
175693
169987
169987
175555
175555
169987
175555
169987
152236
169589
175555
169987
169987
175555
169987
169589
169589
169987
173136
155624
154194
159775
155624
169589
157387
157387
169589
169589
154194
155624
150312
159775
159775
175555
173136
175555
152088
146587
152236
173658
173658
199182
199182
190355
199182
190355
185160
199182
173658
199182
155624
199182
199182
173658
165699
173658
173658
165699
173658
165699
172773
172773
172773
172773
198431
198431
198431
198431
189730
182862
189730
189730
195771
194493
194493
189730
172303
172303
189730
165699
189730
177563
178967
172542
182862
182862
194861
178967
194861
178967
194861
152044
189060
194861
186253
178967
178967
172542
172303
172303
172303
172303
172542
169581
171230
173136
171596
199132
171596
175555
173573
173573
173573
173573
173573
173573
173573
173573
155941
171596
170157
171230
196609
171230
165699
171230
170157
175836
175836
175836
170157
155941
188044
196609
170157
184215
188044
168158
168158
168158
188044
175836
171071
158411
175836
165699
196609
156896
175836
155941
158411
158411
168158
155941
175836
175836
175836
156896
155941
155941
166237
181808
156896
156896
156896
156896
152236
155941
156896
155941
183706
183706
183706
187195
187195
165699
155941
166237
156108
172415
156896
155941
155770
165699
152586
175836
165702
165699
165699
164902
158411
155941
152586
158411
154193
168429
168429
175836
165699
156896
154193
168429
155941
155776
165699
152236
189749
189749
152236
155941
165699
168429
154193
155770
156108
157794
196609
164771
156890
164771
164771
165699
155941
164771
190406
190406
164771
152586
164771
164771
156890
155941
196609
190406
190406
152236
150730
172415
171646
168429
172415
196298
164771
177563
155941
176479
188044
172415
172415
152600
198497
198497
152586
176479
176479
176479
165110
176479
165110
165110
198497
168954
168954
168954
168954
168954
168954
168954
198497
184301
171596
168954
184301
168954
184301
165110
152160
184301
184301
184301
168954
198497
168954
152586
168954
198497
152586
152586
164315
164315
168954
198497
164315
164315
164315
164315
152160
152236
199433
199433
199433
199433
150730
152160
152160
181113
163843
149077
163843
181113
164149
188044
163843
163843
163843
163843
164149
163843
168954
163843
163843
163843
163843
198497
163843
168954
164315
163843
163843
152160
163843
158069
163843
171596
163843
163843
163843
163843
163065
163843
163843
158069
163065
164771
163065
171596
163843
158069
163065
152088
198078
198078
198078
198078
155563
155563
152088
198078
158069
198497
158069
163065
155941
163065
163065
152088
155563
155941
164771
155941
163843
156250
156890
155894
156108
198497
198497
187714
152088
148181
154344
181581
188044
150730
164771
181581
181581
163065
189408
150674
189408
189408
153801
152644
152644
155894
153801
152644
181581
150730
169814
156250
185808
185808
177892
150730
181581
152644
169814
169814
169814
185808
150730
150730
169814
169814
169814
167695
167695
167695
169814
181581
167695
181629
181629
181629
181629
181629
168257
168257
167695
181629
161182
180553
180553
164945
169814
167695
177434
161182
185808
185808
161182
169814
150730
150730
194931
152644
194931
177434
167695
192984
192984
169814
156728
156728
150197
163931
173959
161182
173959
161182
173959
192588
173959
161182
192588
173959
161182
156108
156108
156728
187133
156728
187133
187133
173621
173621
187133
169814
163931
148181
150197
191647
169814
194259
156250
194259
194259
194259
169814
150197
169814
191647
156728
152350
156728
169814
192905
168257
150197
169814
148181
161182
168257
163065
163065
188044
152350
169195
181581
167695
156728
156728
148181
149596
185808
181581
192905
156728
161182
150197
189231
162234
162234
189231
186213
164771
186213
182599
182599
152350
189231
182599
183993
189231
152350
186213
185808
168429
156728
156728
150197
181581
167695
162234
162234
179168
179168
162234
152350
152350
165846
168429
165846
165846
150674
170937
168429
171590
171590
171590
164771
167695
171590
152644
152350
155546
152350
152350
152644
163931
155546
175802
163931
155546
175802
155546
175802
154398
154398
155546
154398
163931
155546
164771
149596
149645
152350
149596
154398
161182
155941
175836
149596
146908
155546
173621
158302
179377
179377
152088
179377
173621
155941
149645
149596
147730
173621
191391
191391
155941
191391
191391
155546
152350
146908
155941
156108
149645
149700
152350
155894
149645
152644
146908
170937
152350
152350
152644
188044
156108
188044
147222
146908
169581
152088
163279
163279
155894
161182
195277
195277
195277
195277
189366
146908
195340
185630
195340
191936
189366
191936
191936
189366
189366
191936
185630
174934
185630
185630
185630
174934
169581
166994
168385
168385
168385
168385
168385
175305
175305
175305
175305
175305
175305
175305
168385
168385
158258
158258
155317
175305
158258
175305
194052
161866
175305
175305
168595
175305
161866
168595
161866
168595
172541
172541
172541
161866
172541
161866
161866
161866
161866
161866
158258
170470
158258
158258
161866
170470
159064
159064
159064
159064
168595
159064
159064
159064
155716
155716
159064
155716
185808
169420
199211
169420
185808
185808
181116
199211
155716
168595
169420
199211
154854
171596
168595
188855
181116
181116
181116
181116
155716
168595
181116
181116
181116
154631
199211
154631
181116
155716
155716
150084
159064
168595
199211
155894
175836
199211
159064
155941
155716
171596
156346
156346
155716
150684
155716
155716
156346
150684
154631
176650
197739
189970
197739
197739
189970
180307
189970
180307
176650
176650
154631
176650
176650
176650
154555
175836
154631
176650
156108
154631
155709
173300
173300
154555
154854
154555
175305
171596
175836
152350
150084
170531
170531
170531
152350
154555
165941
165941
179601
179601
179601
167695
179601
179601
179601
155894
179601
155709
159064
154555
194087
155709
194087
179601
194087
192862
194087
195088
192862
195088
155709
154555
177591
155894
162854
170531
152116
166200
152350
152350
154555
161866
155317
155393
172415
153671
154555
175836
153671
175836
168595
167811
185504
155894
153671
167811
172902
198957
198957
198957
198957
198957
198957
152350
191296
191296
167811
191296
167811
172902
167811
167811
167811
150684
172902
150084
150684
183016
185575
185575
185575
185575
185575
150684
172902
172902
150684
150684
172902
166220
166220
166220
183016
183016
166220
172902
188689
166220
150684
188689
188689
188689
188689
159064
166220
166220
183016
152350
166220
153671
156108
150084
155709
150084
162234
152116
183016
155317
150684
150084
155894
152116
152116
155894
150684
154854
153671
152713
152713
153671
152713
152713
171596
150084
187809
194807
187809
187809
194807
194807
194807
187809
185761
150084
161182
178615
175807
175807
175807
175807
178615
178615
175807
178615
152713
154828
195201
195201
158302
182268
182268
182268
194520
194520
194520
194520
184031
189578
194520
194520
152713
178143
184031
184031
182268
184031
189313
184031
161357
182268
182268
182268
184031
189313
189313
175305
151187
185273
185273
185273
185273
151107
185273
185273
185273
155709
184031
175836
151335
184031
152713
151335
154828
152350
163931
163843
155709
154555
150227
151107
150227
161182
175305
151107
176753
155317
171596
150227
151107
175836
172415
150865
150865
150865
150865
188748
188748
152713
154854
168564
150865
154854
152713
168564
150865
168564
168564
155894
150865
154555
150865
183127
150227
183127
168564
168564
154261
156108
170606
170606
170606
162199
151107
162199
162199
162199
155546
170503
170503
170503
161182
170503
170503
171596
183016
170503
154261
162199
154854
174395
174395
174395
174395
154261
174395
174395
174395
191460
176381
176381
176381
174395
174395
174395
174395
169942
169942
169942
195127
154555
154828
195127
191460
182197
191460
150865
169942
169942
169942
169942
153438
162199
162199
162199
162199
155709
162199
153438
169942
150865
191460
162199
157487
191460
166801
154555
150084
153438
154261
154555
154261
150084
153438
191460
166801
166801
161182
150084
154194
153438
154194
176012
150684
150684
150865
170937
172469
192812
192812
192812
192812
192812
192812
150227
188203
188203
192812
150865
192812
162315
162315
162315
162315
183974
162315
183974
159326
180706
163931
162361
191073
162361
191073
150084
154631
191073
191073
162361
162361
150084
162361
153671
150084
150084
150227
150084
194528
194528
194528
194528
194528
150227
155317
197882
152713
153671
156108
190954
190954
150084
194528
194528
154194
189119
194528
153671
189119
153801
190954
189119
190954
189119
166994
190954
189119
153801
153801
196351
189119
189119
163994
185436
153671
166994
163994
151903
153801
185968
158955
161143
161143
158955
161143
169660
158955
154631
175836
166994
159253
158955
151903
158955
193934
169581
175836
158955
158955
158955
158955
158670
153801
151903
190954
151903
197357
152350
150084
193710
193710
193710
197357
187473
187473
193710
193710
193710
193710
158773
187473
187473
176569
187473
193710
172095
179208
176569
179208
176569
189071
189071
188657
189071
189071
189071
177495
177495
177495
177495
177495
176569
197357
176569
172095
172095
172095
198621
176569
176569
198621
197357
172095
172095
172095
197357
164827
158378
158378
164827
164827
164827
150232
197357
151903
153801
158773
151903
187915
187915
151903
171596
171596
153719
151903
153719
153719
154828
153719
153719
152644
153719
150232
154903
153671
153671
153671
153801
176393
176393
176393
172469
164315
156108
154903
197647
176393
156108
150232
150232
183016
155115
152350
150227
150232
179442
179442
156108
176145
175831
187444
187444
176145
151237
175831
176145
176145
176145
175831
176145
170111
176145
175831
151237
152713
176145
151237
170111
176145
175831
175831
151237
170111
198336
194618
198336
198336
194618
163641
198359
198359
198359
198359
198359
198359
198359
148726
198359
198359
198359
198359
198359
198359
198359
198359
191135
191135
193425
198359
170111
164440
164440
164440
164440
185137
169417
169417
163641
185137
162578
162578
160611
185137
184289
184289
198359
169011
183042
183042
198336
169011
190997
183042
190997
176591
183042
183042
170576
176591
176591
176591
185137
170576
183042
176591
185137
170576
178702
176591
178702
176591
183042
192577
192577
192577
192577
176591
193712
198331
176591
176591
161585
176591
176591
176591
198336
176591
176591
170576
176591
181697
198336
181697
181697
169011
181697
160463
176591
176591
160463
160463
181697
169011
176591
185137
176591
168933
185137
182945
182945
180803
180803
185137
180803
174335
176591
180803
168933
180803
188235
181786
175351
181963
176591
184137
175351
184137
184137
175351
184137
176591
181963
179568
180803
176591
179568
183042
190219
190219
190219
190219
181212
181212
176591
181212
190219
179568
180803
190219
181786
180803
180803
190219
179668
179668
180803
180803
195651
195651
195651
179568
175351
195651
179568
179568
195651
195651
195651
195651
195651
175357
179568
175357
175351
180803
177798
175357
195651
175351
177798
195651
177798
175351
179668
195651
199272
199272
199272
199272
175351
199272
175351
199272
175351
175351
179668
175351
195651
179568
195651
195651
191107
195651
191107
175351
195651
195651
175351
198043
175351
179668
195651
177798
175351
175351
177798
175351
175351
175351
195651
179568
195651
175351
195651
175351
179568
177798
175351
175351
191107
174446
198441
198441
177798
198441
198441
181786
192786
174446
192786
190219
177798
168674
168674
186246
175351
169011
187110
183445
169011
169459
159918
187110
175351
186246
162754
186246
179568
171898
168363
169459
169459
169459
167893
184998
167893
168674
168674
177798
169826
169826
169826
169826
184998
179568
191150
175351
191150
157306
191150
191150
191150
169826
177798
183042
169826
176661
176661
181212
176661
183370
186218
183370
181212
176661
176661
169826
168363
187206
180803
187206
180803
180803
180803
180803
168674
161357
168363
180803
168844
158462
164508
168844
191168
191168
192732
192732
191168
192732
191168
191168
191168
192732
193989
168363
160008
164155
188463
188463
160008
199004
199004
199004
188463
199004
170288
175446
167207
188463
170288
188463
169359
175446
188463
188463
188463
175446
188463
188463
169359
169359
177798
166249
168844
166249
172306
168844
166249
170288
166249
166249
172306
167207
167207
172306
187573
180430
180430
167207
168363
175046
175046
196906
196906
168363
196906
196906
196906
164155
170576
170576
196906
167207
167207
170576
165391
196906
157306
168363
170576
170576
194324
185194
185194
185194
185194
185194
172990
170576
168363
171596
194522
195689
195689
170288
195689
195689
195689
192188
196906
192188
194522
189028
168363
168167
170288
170288
170288
191337
194022
194022
169238
194022
190872
194022
183368
194022
183368
168167
168167
168167
190872
183368
183368
183368
170288
168167
190872
169238
168167
168167
169238
163896
168167
164155
169238
168167
168167
167684
169238
167684
169238
163896
168167
170576
168167
174755
164155
174755
165391
168167
172469
183690
183690
183690
171596
183690
167207
185995
182668
182668
172382
182668
172382
172382
164508
168167
172382
172382
164155
170576
170576
163896
168167
174475
174475
164155
163896
163896
163896
173808
169238
173808
173808
173808
164155
160008
173808
165391
173808
164155
163896
163831
165391
172382
163896
173808
168167
167191
168167
165391
167191
163831
160008
163831
168811
168811
163831
168167
164155
158490
160008
164155
165671
168167
170576
160008
164155
160008
164155
164155
159918
165278
168167
171596
158490
168167
168167
184976
184976
163831
160008
193200
168167
158490
157306
168167
168167
163831
160008
158490
165391
196196
196196
196196
196196
158490
170288
162754
165278
196196
163831
168167
181393
181393
159918
162754
160313
161616
170288
165278
154351
158490
196196
158490
191126
194268
191126
154351
191126
191126
191126
154351
191126
191126
191126
191126
191126
191126
161189
191126
159918
162561
191126
191126
180653
180653
189879
180653
180653
180653
189083
189083
189083
189083
189083
189083
170114
172983
162561
170114
167191
170114
162561
170114
170114
170114
166206
166206
162561
158490
159918
163831
158490
162754
158490
156476
157306
196225
158490
158490
164638
196225
164638
170288
170114
170114
160313
163831
157372
166206
166206
163831
158490
194073
199302
197554
199302
197554
197554
167351
194073
181195
185461
194073
185461
185461
185461
185461
179416
185461
182842
182842
182842
179667
179416
179667
182842
179667
182842
179667
179667
179416
182842
182842
179416
182842
181195
172907
179667
172907
179416
172065
179667
179667
179667
172907
172065
170954
172065
172907
172065
170954
172065
172065
170954
179667
167418
170954
172065
170954
179667
170954
170505
170954
170954
170954
170505
170505
170954
172415
175305
170505
170954
184975
195969
195969
166757
184975
184975
184315
184975
184315
184975
184315
184975
184975
184975
184315
184975
184315
184975
170505
184315
184315
170954
184315
167418
184315
167351
170505
184315
170954
170954
170505
159064
184315
170505
167351
184315
167418
175305
170954
167418
167418
184315
170954
198364
167418
198364
160313
176671
198364
169880
176671
176671
176671
170954
176671
183472
183472
176671
176671
183472
176671
176671
176671
176671
176671
176671
170114
169880
169880
169880
169880
169880
170954
158859
170954
175959
175959
175959
169880
169880
158859
158859
186347
186347
186347
186347
196214
182290
179142
158930
160313
179142
179142
179142
169880
179142
175494
196541
196541
196541
196541
196541
179142
179142
166757
196541
196541
197880
197880
191544
187679
191544
196541
187679
191544
170954
169880
163415
191544
163415
163415
174679
174679
163415
174679
162998
174679
163415
196373
196373
196373
196373
196373
162391
196541
174679
196541
158490
158906
162391
162391
158906
162391
160119
158906
174679
158906
174679
162391
174679
158906
174679
162391
179843
173185
169880
196541
173185
160313
178201
178201
173185
158906
178201
178201
162391
174679
188404
158906
157409
163415
175472
175472
175472
175472
175472
188404
188404
175472
160119
188404
160119
193612
193612
193612
158906
157409
167418
171453
171453
171453
157409
174529
186077
174529
174529
171453
171453
171453
174529
174529
174529
188404
171453
177981
177981
174529
177981
158930
187107
174529
158906
171453
171453
187107
171453
187107
158770
158906
158906
164440
156476
183472
198616
170954
186358
163831
186358
158770
186358
186358
187107
158770
187107
186358
167418
186358
159918
163415
164455
167418
170505
161913
161913
187107
163831
158462
178911
161913
178021
187107
178911
187107
164440
187107
187107
161913
197074
179866
179866
162754
164440
157372
197074
178021
158906
170565
197074
163738
170565
178021
159918
187107
162391
158189
158462
159918
174681
174681
162754
174681
158462
158462
156476
162754
156476
158770
158906
158462
158490
167361
172415
167361
193050
166994
193050
167361
160313
166206
166206
167361
175305
195727
195727
195727
195727
163906
175305
167361
167361
167361
163906
163906
196412
196412
192031
196412
163906
196412
192031
168165
168165
163906
169238
168165
168165
168165
168165
163906
163418
175201
169238
158490
158189
163418
159918
158906
169581
163906
159064
159918
163906
159918
162561
158770
157372
158770
157318
163906
163906
163906
157409
157318
162561
166206
159918
172415
158189
162561
172415
166206
170288
175743
175743
187356
187356
187356
187356
187356
187356
164647
175743
164647
164647
175743
168872
157452
168872
175743
172360
175743
198054
172360
198054
172360
198054
166206
157452
172360
166206
163906
157452
191670
157452
162561
191670
172360
159447
159918
159447
191670
191670
184142
184142
184142
184142
184142
191670
184142
184142
184142
191670
178849
178849
178849
191670
159447
184142
184142
174968
174968
162561
174968
156476
171855
161947
163906
162391
160085
164937
160085
160085
191670
157452
162561
161947
158189
160085
162391
160085
169581
169785
161515
169785
169785
158490
169785
157452
157452
157452
160085
160085
191670
169785
170288
169785
160085
160085
157452
155453
161947
158906
161947
171292
171292
171292
171292
158490
171292
180524
180524
171292
180524
164937
171292
190999
171586
171586
171586
171292
170899
171292
171292
171292
171292
171292
170899
170899
158462
170899
170899
170899
162152
171292
166535
166535
166535
166994
193583
193583
193583
166535
177595
166535
170288
175456
175456
175456
175456
175456
175456
169406
175456
169406
156476
169406
169406
162581
170288
157318
162581
162581
152644
155889
157318
160111
159064
158462
164937
160111
161585
160111
157318
160111
158462
158930
161175
160085
158906
169581
152644
161585
158930
161947
161175
157318
158462
161947
156476
155453
161585
161585
161947
156476
160085
160085
161175
158930
160085
160632
158930
157306
157306
156476
158930
157306
160085
158189
159088
158930
155889
157452
191670
156476
184019
184019
158770
158462
158462
161567
172219
172219
172219
172219
163516
169581
163516
189010
189010
164506
164506
189010
164506
164506
160290
160290
155374
199066
161567
163516
158770
156476
163516
155374
158770
164937
156476
158770
161947
159277
168639
157306
193822
166965
168639
193822
168639
193822
159918
193822
193822
160290
168639
168639
160290
155889
160290
159918
160290
193822
163516
188868
156448
188868
156448
160111
160111
174659
188868
155889
160290
159277
195177
155453
179378
189861
189861
174659
162234
151306
160632
155889
163931
158770
155453
174659
188515
188515
188515
188515
160632
165342
165342
188868
165342
158770
155374
160313
187974
187974
187974
187974
187974
160632
187974
187974
158906
194355
194355
174031
174031
159277
155374
161947
155453
155374
160632
157549
188868
160111
160632
189821
189821
189845
189845
155453
158462
160085
161567
155453
155374
155374
156476
154017
161947
160111
177232
177232
177232
177232
160632
188783
189845
177232
160632
158193
191616
197134
197134
197134
197134
191616
191616
177744
191616
155622
191616
160111
160111
160111
188868
179242
179242
155622
156448
170925
160632
154585
155622
158193
155622
155374
175156
160111
156448
174222
155622
155622
174222
184888
185271
185271
185271
185271
185271
195369
195369
195369
195369
195369
185271
195369
195369
195369
184888
195369
184888
158930
175730
187620
188295
188295
174222
174222
187620
175156
175730
175730
175730
167019
193719
175730
160632
160290
158193
160111
172247
158193
172247
160632
154792
155622
172247
172247
172247
160085
160290
159088
160111
155374
160085
160111
155234
158930
158930
160085
160085
159064
154792
158193
186441
155453
198268
186441
158193
156448
158193
186441
166396
160111
166396
155622
158193
163504
182676
182676
196475
174835
158189
197375
197375
195622
198811
198811
167561
159918
154792
169947
196475
163704
169947
165406
165406
189103
189103
196475
197911
197911
184112
197911
197911
197911
184112
186441
173051
189103
186788
189954
189954
186788
186788
189954
186788
189954
196475
189954
173051
165536
165536
166396
165406
163704
163704
165406
165406
189954
163704
154792
160019
172247
163704
183626
183626
163704
183626
186788
160632
160019
160085
158490
160632
157419
160632
158189
157419
175305
155622
158189
162234
156476
164315
160111
157419
162091
173832
162091
173832
186863
186863
186863
160632
160632
162502
157549
186788
156448
186788
160019
161698
186788
185920
158930
160085
180465
195124
195124
195124
195124
156476
160019
157549
195124
186788
168597
184698
161698
173237
168597
173237
173237
168597
156476
159918
161698
190371
190371
190371
173237
154585
158193
161698
162234
163402
156448
163402
156476
163402
161947
160632
160290
186441
161698
160111
160085
189305
160019
187004
187576
197072
197072
197072
197072
160085
156476
197072
197072
197072
194845
160019
159918
160019
187576
157306
162234
187576
187576
159277
187576
161567
159277
159918
158930
168365
168365
168365
168365
155374
186972
156476
165853
165853
161567
155889
165853
165853
155234
186788
156448
154256
154792
160632
156476
154792
156476
154792
160019
159918
189260
189260
189260
159918
159918
158930
157452
154585
155374
154256
172247
155453
154585
158575
162234
155889
154256
154585
154585
158193
157500
154585
169993
169993
169993
169993
154256
169993
156476
163931
185216
169993
185216
185216
192231
192231
185216
158490
169993
169993
155622
169993
169993
154585
158193
169775
157452
158193
185475
185475
158193
185475
185475
158540
154717
161567
156476
157452
158203
156476
157500
158432
158432
160290
158203
158097
177563
158203
154351
154717
154585
158203
154256
153095
152644
157133
158432
162661
162661
188796
173868
173868
173868
153095
194669
183675
194669
194669
190101
183675
183675
177544
183675
162661
177544
177544
154792
154585
173868
173868
157133
173868
151306
154256
162661
162661
162661
162661
162661
159088
198294
198294
198294
162661
162661
158432
163052
158432
158097
157133
155453
157306
157306
160019
163052
157133
157133
158097
158189
195120
195120
195120
195120
195120
195120
195120
195120
195120
192872
157500
157500
157500
156134
157306
154318
157306
155453
155234
154585
158203
155234
157500
157500
158189
154204
158203
185588
185588
185588
154585
185588
156476
161722
156776
161722
154318
157452
158203
157452
175689
161722
175689
156776
157306
175689
157306
186417
178798
175689
175689
173789
175689
175689
184072
156923
156923
156923
160019
192476
192476
192759
192476
192759
154792
192759
172395
172395
192759
172395
163507
172395
178593
178593
178593
178593
191542
191542
191542
172395
178593
191542
158805
191542
160111
174705
158805
174705
174705
197510
197510
170395
156923
158805
174705
178798
178798
174705
158805
158805
156134
174705
174705
174705
158805
158805
152894
174705
180554
180554
180554
155622
160019
180554
155599
179382
158097
158097
158097
178798
155599
193531
193531
193531
156776
157306
188193
156134
188193
161567
164073
164073
155453
164073
164073
156776
156776
163364
164073
163364
163364
156776
164073
181968
172247
156776
186514
172247
163364
172247
163364
172247
172247
163364
155453
172247
186514
172247
197044
197044
197044
197044
197044
197044
178924
178924
190016
190016
156134
163364
178924
178924
163052
196439
196439
185699
185699
183289
178924
163364
154397
159428
178924
178924
168607
168607
159428
168607
168607
168607
159428
168607
188885
188885
188885
188885
188885
159428
181863
168607
188885
188885
181863
188885
188885
188885
188885
168607
163196
163196
161178
161178
159428
176840
159428
176840
190763
190763
190763
190763
190763
159428
196277
159428
164073
159040
176840
159428
176840
160290
176840
176840
159040
159040
156134
176840
159428
156776
159428
164309
164309
164309
164309
164309
157500
164309
165311
165311
160111
154397
156476
163052
159090
185101
185101
185101
185101
157500
185101
185101
171504
171504
186514
171504
185101
193933
171504
193933
177028
171504
171504
197677
185101
185101
157500
155889
159428
193636
193636
157500
171504
193636
159428
193636
157500
177474
157306
171504
177474
173947
166980
197084
197084
197084
197084
197084
163364
173947
189088
173947
189088
168026
189088
170558
170558
163364
159221
168026
159221
196176
163364
175227
175227
159428
180793
180793
180793
156776
162234
180793
159090
199182
154351
151665
156476
158203
189229
189229
189229
189229
193619
193619
181353
181353
181353
161182
156476
154792
187780
155622
160290
191063
191063
191063
191063
154318
154585
154351
155622
154792
156448
154792
152894
154318
186514
154318
192864
156134
155622
156448
156448
156448
153711
161567
156134
160290
155234
161722
159428
197240
197240
197240
197240
151306
197240
156160
181107
181107
181107
156160
156160
161722
156476
156160
153612
187780
179385
179385
179385
179385
159428
179385
156134
156134
155453
156134
155599
161182
152322
156134
156776
160111
191457
190402
190402
191457
190402
190402
190402
186133
190402
169826
169826
169826
173730
186133
186133
184468
169826
186133
170471
182218
182218
184468
170471
170471
182218
184468
182218
182218
170471
170471
170471
152322
169826
169826
169826
169826
169826
156130
165266
165266
169826
187065
161846
161846
159428
184468
159112
162234
159428
197457
159112
156476
153095
154585
155622
184468
156448
159428
161182
161567
156776
153711
164307
164307
155599
184468
155599
186501
154256
184468
153095
184408
184408
184408
154792
182126
184408
161182
155853
173730
184468
173730
154792
184408
184408
182345
182345
187852
175063
187852
184408
182345
175063
165042
154256
152894
173730
166442
172089
172089
152894
163052
155853
155853
155234
154792
160290
155853
166442
154792
153518
156776
155599
192592
192592
171395
159221
171395
171395
156448
155599
171395
161567
161567
171395
156160
166442
155853
155599
158432
155453
171395
161276
157777
171395
171395
171395
166442
155599
161276
171395
155599
154511
156160
169826
161276
160943
184468
154585
175601
166442
155234
175601
169826
155234
156134
169826
158432
154511
154756
166442
154511
156448
166442
155234
193042
156160
154511
193042
175601
166442
154511
161872
183566
161872
158659
184468
158659
158659
158659
161872
166442
161872
166442
161872
156448
160943
158659
158659
158659
154511
154906
171395
156160
154511
154792
166803
155853
162714
167235
154511
167235
154906
169011
188080
188080
169011
167235
167235
154585
167235
156476
162714
184468
154585
171395
152894
154906
156160
166803
167235
169826
167408
170288
167235
171395
155453
166803
171395
156448
155853
169826
166803
188201
158540
166803
199803
188201
188201
186702
188201
188201
154906
188201
188201
156448
154906
188201
156322
188201
177092
177092
160289
160632
160124
199033
199033
156160
199033
199033
199033
195915
181320
186702
181320
181320
181320
186702
195915
195915
174521
174521
181320
177092
176128
160124
183725
160124
176128
187854
187854
187854
177092
177092
160837
176128
174521
176128
197543
160837
197543
176128
197543
165166
197543
176128
155853
197543
176128
160854
176128
160837
174521
174521
174521
160837
170288
163526
163526
162714
156476
165471
165471
162714
159428
158432
162674
176383
176383
176383
176383
176383
162674
158540
163526
162674
160124
160124
169826
163728
157381
157381
160854
184468
158540
160854
160289
160289
160289
156448
154717
173215
173215
160289
160289
159428
160290
157381
157381
154906
163394
185873
163394
163394
154717
171395
160289
162714
157381
160289
155453
153791
160289
154717
160290
155853
155853
154756
157381
171395
157381
155853
154792
160289
160930
154756
160124
160289
158432
155984
154717
155453
160124
160124
162714
170011
154717
160124
160930
153711
159428
177194
177194
179749
179749
179749
179749
179749
155453
186567
154717
177194
187038
177194
168231
168231
168231
187747
187747
177194
154756
154511
187038
153711
154756
196293
187038
196293
187038
196293
196293
196293
192743
186889
196293
196293
198801
186889
183213
192743
183213
192743
192743
192743
192743
179701
179701
179701
174361
179701
179701
179701
174361
192996
172750
162624
179701
174361
162624
167790
167790
183814
167959
167959
183814
184470
162521
154511
184470
171397
162624
192799
184470
171397
154717
154097
154511
170452
162624
167303
167303
162624
162624
162624
162624
162624
162624
162624
162624
171397
167303
163195
154256
154511
153034
154097
164113
164113
193253
193253
163195
163195
193253
163195
163195
163195
163195
154717
162521
161562
162521
162624
162521
154898
154097
154511
161562
155599
156167
156167
159428
156167
156167
156167
160290
154097
156776
153080
156167
165626
162624
154717
160854
159607
154511
192891
159607
155234
192891
159607
160289
171395
159607
155234
156167
160290
154717
154717
155599
153612
171395
160935
154756
162624
154717
154511
197387
153095
154097
186361
154511
154756
197118
197118
161301
154511
161301
155453
161301
154717
160290
195851
159607
195851
153034
190705
195851
161301
190705
190705
190705
162521
161301
160943
170288
195851
154097
159607
195851
194346
194346
154351
153034
161301
156167
156448
154318
161301
171395
162624
186214
186214
154351
158490
186214
155853
164923
186214
159607
155853
186214
153612
154351
159607
156448
191073
191073
191073
191073
191073
191073
163835
163835
163835
163835
163835
163835
163835
167686
154097
185267
167686
167686
185267
176040
176040
153975
154756
154399
163835
169941
163835
172884
162224
169941
162224
195243
195243
195243
195243
169941
195243
195243
167686
169941
163835
162224
195243
163835
167686
172884
163429
163835
186633
196315
196315
163835
196315
196315
186633
155558
162224
172884
163835
163429
172240
162224
186633
163835
165080
162224
155558
162224
182641
163835
163835
160270
163835
163835
184496
184496
184496
184496
184496
163429
184496
162224
163835
163835
164420
164420
184496
184496
164420
184496
164420
160270
163835
164420
155558
164420
162224
163835
161301
167686
164420
160270
164420
163835
164420
163835
172884
191906
191906
191906
191906
172884
191906
191906
191906
191906
160270
163835
163835
160270
163835
160270
172240
159397
161301
167686
163835
163835
161301
187496
159397
159397
187496
159397
162224
182211
182211
187496
170288
160735
161301
155853
159397
159397
163835
159397
159607
155369
187496
154399
154717
159397
159397
155369
155369
156476
155853
187496
154756
155369
159607
156776
154351
155369
154318
155369
155369
174908
154318
156659
164851
164851
172240
155369
164851
155369
178277
178277
154717
172240
154351
154318
154351
155853
172240
154318
155853
156659
156776
154351
154097
154756
155723
172240
155234
155723
154511
172240
154097
160289
163835
159367
163835
154318
167428
160290
167428
159367
154223
154097
155234
155234
155558
154318
155599
153975
163835
154399
154318
156659
153975
156322
160290
154351
154351
154906
153975
170288
155599
154256
154399
156476
183814
160111
160111
156476
160289
153975
171746
171746
171746
195001
171746
154097
171746
156160
168495
155599
168495
168495
155853
154097
160111
153975
153975
198373
198373
198373
198373
198373
198373
198373
198373
198373
198373
198373
198373
194022
198373
198373
194022
170852
198373
194022
170852
194022
170852
189132
189132
165930
189132
170852
189132
170852
189132
189132
189132
158540
158984
170852
170852
159428
158984
170852
153294
170852
165930
165930
165930
199517
199517
199517
165930
168200
168200
168200
183611
160854
183611
168200
160943
168200
189855
165930
165375
165375
189855
165375
158984
168341
171746
165375
189855
165375
189855
164779
189855
156776
189855
158984
189855
164779
165375
164779
160111
165375
171746
164779
164779
165375
165375
165375
165375
158984
154017
165375
154351
154756
171746
184319
154351
184319
156776
154351
171746
160806
154351
154351
154756
154223
153975
154351
154017
154097
154017
188138
185652
185652
154223
154906
154351
185652
153711
185652
154017
153080
185652
154097
154017
154906
154223
156776
185652
154097
185652
154756
153294
160289
154351
159428
159428
159775
154792
153294
153711
153612
154792
154223
181570
172162
172162
153975
153612
190093
190093
190093
177114
153612
154399
153034
170254
153294
154223
153791
171746
158490
154511
154717
154223
154792
155558
154511
160111
155234
159428
159221
173783
173783
173783
173783
173783
173783
155234
156776
173783
154318
154399
153791
172134
172134
156776
153711
156160
153294
177114
158490
153034
177114
160289
153034
155599
159630
159971
180518
180518
153791
153975
184841
160111
153791
154511
154511
154511
170254
160473
160473
172152
172152
172152
173489
173489
197150
172152
173489
197150
164375
197150
172152
196898
160473
196898
153612
154318
153294
169330
172152
169330
154511
153034
172152
169330
153034
172152
177114
164375
154318
154399
162449
162449
164375
162449
162449
179977
179977
153791
154399
183971
187491
153034
172152
173489
154017
154017
179977
165151
173489
165151
177003
191908
184533
184533
184533
165151
184533
173489
154978
173489
172897
154511
167898
154511
168209
168209
167898
168218
168209
165151
177114
185600
174055
174055
174055
167898
153034
168218
167898
153975
173489
153034
178126
181517
183090
183090
165386
165386
165386
165386
183090
183090
162156
165386
162156
183090
153612
162156
173933
173933
162156
155806
155806
173933
171715
165461
158926
155806
182099
182099
182099
162156
182099
179486
179486
162156
159691
155806
166220
179486
162156
155806
173933
168218
153518
161021
168495
181517
196325
196325
196325
196325
188857
188857
196325
188857
188857
196325
161021
196325
196325
188857
188857
196325
196325
188857
188857
169828
173489
185279
188857
188857
185279
169828
196898
185279
169828
188857
157405
181137
181517
157405
168495
181137
181137
181137
181517
169828
188857
168495
152326
168495
153034
181517
168495
168495
168495
153612
161021
158522
168495
188218
158522
199350
168218
153612
157405
164384
155806
164384
157405
157405
199858
199992
164384
199858
199858
199858
158522
193431
193431
193431
176226
176226
188857
164384
176226
164384
176226
176226
176226
176226
176226
158522
158522
157405
157374
157374
157374
176226
157374
158432
157374
158432
176226
157374
158203
158432
157374
181517
155806
155806
159630
155806
153612
158203
156448
155806
155085
153415
155085
160935
155085
155085
153518
156776
156448
159550
159428
153612
158203
154351
153415
153415
198924
198924
198924
198924
198924
198924
153415
153691
153034
198924
153415
198924
198924
181517
173942
188857
173942
173942
188857
173942
173942
173942
191099
191099
163827
153294
173942
171050
173942
177114
173942
167172
167172
167172
173942
173942
163827
172982
173942
181517
161563
161563
189212
189212
163827
163827
189212
153034
163827
163827
153080
163827
153415
153034
163827
177681
177681
177681
162557
154351
167145
153415
162557
153415
187273
153415
173489
157708
153034
153415
162557
162557
176226
156448
153095
162557
153095
177114
161713
192573
192573
192573
192573
192573
192573
192573
192573
192573
196898
153477
173489
192573
153472
172703
172703
160729
156659
160729
173489
155806
154511
154351
173855
162557
155806
176226
153472
153472
158718
180393
158097
159202
177207
177207
159630
177207
177207
180886
180886
180886
180886
180886
180886
176977
180886
180886
180886
180886
176977
176977
180886
180886
180886
180886
176977
195823
170487
170487
195823
170487
170487
183308
170158
170158
183308
170158
154752
195823
153472
195823
154752
153034
154223
152749
189814
189814
153332
191678
189814
153472
154223
153468
189814
170158
189814
187472
187472
187472
187472
189119
189119
153472
159202
155437
159202
189814
195823
195810
155437
159202
154085
195823
155437
153518
153080
195823
154792
186311
153080
153332
195823
195823
186311
186311
167466
187472
159974
159974
159974
156448
189814
160817
189814
195823
160817
170487
197029
197029
197029
195715
160817
197029
160817
170487
197029
153095
197029
171750
171750
171750
195350
189814
178597
190694
183308
190694
171750
178597
171750
178597
162304
171750
180393
171750
171750
178597
182756
182756
182756
190494
189814
182756
182756
182756
189814
182756
178597
189814
182756
189814
189814
162304
182756
176977
167466
160817
174007
176977
176977
180393
184349
184349
160809
179275
160809
160809
167466
179275
160809
176977
179275
159974
153034
174007
160809
167466
155969
189814
160809
180393
178054
160809
178054
178597
177207
155969
173029
176977
167466
178597
167409
178597
174007
176977
153332
160809
153034
160809
160809
159974
153034
153034
183308
153294
167409
158544
155969
153294
158544
170487
168467
168467
179275
195756
195756
195756
195756
195756
195756
183814
195756
195756
195756
195756
195756
195756
158544
168467
179275
161389
170487
181680
181680
181680
152749
154254
160809
158544
170487
153095
154254
158544
179275
160809
179731
179731
179731
155212
158544
179731
155212
155212
163359
160717
194820
155212
179275
160717
163359
160717
194820
160717
160717
194820
155212
194820
160809
179275
163359
155212
156041
179275
177406
160809
155212
155212
154254
184348
160809
153095
156041
154085
154254
154254
184348
179275
163200
186322
195380
186322
186322
186322
170593
170593
186322
186322
195380
186322
174565
154085
186322
163053
163053
163200
192151
192151
174565
186322
186322
186322
181054
181054
153080
174151
186322
174565
166991
181054
170593
186322
186322
179275
181054
181054
177406
174151
166991
174565
174151
174565
174151
166991
174565
174151
174565
171759
170908
170908
170908
160809
170908
170908
173029
170593
174565
170908
166991
164547
158544
164547
164547
189120
183016
164547
189120
189120
163200
155882
158544
189120
172983
156041
155882
155882
153468
153468
154254
154254
172983
153477
173029
153294
173029
154254
160809
173029
172152
154007
163313
163313
178835
163313
172983
154007
155882
178220
156041
154007
172983
154007
153468
159046
156160
172983
159046
159046
153518
153518
156160
153468
173029
153034
180230
172983
153518
180760
180230
180230
180230
167466
170479
170479
165218
170479
170479
199724
199724
199724
165218
199724
180230
180230
165218
165626
161923
161923
167466
161923
165626
165626
172449
172449
172449
176226
155645
156041
156041
155645
155645
196677
183596
183596
183596
183596
166109
172449
177114
166109
154107
154107
154107
154107
154853
155882
153468
154853
154853
154853
155645
194832
194832
194832
168045
194832
194832
194832
194832
194832
194832
194832
194832
162129
162129
171068
162129
171068
162638
162129
162129
167466
176653
162638
162638
175752
175752
176653
175752
180504
180504
176653
162129
180504
180504
171199
190531
180504
190531
171199
171199
180504
162129
171199
190531
153080
171199
183505
180504
171199
171068
183505
171068
162638
180504
196898
162129
171199
171199
162129
171199
171199
162129
197930
171068
171199
162638
162129
160077
171199
171199
162129
163359
162129
162129
160000
160077
167466
160000
194830
197401
197401
194830
197401
197401
197401
197401
194830
160000
194830
160077
191670
167409
167409
167409
153034
162638
160000
163359
172029
172029
162076
162076
162076
180098
180098
162076
162076
162076
162076
192103
192103
192103
192103
162076
167902
158534
192103
167902
167902
192103
158534
198763
198763
198763
198763
198763
198763
168257
168257
167902
191888
195170
191888
168723
167902
168257
158534
168257
188929
158534
188929
188929
167902
188929
158534
167902
164252
164252
164252
164252
198893
189375
198893
189375
198893
198893
158428
158428
198893
191811
191811
191811
191811
178556
189137
189137
189137
189137
171058
189137
178556
178556
178556
171058
178556
171058
168454
194379
168454
168518
168518
168518
179796
168518
185813
185813
187532
168518
187532
187532
177759
177759
168454
185813
168935
185813
177331
168935
168935
168935
188372
172646
168935
172646
171058
168935
168935
198430
198430
168935
198430
198430
198430
196110
186189
196110
198430
196110
198430
196110
196110
186189
186189
186189
170444
191495
191495
170444
191495
191495
177331
177131
186189
177131
177131
185813
177131
177131
177131
170444
170444
185813
177131
175889
175889
185813
177131
177131
171479
177131
187490
187490
187490
187490
187490
171479
187490
171479
170444
171058
168935
170444
171058
170444
188177
171058
177331
171058
170444
168935
170444
198453
183384
168518
194293
183384
198453
162076
183384
168518
183384
194293
162487
166161
184533
168518
183384
194293
184533
168518
162487
177331
162487
168935
171058
162487
162487
162487
162487
183384
177331
196431
177331
196431
183384
168935
198632
198632
198632
198632
162487
198632
162487
167902
187852
187852
168454
183384
183384
162487
173085
196630
196630
173085
164917
196630
162487
184294
184294
184294
184294
167902
184294
196630
171702
162487
164917
191766
162487
162487
167902
159177
159177
167902
162487
196630
196630
167902
162490
160568
168454
162490
191766
164252
159177
197932
197932
196630
159177
159177
159177
170444
162490
162487
162487
159177
162487
160000
168454
159177
160000
159177
162490
160000
159177
168935
162487
168454
162487
177331
158428
168935
167902
168454
168454
162487
162487
159177
158428
158203
162487
159177
170444
158884
159177
159177
159177
158884
158203
164252
162487
164252
170444
162490
159177
177331
164252
158988
159177
167902
158988
158988
164252
164252
160000
158988
160000
160000
158988
158988
162076
160000
158534
158988
158884
158884
158884
187964
187964
158203
171746
187964
187964
158203
187964
187964
187964
163938
189478
189478
158428
156714
160000
177985
177985
163359
156714
177114
163938
162487
162487
158203
158534
162487
162638
173029
159177
160000
155340
163359
166556
166556
158988
173489
166556
162638
162487
156714
162685
162487
160000
158534
172646
158534
162638
172646
158534
176226
162487
163359
162638
158404
162490
162490
158884
162490
158534
158428
158203
162487
158203
162487
158404
158988
156714
158884
162490
176918
176918
155884
155884
156812
156812
158404
156812
155884
156812
162129
162076
156812
170033
170033
156812
156714
162129
170033
170033
156714
182976
162076
162076
160000
156812
156812
162076
158404
162076
162076
162076
156714
171746
158404
162076
158988
156714
158404
156812
158404
156714
156812
155340
155884
173489
156714
158428
158404
156812
155627
160077
193421
193421
158534
198550
198685
198685
198550
198550
198550
175305
155627
156714
170487
158534
156714
195772
193158
195772
195772
193158
155627
195772
171746
156714
155422
161239
155422
193158
156714
155422
195772
156714
171746
162641
162641
162641
166194
162641
166194
162641
162641
162641
162641
162641
197086
170487
197086
197086
197086
162641
197086
156812
170487
162641
155422
162641
155376
156714
155422
170487
193574
160000
156812
160077
155340
156714
158404
179141
190467
190467
179141
179141
179141
155376
155376
158988
160077
153095
176314
176314
176314
180658
180658
180658
180658
189964
182760
180658
180658
154862
180658
155340
165155
165155
165155
165155
165155
165155
158988
155340
158404
160077
160000
170487
160000
158534
156253
158203
158534
155340
160000
160000
155340
155340
158203
155340
154862
175087
175087
175087
175087
175087
175087
175087
153095
155227
197740
175087
155340
155340
160000
198680
198680
158988
155227
160077
160000
154862
191212
191212
197740
185837
191212
154862
156253
192814
192814
192814
191212
158988
197740
158534
159428
155227
160930
155227
167082
167082
153095
155376
168935
189889
155227
161203
158534
155058
158203
159848
162076
155058
154942
158534
156812
171068
154862
158534
158534
154862
178129
154942
158534
162076
156714
154862
173489
156253
158534
162076
162076
153837
153619
155058
156253
160111
156812
153837
160632
156812
193321
193321
193321
153837
153837
193321
162175
193321
193321
153080
191821
191821
191821
158404
191821
162182
192632
181867
181867
181867
156714
153257
181867
192632
195131
155340
181867
153294
192632
181867
158404
152894
162076
153415
153837
153114
153837
152326
153477
192632
153406
153114
193047
193047
192632
193047
193047
162182
192632
158059
192632
155058
153095
171276
171276
171276
171276
171276
162852
152749
153114
152809
152942
153095
162852
158059
162852
162076
194741
194741
194741
194741
194741
187713
193911
162471
176042
193911
162852
176042
176042
193911
176042
162471
176042
164546
162471
171384
198881
198881
198881
198881
198881
171384
198881
198881
162175
162471
196998
179075
175044
175044
187713
187713
187713
178618
178618
178618
178618
178618
178618
187713
178618
187713
178618
178618
178618
187713
178618
167496
165127
178618
165127
178618
158773
178618
181867
181867
181867
162471
162471
178618
181867
181867
179527
181867
165127
178618
156984
178618
162471
162471
165127
162471
181867
165127
162471
179527
164546
177741
177741
158765
178618
177741
177741
177741
181867
177741
177741
169302
177741
177741
177741
175290
177741
177741
177741
165127
158765
158773
181867
164546
170596
184563
184563
165127
175290
170596
170596
164546
170254
158766
160646
160646
160646
158773
160646
159005
162175
162175
159005
173489
162175
158773
159005
159005
162175
160646
160646
180695
180695
180695
180695
180695
159005
194151
194151
194151
194151
194151
194151
158766
158766
194151
194151
160646
158766
165286
165286
165286
165286
158765
173489
170254
193256
158765
165286
158765
159397
158765
158765
192988
192988
161021
158765
192988
192988
159652
156984
156300
158766
159652
156300
158687
158766
156984
156984
158766
158766
155981
167432
167432
170254
191725
167432
167432
167432
155981
156300
170254
156300
155981
157846
155981
153862
153862
170254
165127
197448
170842
163784
167509
167509
167509
162951
162951
165127
162951
167509
156984
167509
158766
156984
162557
158766
181304
153862
172155
172155
172155
154913
181304
181304
156984
172155
156984
156984
156984
181304
192070
192070
167509
184878
184878
184878
184878
181304
184878
184878
184878
184878
184878
184878
184878
184878
167509
170254
167509
198828
198828
198828
167509
199606
171398
167509
184983
166367
166367
166367
166367
184983
167902
160970
155513
166367
160970
175122
175122
175122
156253
155004
182715
175122
182715
182715
182715
182715
175122
160970
159789
159789
190245
190245
190245
190245
159789
159789
157962
160970
157962
155513
160970
160970
159789
159789
157962
168123
157962
159789
168123
157962
153169
157962
157962
167509
159789
168123
157213
157213
157213
157213
196587
157213
157213
196587
158059
166367
157213
157213
189599
189599
157213
152326
196097
157213
157213
189599
189599
156253
155513
193708
193708
170952
197401
155513
157213
170952
193708
189599
193708
178180
155004
155004
168464
190181
190181
190181
168464
156253
197401
197401
156253
168464
168464
168464
156984
157263
171426
171426
171426
193708
171426
197988
157263
197988
171321
161208
168123
174469
161208
168123
157263
174469
174469
174469
193708
174469
174469
174469
174469
174469
174469
161438
177401
193708
174469
197401
171321
167682
167682
167682
165666
171426
188711
188711
174469
197401
188711
165666
171321
174469
183754
196597
165666
196597
196597
196597
194578
165666
194578
194578
194578
194578
194578
194578
165666
183754
161438
183754
183754
174469
168123
194686
194686
174469
195293
183754
183754
179293
161438
161438
161438
183754
179293
161208
193708
163956
165733
168123
163956
165733
168123
183016
193708
163956
163956
163956
163956
163956
168123
170778
162557
165733
162279
162279
162279
161208
161208
162557
159878
181662
181662
168127
168127
168127
168127
159878
157263
157433
157433
157433
157433
159179
157433
157433
166367
166367
158534
166367
157109
160618
166367
157263
160618
157109
165733
157109
162557
172247
166367
157263
157109
157263
166367
157433
157109
184347
184347
184347
197401
184347
184347
184347
157109
184347
166367
158766
184347
184347
158766
157433
156984
189936
157109
157109
164923
161317
156515
166367
161993
152753
156515
162557
167902
166283
156515
156515
167902
161993
154913
166283
166283
166283
166283
173591
173591
166283
173591
173591
161317
166283
161028
154913
166283
154913
166283
154913
161028
160225
160225
167543
160225
180516
196759
180516
180516
162557
180516
180516
167543
160225
167543
161993
160225
160225
177563
155986
155986
167902
167543
155986
155513
157572
155986
167543
153169
156359
160225
157433
156359
157572
161208
167543
156359
156359
157572
156359
159652
159179
167077
153169
197401
154913
162557
156984
156359
193142
170762
193142
193142
189695
189695
189695
189695
189695
189695
159848
189695
189695
185611
189695
185611
189695
189695
188734
185611
161701
189695
189695
161701
165267
164759
185611
182220
192241
192241
192241
192241
192241
189815
189815
189815
178779
165267
189815
178779
182220
182220
182220
161723
165267
165267
165267
162557
165267
165267
185611
157433
161701
161701
159548
159548
197401
161701
171548
159548
161701
154913
159548
161701
159548
161701
152753
171548
162410
162410
162410
162557
159548
171548
159548
153862
159548
162410
152809
159548
154561
154561
159548
155981
197401
154913
159221
154913
162410
162410
153169
153034
153862
153169
154561
158059
152753
153169
158988
154561
167611
167611
154561
156359
157263
156253
162557
162410
160646
167611
156253
167611
160646
153169
160646
162410
186039
167611
160646
163728
160646
153306
159221
183180
160646
156812
156253
153169
156812
158059
167611
160090
152753
160090
156812
185611
160090
152753
160090
152809
160090
161993
158432
154913
155058
154561
164073
153862
167611
158059
153306
155711
153306
158097
158097
155711
152753
167611
155058
154839
155981
187314
161993
185043
154839
185043
154839
155711
185043
153306
159179
185043
185043
156253
181123
185043
156812
185043
197116
197116
185043
197116
185043
153617
196397
196397
181123
181123
153406
155711
154839
181123
152773
155711
169993
152773
168911
153169
168911
154561
154839
168911
168911
170185
170185
156812
161993
160632
156253
159071
157974
167443
167611
181648
185765
156714
167443
167443
157974
199683
159071
199683
199683
199683
156812
167611
159071
152773
156359
155376
179117
180650
185611
158404
152894
159071
189804
179117
189804
186840
186840
186840
186840
186840
159071
164896
162557
153034
154853
179117
179066
179066
179066
179066
169663
170210
167834
169663
167834
168443
179066
167834
165757
167834
167834
167834
191135
191135
191135
191135
191135
165409
165409
165409
167834
165409
165757
165409
165409
155882
153407
165409
153095
155806
198528
199564
155058
160077
155711
167834
155058
155058
161208
153034
167834
155058
192603
162076
157263
163546
159428
192603
163546
163546
163546
163546
161422
161422
161422
163546
152773
161332
175950
175950
175950
181718
161422
161706
163149
163149
161332
161422
161706
161422
185685
185685
185685
168895
175950
195963
195963
195963
195963
195963
168895
161332
192126
195963
192126
192126
192126
161332
192126
195963
195963
195963
195963
195963
161422
161422
161332
161332
162064
179117
198180
198180
155181
161087
156253
171319
155181
181579
181579
194593
181441
181579
186260
194593
186260
181579
186260
186260
186260
186260
186260
186260
186260
181579
186260
181579
181579
186260
181579
181579
156888
181579
185611
155181
168991
155181
155181
168991
181441
156888
181441
181441
156888
155711
155181
168991
195842
168991
155376
167834
159071
192927
192927
181441
156888
192927
171319
196319
196319
174578
174578
155376
155181
156253
155181
159071
196319
174578
171319
164866
164866
171319
164866
164866
164866
164866
159071
155181
158250
164866
161208
158250
159071
161087
155181
156984
155181
167834
174578
155181
154265
155181
175115
155181
175115
161087
161087
155181
155181
161087
155181
183815
158097
159971
159971
154265
179372
171223
181441
175480
183815
175480
175480
179372
187536
179372
196319
175480
179372
188210
183815
175187
175480
175187
183815
181441
175187
175187
188210
154265
159971
154265
190057
188760
188760
190013
154265
190013
190013
171223
190013
190013
193200
193200
193200
193200
155058
171223
181441
171223
159732
188210
174578
195166
195166
154951
195166
181441
188210
154951
181441
178787
180740
178787
180740
180740
178787
154951
180740
180740
156253
171223
155181
155376
175950
159971
174578
173017
173017
155058
174578
173017
156253
155376
173017
153330
154951
156253
154265
154487
175322
175322
175322
175322
179117
175950
175322
177723
177723
161268
175322
161268
177723
177723
177723
177723
161268
161268
189487
189487
185485
161268
161268
161268
155882
155058
176609
176609
156253
176609
190046
190046
154951
190046
161268
161268
154265
175950
156888
155376
175950
154265
190046
171225
171225
171225
171225
169836
166296
190046
166296
169836
154265
192339
190046
166296
169836
169836
192339
192339
194509
166296
166296
194509
192339
194509
166296
178272
179054
194509
179054
190046
192339
179054
166296
178272
179054
192339
178272
161449
178272
192339
161706
169836
169836
192339
166296
166296
161449
166296
192339
161449
159802
179054
161087
161087
161449
159802
161449
179054
175950
153719
179054
179054
175950
161087
159802
156714
155806
155181
155806
154487
178272
193141
178272
155882
156984
154265
171225
154265
178272
178272
171225
153719
154487
154951
154951
155806
153406
154265
157263
154265
153719
155340
153407
153617
156812
154265
155181
153719
155981
157208
153169
156984
196219
155806
164228
196219
190879
196219
153719
190879
161913
153719
173353
161913
173353
190879
197789
173353
183411
197789
162706
183411
175950
196219
162706
162706
173353
173353
173353
197789
162706
162706
162706
162706
183411
167518
183411
167518
173353
173353
167518
181978
181978
181978
181978
173353
181978
173353
197789
173353
171072
178899
178899
173353
171072
178899
178899
173353
167518
167518
171072
167518
173353
167518
181408
181408
181408
173353
181408
167444
161913
167518
162224
171225
171609
181408
171609
181408
161913
171609
161913
190517
190517
190517
190517
183996
171609
171609
171609
160095
171609
171609
171609
171609
178025
190295
178025
178025
171609
178025
198739
171609
171225
158221
158221
158221
171225
170806
170806
170806
161086
167444
170806
182328
158221
182328
182328
170806
167518
161086
167444
161086
170806
164228
170806
170806
170806
158221
192147
192147
156027
158221
158221
186044
184083
170806
186044
179355
179355
179355
179355
158404
158221
158221
179355
158221
158221
158221
158221
158221
170806
158404
158221
158221
158221
158221
158221
158221
156027
167518
154613
156027
154487
172247
196224
196224
155703
155340
171746
155703
154613
153419
196224
154613
155703
196224
164441
154613
196224
153419
196224
158404
154613
155806
170254
165188
165188
164228
171615
155340
155340
158356
167825
192691
164228
178066
178066
196319
178066
178066
178066
154544
160961
158356
160961
158356
164228
158356
187905
154613
154613
154613
159221
164228
158356
155340
154613
178565
154613
171746
154613
155181
196142
172247
154045
154613
155882
181200
181200
181200
196319
181200
181200
156109
181200
181185
181185
181185
181185
160227
156109
160227
159179
160227
156888
181200
173688
183304
176883
173688
176883
176883
183304
176883
176883
190867
183304
181200
190867
161846
176883
176883
176883
176883
176883
175638
176883
176883
175638
176883
173688
161846
156109
154366
154366
156109
187011
187011
154613
187011
154613
187011
155340
155340
158988
154853
155181
155603
173688
161619
177115
177115
177115
154613
181200
154913
177115
154544
177115
154544
177115
177115
177115
161619
154366
161619
161619
161619
163364
154366
158988
165693
165693
154045
163364
157109
194013
194367
156448
159652
157109
194367
157109
154366
157109
157109
158766
154366
157109
154366
154366
154045
175926
154366
194814
157109
155060
163108
153415
188067
163108
175926
175926
163108
154045
163108
160077
157109
198620
198620
198620
179252
179252
179252
163108
163108
163108
155060
163108
157109
154045
153419
163108
159221
154045
154045
154045
163364
163108
156589
193004
193004
193004
193004
186520
152908
186520
186520
186520
186520
186520
193918
186520
186520
193918
193918
186520
186520
193918
156603
186520
156603
156603
156603
186520
183409
186520
183409
183409
177622
193918
157109
194234
156603
156603
157408
193918
159848
157408
193918
159428
158540
157141
157141
158540
160077
158540
156888
159652
159428
156603
156603
177622
154366
156589
193918
192881
154045
196523
196523
196523
177622
156603
177622
154366
192881
152908
153001
153001
192881
196523
192881
154045
156603
183441
193918
193918
192881
192881
156589
183441
183441
153080
196523
196523
154366
154045
183441
156589
183441
154045
189219
189219
189219
189219
183441
189881
189881
189219
183441
183441
154045
154613
194813
153407
183441
153095
190640
156589
154853
153080
183441
155882
153415
153001
153095
156812
177622
152908
159630
152908
153415
157109
196319
157874
157874
171416
171416
162322
162322
190789
190789
153095
162322
152908
193918
162322
162322
193134
193134
162076
154853
154366
156253
162624
155882
193918
162076
163624
177645
163624
162016
193134
193918
162016
162016
163624
163624
153415
153169
154853
153415
156027
163624
152908
156589
152908
156812
156589
193134
157109
194080
193134
157109
156027
160456
160456
162624
160456
193134
157109
157109
155711
154613
153169
181867
157109
181867
181867
152867
160516
160516
153306
162624
153114
153001
154613
154839
153294
158097
153294
153080
170164
154613
154613
162782
162782
164676
170164
170164
153294
181867
170164
170164
170413
170413
170413
170413
176867
155140
162782
170164
193134
155645
181867
156448
171068
153617
154692
154692
180659
154692
154692
155140
155058
157109
155140
161727
161727
159056
154692
154692
159056
162787
159056
159056
159056
180659
153294
157109
180659
153034
159056
159056
181867
159056
152894
162787
153294
154613
156984
162787
153294
157109
153294
154928
158540
153294
154928
172457
172457
162971
162971
154928
162971
162971
176867
156776
156027
154928
156027
154928
153114
153468
163364
162804
162971
154544
153468
162804
199044
199044
199044
199044
199044
199044
199044
199044
199044
199044
196672
199044
199044
196672
153001
173814
152908
173814
153294
199044
196672
175233
194516
194516
196672
194516
194516
154839
194516
175233
153795
162971
186636
157109
155181
159221
186636
160516
186636
162804
185037
162804
160266
180659
168493
168493
185037
171463
168493
173701
171463
173701
173701
173701
185037
173701
158462
171463
160266
179669
179669
185037
179669
185037
181155
181155
179669
179669
179669
179669
179669
168493
168493
160266
160266
160266
162971
168493
196077
196077
160266
167838
167838
167838
158600
167838
164722
164722
160266
158600
153034
158600
158600
164073
160266
160266
160266
160266
158600
153001
158600
180659
162787
164722
159071
158462
153477
158462
158462
153415
164722
152942
185091
154928
154928
154561
185091
155981
160076
153294
185091
152942
156359
158462
153294
153294
153251
158462
154928
154928
153001
158462
153034
153294
154265
189287
152942
187572
154951
187572
187572
154913
152942
187572
153251
154561
156659
176323
154561
187572
160076
187572
187572
187572
199021
199021
199021
155806
199021
153001
199021
152908
196513
196513
196513
196513
196513
199021
164994
164994
185091
164994
199021
196513
199021
153114
198396
199021
185318
196513
199021
155645
156476
199021
154853
156027
154613
155181
199446
199694
199694
153080
199694
199694
194104
177470
177470
177470
177470
194104
177470
177470
159875
176632
185091
176632
176632
176632
176632
176632
179659
156476
156322
176632
187572
186127
156359
186127
186127
186127
186127
186127
183702
187571
188803
188803
187571
154613
187571
187571
156359
155882
187571
186127
186127
194010
194010
194010
177470
177470
183702
183702
172309
176632
183702
172914
159431
172914
172914
198431
198431
198431
198431
198431
198431
198431
182964
172309
176632
183702
187572
172914
172914
164722
160249
172914
172914
192833
197713
192833
192833
192833
197713
196227
192833
192833
192833
192833
197713
196227
196227
158600
170023
196227
196227
196227
196227
192833
192833
190514
190514
196227
173635
184906
173635
184906
190514
190514
187203
184906
173635
189287
190514
190514
190514
196227
190514
189965
173635
184906
186043
189965
156476
196227
173635
185777
184906
184906
186043
185777
186043
184906
184906
189965
187666
187666
187666
189965
184906
173635
185777
184906
185777
196227
186043
173635
186043
186043
178318
185777
172914
170023
186043
178318
170023
196227
166231
170023
178318
186043
178318
170023
196227
170023
166231
166231
166231
166231
172914
186043
166231
166231
170251
187572
170251
170251
160266
170251
170251
187572
189287
170251
170251
170251
189287
168496
186043
159431
166231
158494
166231
188770
166156
166156
177680
177680
177680
164810
155983
164810
155983
160076
192727
192727
192727
192727
192727
192727
195113
195113
160067
160067
187572
166423
166423
164810
163334
156359
167832
167832
163334
188770
160067
160067
158494
163334
187572
163334
167832
163334
154544
166423
155983
166423
155983
155983
187572
164722
164722
164722
158494
166132
164722
198362
198362
198362
198362
169464
166132
169464
186043
154561
166132
167288
156160
189287
166132
167041
167041
167041
167041
167041
158494
166132
189287
156448
167041
161688
166132
166132
166132
166132
167041
161688
154366
166132
166423
161688
161688
174646
186664
186664
198588
198588
198588
198588
198588
186664
156448
186664
160516
178822
178822
161688
178822
178822
153468
155703
161688
161688
161363
161688
166423
158472
158442
161326
160516
159071
159071
155181
153114
154247
161326
184035
184035
154366
154613
153617
160266
158442
154247
160067
155806
158472
158472
166423
178870
158494
178870
178870
178870
173717
178870
173717
178870
178870
178035
177920
177920
178035
173717
173717
153251
160067
179217
179217
179217
154613
179217
173717
183284
160266
173717
158442
158442
173717
158007
160067
158600
158007
158007
158007
161326
166423
166423
188075
187299
188075
188075
190174
188075
190174
187299
190174
190174
188075
187299
182859
187299
182859
163360
182830
182830
163360
182830
166423
182830
158007
182830
163360
166423
163360
163360
158007
158007
160067
154937
166386
154937
162775
162775
163360
173247
173247
173247
166386
162775
173459
173459
173459
177483
173459
162775
163033
173459
169744
173459
169744
171746
163033
166423
166423
158007
162775
158650
163360
187262
189287
187262
187262
193840
187262
193840
187262
193840
158650
193840
187262
193840
193840
158650
193840
186043
168658
168658
168658
168658
188981
190769
190769
190769
190769
166423
158007
168658
168658
186177
175660
175660
165090
168658
165090
192030
165090
164470
164470
164470
165090
165090
164470
164470
165090
175387
175387
164470
175387
175387
175387
154937
175387
154937
172728
154937
170663
172728
172728
172728
164470
158007
172728
172728
172728
165090
169781
169781
169781
169781
169836
165090
164470
160067
169781
164470
169781
169781
160067
158472
163360
164470
169781
164297
160067
164297
160067
169781
155458
154937
160067
169781
158472
160067
155458
160067
154247
154907
159875
154907
154907
168658
160067
159875
154937
155458
154003
154003
164297
154907
155882
154907
164470
155458
154937
164470
198538
168658
164297
154565
168658
164297
155806
164297
153251
193020
157723
193020
154937
193020
193020
193020
193020
157723
193020
158600
154937
193020
164470
176132
176132
173623
173623
173623
159188
193020
194782
194782
194782
194782
193020
159188
173623
173623
156448
185634
164470
172599
172599
185634
172599
172599
172599
154247
158930
199963
155806
154265
188287
188287
188287
199963
173918
188287
188287
173918
154937
153482
179695
152942
153114
154937
188287
188287
188287
199963
152942
152942
172599
172599
153617
199963
153114
154937
152942
154928
154928
159875
152789
163321
199963
163321
152789
163321
152789
177852
177852
188287
177852
177852
177852
188287
177852
188287
188287
177852
153251
163321
177852
166713
186773
166713
159875
188287
166713
186773
166713
188287
166713
156127
172599
153633
188287
153633
164470
153468
155863
158462
186773
155863
172599
155863
172599
155863
153114
158718
154937
156359
172599
179364
185634
154821
179364
179364
153034
157109
172599
155882
153468
185634
153477
172599
172599
154366
172599
166181
156648
164470
163321
168612
194660
194660
161642
194660
164470
163321
161035
161642
164722
194660
194660
161035
194660
194660
194660
154613
194660
176802
154839
156228
169103
156127
153095
169103
160883
169103
160883
160883
180919
163321
180919
180919
196156
185091
169103
153617
169103
154613
169103
185634
154821
154613
152867
173419
173419
195847
177676
177676
177676
177676
153169
199098
199098
199098
193223
193223
157109
193223
173954
193223
173954
193223
193223
193223
185634
195109
195109
179592
164404
180829
153080
180829
152942
177676
163321
196319
157259
153080
157259
173419
180829
156632
156632
180829
169103
153080
153169
177348
179592
177348
180829
156632
177348
175260
175837
182129
182129
192008
192008
159742
196504
186043
196504
196504
167082
175837
179592
175837
167082
179592
175837
175837
159812
175837
175837
159812
175837
175837
197330
167082
153407
197330
156632
197330
167082
183251
183251
160237
160237
160237
183251
183251
171313
183251
183251
183251
183251
173991
173991
183505
183505
167082
193998
173991
193998
193998
175837
193998
193998
167082
175837
173991
167082
175837
193998
193998
175837
153080
173991
167082
173991
173991
171313
154366
153095
174951
171313
183361
174951
171313
174951
156632
167082
164062
167082
164062
195583
164062
170061
195583
156776
158581
195583
163753
185298
185298
170061
158581
185298
185298
164062
163753
185298
159670
175373
175373
167082
185298
185298
175373
154937
156632
175373
156632
192000
192000
159670
156632
159812
158581
158581
177900
171313
159670
158581
180659
158581
171313
158581
158581
186483
186483
186483
186483
186483
158581
165679
158581
158581
185634
171313
165679
158581
158581
158127
155458
158581
155863
158581
157931
157931
165679
186512
158581
158581
177595
172849
177595
177595
177595
177595
177595
177595
162906
172849
194076
194076
194076
194076
172849
172849
172849
162906
162906
158581
167082
156359
155458
162454
167082
157875
162454
162454
156007
162906
157931
158581
157875
166239
166239
166239
166239
167082
166239
167082
157875
166239
166239
166239
155073
166239
157875
162454
166239
166239
166239
181163
156007
155073
166239
181790
166239
166239
164233
157796
157796
164233
166239
166239
186043
162906
166239
158581
155073
186662
186662
186662
157796
186662
157259
177114
168301
168301
177114
168301
177114
177114
191275
191275
191275
174495
168301
157796
166239
180623
168301
166239
157796
174495
168301
174495
168301
168301
156007
155337
174495
174071
166239
153617
155337
157259
157259
166239
156007
157259
157875
157875
153617
155073
189114
189114
189114
155073
157875
154561
191275
154366
157875
155073
153468
192322
192322
192322
153169
155882
166239
155337
155181
166239
155073
155882
157285
155863
155073
189114
185960
178097
178097
178097
178097
178097
178097
171746
152894
153169
157875
180659
153114
157875
174788
174788
155458
157875
174788
174788
159742
164228
159742
152789
159428
174788
153080
154366
153169
174788
152789
156160
161208
153114
152921
154561
153477
153275
157285
152942
171076
153415
157285
153468
152753
155073
155711
155073
156127
154265
153169
158494
153080
156127
155073
186198
186198
152942
156127
153477
162076
154821
156448
190447
190447
165566
153114
159123
187667
162076
187667
152894
160289
152921
153251
162971
159123
187667
163364
187667
152921
187667
178862
187589
170613
178862
170613
170613
170613
170613
170613
170613
186043
170613
170613
170613
173913
173913
173913
167300
170613
167300
170613
185611
170613
170613
170613
178993
170613
178993
167300
178993
173931
173931
178993
173931
173931
173931
172005
172005
172005
172005
165566
172005
172005
156054
172005
172005
172005
172005
172005
172005
172005
165566
172005
172005
167300
167300
169417
169417
166667
167300
167300
177566
166667
165767
165356
166667
167300
167300
165314
165356
156354
166667
167300
165767
165314
166667
165314
165314
177566
166667
165314
165767
165314
156253
165767
183420
165767
185048
183420
183420
183420
183977
183977
183977
177566
177566
183977
157120
157120
177000
157120
183977
177000
165767
157120
183977
157120
157120
165767
157120
157120
183977
183977
158600
183977
156354
156448
159123
159123
156354
195688
195688
157750
195688
195688
195688
195688
167845
156054
167845
195688
153188
167845
159153
157750
159153
159153
159153
159153
159153
195688
159153
159153
159153
177566
160076
153188
153795
159153
186043
161400
161400
156054
161400
158525
158525
158525
178618
178618
174574
156054
159848
174574
156322
164256
164256
174574
178618
158525
156253
159153
159153
152912
178618
156054
159848
178618
159153
155806
159153
154692
178618
154366
153188
155882
154692
162234
159153
153080
153347
153188
153407
154692
178618
154692
155073
192620
196007
192620
192620
192620
192620
187594
187594
187594
187594
187594
187594
183310
183310
183310
183310
183310
183310
183310
183310
187594
178264
178618
174999
183310
183310
174999
187594
155645
159630
159221
189708
153169
189708
182643
182643
174999
182643
180199
182643
182643
164460
167069
167069
157109
182643
164460
167069
167069
154692
167069
189708
179013
154692
162076
179013
179013
179013
179013
167069
185491
157109
185491
185491
185491
185491
155073
163208
153477
153188
154366
153634
177563
152942
189708
154561
167069
156448
153477
167069
192042
192042
197787
197787
153347
197787
154853
152912
153080
192042
192042
154265
153188
153795
152894
154613
167069
155645
153482
154561
153837
156322
154692
154692
155981
167685
167685
167685
153034
167685
167685
153001
167685
167685
167685
167685
167685
153001
154839
157109
154692
154565
156253
154565
158284
160516
165702
174519
165702
165702
165702
153034
152871
165702
156359
194127
194127
160516
156112
160516
156112
173031
173031
173031
198515
185773
198515
156359
152942
167069
173031
195345
173031
153114
189708
161983
153034
161983
173031
152878
173031
168604
159630
153617
159848
158766
152908
153634
153472
153634
163059
163059
154007
183747
153406
156160
156359
159848
153350
155711
153350
160516
154937
159848
199174
183747
160516
160516
184200
152871
199174
183747
158097
178626
184200
178626
153350
178626
158766
164790
164790
160076
162210
157681
157681
157875
157681
160768
157681
154937
152894
154613
153169
152894
154853
153518
157681
160516
189708
160935
189760
189760
155458
189708
153468
184398
157681
184398
154565
154366
156359
153634
194312
153468
160516
194312
159130
153415
159130
160516
155003
159130
159130
159130
155003
155003
155003
199674
156448
155003
154565
199674
155882
155806
153275
155003
155003
199674
155003
155882
152825
158766
155003
155073
160516
156359
158097
182834
159428
175043
182834
182834
182834
153634
182834
175043
155806
182834
157681
163369
199674
153095
153169
154487
153406
152942
159071
152825
153477
156359
152908
152789
157875
197467
156253
199674
155981
153617
159179
159071
186083
161208
186083
155863
174620
159428
155073
155806
174620
174620
152878
174620
152789
161002
199674
152878
156776
174620
175506
175506
153169
153518
152894
199674
153095
199674
191888
191888
188247
188247
188247
188247
188247
188247
188247
189008
155806
152871
152912
153275
152894
153518
153095
168508
152825
175770
153617
168508
188247
168508
168508
159221
161993
156253
152942
168508
153080
159848
152789
152894
153001
177991
156027
167069
153275
154937
161722
155645
161722
166665
161722
161722
159071
154487
154821
152894
178039
178039
178039
153518
154561
185611
178039
178039
154613
152942
152789
153617
172977
154937
156027
156659
153617
153795
175789
153332
153415
152825
153350
157875
173632
175356
152908
181267
181267
175356
153518
153518
175356
175356
175356
152878
160281
175356
152809
157875
191795
181267
175356
182651
182651
171733
171733
160281
164148
159469
181267
184722
159469
160281
159469
181267
159469
160281
184722
158766
155377
181267
153407
159469
155377
155377
159469
184722
152912
153407
164148
158540
153472
196938
196938
152942
196938
196938
196938
184722
196938
185780
185780
185780
152789
155458
188312
159630
161177
153251
161177
155981
155882
158766
153518
161177
154937
161177
161177
155882
161177
180003
183250
183250
195529
183250
195529
183250
183250
183250
183250
183250
195529
183250
183250
183250
183250
195529
183250
183250
195529
183250
183250
183250
183250
155882
166018
191422
191422
155882
166018
181267
166018
166018
166018
154937
153350
184607
166018
159071
176775
176775
159221
155703
176775
168835
184856
184856
178295
182952
182952
182952
182952
182952
178295
166394
166394
181267
193918
193918
193918
198063
198063
198063
193918
166394
153477
166394
176846
176846
184722
176846
176846
153169
166394
153350
153617
176846
176846
153080
174699
153034
174699
171312
171312
157074
176846
176846
158766
185398
159630
185398
157074
155863
181267
152871
158766
153406
173168
173168
173168
157681
173168
155981
184210
155853
184210
153634
184210
184210
184210
184210
184210
167060
184210
152942
155853
184722
167060
167758
193148
167758
174026
167060
174026
174026
184210
167060
184722
153034
178525
169739
178525
178525
178525
188857
178525
178525
191344
191344
191344
191344
191344
191344
178525
178525
178525
171330
191344
178525
171330
154853
191344
178259
178259
178525
178259
178259
188857
191344
178259
158664
178259
174896
174896
171330
183940
174896
191344
174896
178835
174896
174896
197495
171837
158664
158664
158664
178835
169739
158664
180286
167060
158664
156794
180286
158664
169739
167060
180286
180286
167060
169739
156534
153512
178835
158915
178835
153512
153512
184722
153512
167060
154565
158915
160930
153512
158664
153512
153512
158664
153512
153512
167991
179834
179834
185235
185235
167072
167072
158664
153512
156534
158664
172977
153350
153512
185235
152825
155645
154565
167072
153080
158280
158280
181267
167072
153080
167072
152753
185235
155058
153512
154565
158280
159289
159289
159289
158280
159289
153512
153472
159289
157274
158280
187779
167991
159428
159289
167991
152908
159289
159289
153407
167991
159289
163027
163027
163027
186575
163027
163027
186575
186575
167112
167112
167112
167112
167112
167112
177547
186575
167112
186575
169791
188386
169791
167112
198140
198140
198140
169791
173535
198140
198140
173535
168312
169791
173535
169791
169791
169791
168312
168312
169791
174619
174619
155348
157274
155348
174619
186575
156407
174619
167112
174619
186575
167112
167112
156407
179420
179420
167112
179420
179420
179420
195636
179420
194489
194489
179420
179420
179420
179420
156407
162131
156407
163027
167991
167112
167112
181267
167991
155458
156027
155698
155698
156027
158260
153500
155348
160516
175386
155348
175386
155348
153500
155853
162131
153500
155748
153500
175386
167991
153500
162135
197959
197959
197959
167991
197959
154561
175386
153500
153500
155348
175386
153500
153500
189228
177943
189228
177943
189228
180768
187176
187176
187176
187176
153500
192109
192109
192109
176906
176906
176906
176906
155348
187054
176906
170892
176906
187054
187054
160957
167991
160957
154746
167991
167991
155348
154746
160957
155348
162135
154746
155348
167991
187054
199618
199618
199618
167991
199618
168744
182643
192327
192327
168744
192327
192327
192327
192327
192327
192327
168744
192647
192327
192647
168744
192647
168744
187054
192647
192647
195168
195168
163302
187054
195168
195168
195168
174250
174250
163302
193754
165822
168744
193754
165822
199952
174250
166940
165822
166940
163302
165822
163302
165822
165822
165822
165822
163414
187054
163414
163302
165822
187054
165822
168744
165822
165822
165822
163008
165822
168744
168744
165822
163008
165822
163302
163008
183890
187054
165822
162962
165822
154871
160957
154871
187054
191454
165822
165822
191454
191454
191454
162962
160957
162962
191454
191454
191454
162962
191454
165822
191454
154746
154871
165822
181238
181238
180271
180271
190161
180271
154871
165822
165822
190161
171480
155458
155863
190161
190161
162135
154746
154746
191974
155726
154871
191974
154937
162135
191974
158260
154913
154746
180061
180061
180061
187054
197788
197788
167991
180061
197788
180061
176440
197788
167709
167709
197711
197711
180271
174895
174895
167709
174895
167991
174895
187054
164399
167709
167709
180271
167709
197378
197378
197378
197378
197378
167709
197378
167709
197378
197378
197378
199560
199560
199560
199560
199560
197378
199560
199560
166680
197378
197378
190772
197378
190772
156144
168200
197378
197378
156144
190772
190772
190871
190871
190871
190772
190871
190871
187054
190772
190772
190772
168200
190772
190772
190772
190772
168200
190772
164399
168200
164399
168200
172724
190772
164399
167709
168200
164399
172724
181267
181267
193487
193487
193487
193487
192068
192068
189997
197171
178347
192744
192068
159817
164399
190772
159817
166052
180740
180740
166052
169920
190772
166052
190772
166052
159817
168200
159817
168200
168200
159817
166052
159817
162542
166052
153347
159817
168200
159817
156225
166052
172281
172281
172281
172281
162542
168200
156225
168200
158379
158379
162899
161612
167991
162542
156144
162542
161612
161612
161612
161612
176822
176822
161612
162542
161612
159817
162542
156144
162542
161612
161612
168755
161612
161612
161612
156294
161612
181844
181844
161612
181844
181844
181844
181844
172977
188816
156144
188816
188816
188816
197222
156294
172977
156294
167036
182483
182483
182483
166303
186272
186272
166303
186272
186272
186272
182483
182483
186272
181057
182483
186272
193752
193752
191144
191144
193752
191144
191144
186272
166303
191754
191754
191754
191754
166303
159846
167850
166303
167226
168755
167226
194314
183212
194314
194314
167226
194314
183212
198512
198512
167991
183212
175586
198512
175586
198512
175586
199394
175586
167226
198512
167226
183212
167226
167226
167226
167226
198512
166303
167226
198512
167226
167226
163509
166303
171863
183212
171863
183212
167226
188736
188736
188736
183212
171863
171863
182901
182901
182901
163509
182901
182901
167226
167226
168641
182901
161225
198452
198452
198452
198452
198452
198452
198452
198452
194956
194956
192416
192416
192416
192416
182901
192416
182901
182901
192416
182901
171413
171413
192443
163509
171413
178902
192443
178902
178902
177220
182901
178902
178902
192416
177220
192416
192416
177220
171413
178902
161225
161225
154093
159071
163509
165132
182901
163509
165132
165132
165132
180745
180745
186949
186949
186216
180659
186216
180745
186216
180745
156144
180745
156571
159067
161612
161688
161612
161612
158379
159846
161612
156144
156571
159067
168755
159817
159846
163509
154746
180659
178498
178498
165589
156144
163509
161612
154899
161612
161612
154871
161688
154746
159067
188841
156144
156144
168755
159067
159067
159067
161612
154746
159071
175105
157954
156144
164070
164228
164070
164070
158274
164070
154530
158274
156294
154530
156294
154530
171746
156144
154530
164070
159071
157954
164977
171395
156294
168169
154530
168169
166493
156801
166493
199397
199397
166493
168169
199397
181146
189260
181146
174056
181146
199397
190253
174930
199397
174056
199397
181146
174056
172734
174930
174056
174056
172734
172734
172734
191194
187055
197689
168855
168855
158107
172734
170801
170801
172734
170801
168693
171746
192659
192659
176697
188820
188820
176697
176697
176697
176697
191194
176697
191206
191206
154530
191206
177321
191206
177321
177321
164666
162606
166665
174012
164666
164666
174012
166493
158649
158649
177321
158649
177321
174012
157815
157815
162606
162606
162606
157815
156144
165556
165556
177321
162606
162606
156405
164037
164037
164037
164037
165556
164037
180838
180838
180838
165556
180838
180838
160200
162606
180603
164037
180603
180603
156405
154530
160200
177321
180603
163156
158649
180603
156405
154899
162606
162606
163156
175510
177321
162606
193187
195315
193187
189965
189965
193187
160200
193187
189965
164262
164465
193187
171746
171395
154899
162606
154530
164262
160200
154899
162606
162606
164037
164037
164037
154093
162606
168169
156785
154899
162606
168169
160200
168169
156801
180659
158649
153625
154101
160200
154899
166665
169497
156801
176013
169497
175736
171935
169497
169497
167108
167108
169497
167108
153625
167108
154855
167108
154855
153555
156801
155153
169497
156869
154855
154855
154855
187248
187248
187248
160200
167057
167057
167057
167057
167057
173734
154093
173734
173734
167057
187420
187420
187420
172297
173805
172297
173734
159965
173734
173734
154855
169497
159965
169497
154855
188518
188518
188518
188518
188518
173734
156869
156801
173734
173734
156785
176537
176537
156785
156785
185800
185800
185800
185800
176537
176537
185800
176537
176537
185800
161727
161727
185800
185800
161727
161727
161727
161727
198351
198351
188892
198351
198351
198351
198351
198351
198351
198351
198351
198351
194205
198351
194205
194205
180744
178428
194205
194205
180744
194205
168557
194205
194205
168557
184260
194205
178428
184260
184260
172722
178428
172722
168557
172722
191230
185800
189101
180852
168557
189101
180852
180852
185800
180852
156785
180852
167903
199911
199911
199911
191629
198505
198505
198505
180852
168557
198505
198505
180852
193156
198505
193156
193156
194205
193156
193156
193156
193156
193156
191984
191984
194205
180852
167903
191984
167903
168557
167903
178428
178428
176537
167903
167903
175543
176537
176537
175543
175543
175543
167903
167903
176537
198113
198113
167903
167903
194205
162647
166898
175543
162647
162647
162647
160200
176537
186171
158897
158897
162647
176537
176537
162204
158897
162204
162204
175543
162204
160200
192227
162204
169497
158897
192227
162204
192227
158897
158897
192227
154086
158897
154093
156144
197746
197746
199130
199130
166859
154070
166859
166859
154070
166585
166859
168755
154093
176537
198807
166859
166859
160190
169497
160190
160190
158138
158138
166680
164037
165556
176537
164190
164190
165556
162058
154070
154070
160972
158138
160972
158138
160972
160200
160200
179423
179423
179423
179423
179423
154093
179423
160200
158138
160200
156144
158138
154093
156785
161993
153625
154086
164037
160935
154093
156785
186972
186972
186972
184369
184369
153969
184369
184369
184369
155808
169681
169681
184369
169681
153969
154093
154086
154070
153969
156808
156808
156808
176537
156808
156294
160200
165556
156808
156144
196748
153625
169497
156808
168833
168833
161139
161139
168833
196748
176537
156294
161139
196748
165556
196748
184613
184613
156294
156281
156281
156281
156281
165556
161139
153969
156294
154070
161139
161139
153625
153555
153529
196134
167082
187607
187607
176844
187607
153500
165556
176844
187607
180496
180496
180496
180496
180496
169597
180496
156294
180496
169597
153529
156141
153625
155153
155863
155153
180496
153529
153529
180496
161139
153309
189710
161139
189710
189710
189710
153309
164070
171657
152789
171657
171657
171657
152773
171305
171305
171305
171305
158649
152878
164070
154687
155234
160190
152942
171305
156281
174653
174653
174653
174653
197492
174653
174653
171305
164037
154687
160200
166665
198038
198038
155726
154687
198038
152912
164040
164040
164070
154913
164070
155153
158649
152753
188848
153347
188848
152908
170613
198038
187623
153529
197108
197108
197108
197108
197108
197108
178414
186026
197108
197108
198038
164736
176885
176885
197108
197108
197108
198038
196205
197108
196205
196205
189872
196205
196205
187623
196205
164736
188848
164736
164736
196205
189872
196205
164736
196205
189872
164736
189336
189336
189336
164736
164736
187623
186026
163615
188848
188848
176885
163458
176885
176885
163458
176885
175473
158621
158621
158621
158621
158621
175473
175473
188848
175473
188848
155014
164040
188848
158649
167902
167902
155014
155014
155014
158621
171823
172971
167902
172971
167902
167902
167902
167902
171823
167902
167902
172971
167902
167902
154585
167902
167902
154585
158621
164037
155014
154585
164037
155703
167902
154585
155726
155014
187975
187975
187975
187975
155863
155981
187975
192862
192862
160200
192862
192862
155014
187975
180574
175789
175789
175789
175789
153936
152753
175789
175789
172466
175789
186901
186901
172466
186901
153936
155645
177996
177996
177996
153936
153936
164070
186612
158649
170394
164037
154585
153936
153936
154839
160200
153936
152773
154839
152878
158649
188942
188942
152871
188942
163374
163374
163374
158897
163374
188942
163374
152908
188942
156281
155159
154687
179214
155863
179214
179214
179214
179214
179214
158649
171746
156281
156281
176913
152867
184040
176913
153529
192640
176913
192640
192640
195870
195870
157381
152878
192640
190370
190370
162535
184267
184267
190370
190370
184267
173457
173457
171873
173457
173457
179214
158847
169132
163546
177344
153301
177344
163546
173457
162980
162980
157518
186741
162535
173457
186741
186741
186741
155014
199190
199190
168566
168566
162535
168566
164070
162535
158847
158847
164040
162572
162535
164040
164040
162535
162535
153309
157518
164040
153625
189682
189682
189682
189682
189682
181759
153301
181759
181759
181759
181759
153625
181759
155726
153625
177275
166681
166681
166681
177275
153000
177344
157518
166681
161394
177275
172847
155703
172847
177275
195958
195958
195958
153500
195958
177275
177344
195958
153301
195958
156359
158621
168636
164040
160085
160085
166681
166681
177344
160085
154687
153169
189682
160289
158664
155703
154446
154446
167720
174093
169935
169935
169935
169935
169935
192028
169935
177344
192028
167720
167720
192028
166902
166902
166902
166902
168725
154585
178594
180986
168725
166902
166902
153301
153000
163412
183409
154585
154853
199844
152871
155645
155645
177118
153301
153301
154951
155181
155645
152942
176897
199844
153301
176897
153625
176897
154839
155645
155014
153347
155645
153500
153000
153406
154398
176897
176897
176897
160875
153000
154853
153169
154853
155645
160875
153301
194518
194518
194518
194518
154093
155599
155863
166902
193803
153512
154093
193803
187731
187731
155853
174743
155599
193803
155645
157274
174743
189682
174743
189027
189027
189027
189682
188038
160190
179829
179829
155645
181169
179829
179829
154093
188038
181946
188038
181946
153512
155477
181946
181946
152753
174743
174743
174743
152773
174743
155645
174743
193803
158664
155014
163412
158621
154561
153169
152929
153309
158585
163412
152871
179532
198701
163412
188038
179532
179532
179532
196448
179532
179532
195275
179532
158426
158426
153350
177343
159401
177343
177343
177343
159401
184640
184640
158426
159401
182346
160930
158426
158426
184640
158426
189682
177386
177386
179214
177386
159215
158426
160077
159215
158426
159759
184640
159759
159215
184640
160077
193803
152743
156134
159221
156134
184640
184640
157681
153332
196913
186449
186449
186449
196148
196148
196148
196148
154857
196148
186449
159630
152749
175043
154857
152825
152867
154951
152749
154913
191065
191065
186449
152929
166787
166787
157381
154913
158621
159071
172090
183875
154913
154857
153332
172090
155181
153103
153103
153251
154857
153332
157954
155703
158897
158621
193199
153103
193199
160190
152844
154853
160190
153103
154093
159221
153625
155599
154951
154265
157381
152871
154635
153625
196397
196397
196397
196397
196397
196397
196397
196397
194817
190439
188729
188729
188086
188086
188086
157375
192048
188086
192048
166471
157381
157375
192048
152753
157375
166471
166471
166471
188734
153103
192048
192048
153359
192048
166471
192048
166471
166471
157375
156434
156434
156434
156434
166471
170550
170550
166471
170550
157375
157375
153359
153472
153359
155599
153472
152871
166471
166471
157375
154093
152743
155181
152773
169149
154398
153500
169149
192048
194817
174643
169149
169149
169149
169149
194817
169149
169149
155645
169149
152929
160289
153500
153103
153500
153103
154913
157381
192048
187318
166471
166471
152871
192048
152929
155645
155477
166471
154613
187318
152844
163509
163509
195109
154613
195109
195109
176091
176091
160190
187271
176091
176091
176091
176091
176091
171888
176091
187318
171888
155599
157375
163509
163509
196134
163509
196134
196134
198470
163509
196134
196134
170613
196134
196134
196134
196134
155599
157375
152929
156882
155645
196804
196804
154687
196804
199408
199408
199408
199408
179756
196804
196804
152809
199343
153407
196075
196075
196075
153169
155645
196075
196075
152929
196075
196075
196075
196075
196075
192467
192467
199343
152844
196075
196804
196075
178259
192467
196804
165057
196804
192467
165057
165057
165057
181380
165057
181380
181380
178259
165057
196804
180834
174721
165759
165057
165759
199343
165291
165291
178259
165759
165291
165291
174721
174721
170183
153567
157418
157418
196211
196211
196211
197014
196211
197014
196211
188339
186284
186284
188339
170674
170183
170183
180786
164388
170227
180834
174721
170183
174721
174721
168607
176989
176989
170183
170183
180834
176989
153567
180834
176989
180834
168607
168607
170183
176989
176989
168607
165057
170227
170227
156882
165057
165057
168607
168607
168607
165291
170183
161896
156882
170227
174922
157418
174922
187528
157418
165291
170183
172078
170227
165057
165057
165057
165057
159528
170958
171431
156882
165057
171431
156882
164841
179049
179049
170958
179049
172973
165057
179214
164841
152844
153567
164883
153567
164883
153567
160720
165291
164350
171431
164841
178120
152743
160720
178120
164841
164841
199317
160720
196465
189248
160720
181408
156989
156989
181408
152856
181408
156989
155599
181408
199599
166471
165568
183594
183594
181408
183594
165568
183594
154690
152844
160720
154951
154690
152789
155181
160720
154690
155645
156141
155181
155477
154690
171700
152844
155073
160720
153332
166822
166822
158193
153567
152825
160386
152516
162363
181416
181416
181416
181416
198014
169752
195719
195719
195719
195719
169752
162363
181416
162363
181416
181416
192880
153407
192880
192880
183086
183086
157375
169752
181416
163892
162363
162363
181408
162363
163892
162363
152878
153500
166471
160386
160386
153359
154690
153169
153769
152844
160386
174135
174135
174166
174135
174166
158989
174135
153103
158989
160386
174135
160386
160386
189743
160386
181408
154093
160386
174135
189743
153769
154093
152867
156846
158989
158989
153769
193545
163892
158989
156846
180051
180051
180051
189743
180051
180051
180051
180051
176360
176360
180051
176360
189743
171087
176360
176360
193001
193001
191382
176937
189747
188747
186587
186587
188747
176304
173862
188747
173862
188747
183818
183818
183818
183818
171087
171087
183818
189743
183818
183818
183818
176161
176161
189743
169995
169995
173862
173862
169995
173862
173862
176161
169995
154410
176161
169995
176161
169995
176161
169995
154410
153407
171087
169995
173862
169995
171087
153294
169995
176360
153275
171087
157375
173862
169995
167000
173320
153512
153275
192626
192626
192626
183818
192626
169995
191632
191632
191632
191632
191632
191632
191632
187414
191632
191632
191632
187414
186816
187414
191632
185634
187414
187414
172163
193297
193297
193297
186816
186816
186816
183705
185634
179052
183705
183705
183705
185634
176360
183705
172163
168869
185634
157168
185190
168869
172163
172163
157168
172163
172163
185190
172163
172163
157064
185190
158989
178431
194314
194314
194314
194314
194314
194314
194314
194314
157064
178431
178431
167902
157168
163892
178431
178431
178431
178431
166471
157064
157168
157168
157168
178431
157168
178431
157064
167000
167000
167000
154767
167000
163159
167000
185505
167000
185505
185505
192205
185505
192205
192205
185505
168155
185505
169995
163159
155218
157168
163159
155863
193777
193777
193777
193777
193777
193777
193777
193777
177987
154767
155599
198193
190196
190196
190196
190196
154767
190196
187727
190196
182761
154690
187727
154690
173862
165794
179909
165794
165794
179909
179909
184912
165794
184912
179909
184912
167000
165794
179909
154690
154767
167000
152912
189831
161698
158989
189831
179909
161698
166367
198050
198050
198050
161698
198050
179909
166367
166367
179909
166367
179909
179909
166367
166367
166367
166367
166367
153301
157168
154767
157064
155073
154093
173862
169995
154767
166471
154767
190134
190134
190134
190134
190134
190134
154767
155181
169995
154046
190134
169995
154410
186066
186066
191094
191094
190660
190660
199583
199583
190660
191094
191094
190660
191094
158600
190660
184946
186366
184946
190783
190783
190783
186366
154410
186366
186366
186366
184946
155599
153406
184946
184946
156027
184946
184946
175521
176553
175521
175521
175521
154046
164061
175521
190134
175521
153332
190134
152809
175521
175521
185505
175521
152852
172388
172388
172388
153567
153567
152625
185793
185793
199475
152867
172388
153251
190326
190326
153371
190326
187026
184599
187026
187026
187026
199475
187026
187026
187727
184599
184599
184599
153275
184599
190134
168922
185505
168922
185793
185793
152871
152878
185793
185793
176497
176497
187727
182879
182879
182879
176497
176497
153477
172388
153103
185793
152753
190196
155153
152878
190134
169995
172388
172388
172388
152844
154046
154046
152844
152749
155477
171950
155285
152825
174135
155477
154722
154410
155882
176497
192867
176497
153169
155703
155645
176497
152844
152844
154561
155477
182878
182878
182878
182878
182878
188898
188898
188898
188898
182878
182878
188898
182878
182878
182878
188898
182878
177471
182878
177471
190134
177471
177471
188898
188898
152743
177471
177471
177471
177471
168314
177471
177011
168314
153019
168314
168314
155458
154951
153301
154690
153301
155181
158193
152844
152753
155477
155981
153118
193384
155285
155477
169995
153371
182472
155153
153567
155285
155975
155975
155975
167236
155975
157381
155975
156882
155975
152743
155224
166281
152844
152743
169995
155224
155224
166281
153795
155224
152809
152844
152852
153275
152852
155477
160190
154046
169995
158600
192770
192770
192770
152743
159872
155645
159872
154857
159872
159872
152852
152809
153019
155863
155477
153500
153275
153406
155806
153301
155477
152856
154613
156141
152743
159804
182472
154690
152806
155234
185793
185793
152852
152844
182472
155703
155477
153275
152844
183727
164223
164223
158600
164223
184686
184686
164223
164223
155224
153251
164223
175784
175784
175784
175784
175784
196065
164223
175784
174441
175784
174441
174441
174441
174441
158534
176497
158534
174441
153332
152871
174441
185793
164223
155153
174441
153294
160535
160535
152516
174441
176497
160535
160633
152789
191227
191227
167892
191227
189771
189771
189771
189771
189771
189771
189771
189771
190877
182398
164628
190877
182398
182398
197509
182398
197509
197509
180808
182398
180808
197509
197509
180808
177920
197509
180808
182398
177920
180808
180808
177920
180808
177920
180808
182761
170850
170850
170850
178226
164628
164628
187571
187571
178226
177920
170850
164628
164628
164628
174441
160535
164628
157936
161123
195216
162770
161123
178226
195216
157936
179033
195216
179033
161123
161123
154857
195216
179033
160633
182398
198453
174441
174441
169723
178226
195216
183469
172728
183469
183469
183469
185793
180601
180601
170594
183469
183469
154857
188135
188135
188135
178226
188135
188135
173563
173563
195695
195695
173563
176333
176333
173563
176333
169723
176333
175774
175774
175774
173563
173563
173563
195216
173563
173563
183824
183824
183824
170594
192619
183824
183824
183824
165702
171659
192619
192619
192619
170594
165702
171659
170594
169723
169723
169723
167113
169723
165702
165702
183824
170594
167113
170594
165702
180543
180543
180543
180543
187709
187709
187709
195241
195241
187709
187709
187709
187709
195241
195241
187709
187709
198644
173722
198644
198644
198644
198644
180543
198644
198644
173722
173722
165144
173722
173722
154857
198644
173722
183824
173722
198644
173722
165702
183244
183244
183244
181140
181140
181140
165144
181140
181140
160633
165702
181140
161945
161945
167113
167113
181140
167113
181140
167113
164902
183824
159938
161945
161945
159938
161945
161945
165702
190580
190580
190580
190580
190580
190580
192096
173353
173353
184376
192096
173353
197441
189742
194328
186075
194328
194328
186075
181140
173353
187621
187621
187621
194328
187621
189742
189545
189545
189742
196684
189545
187621
188930
188930
173672
173353
196526
173353
187621
173722
181140
174785
174785
173563
174785
174785
166535
165059
160633
165071
181140
173722
174785
165071
165071
181140
160633
160535
174441
190387
190387
190387
160535
164902
166535
160400
164902
183193
160400
159938
166535
173353
173353
165702
160400
159938
160400
159938
164644
173468
173468
173722
159938
162325
162325
173468
162325
162325
162325
183193
159938
154587
157936
159813
173353
