5000
350216371 301424062
365458073 994726840
375006358 361689572
228515706 656280792
184425123 790379697
571783114 683784003
558531382 412235515
988943179 327736223
252072770 285368949
743867538 742971009
806163742 31162759
760203413 785452627
751077251 632769714
754182760 491364665
724300421 569383295
511817418 336389771
679724473 182139703
201433643 869143847
368014142 616752863
171492584 163007584
646619271 181251162
237085151 246594938
137710910 433330720
21648045 129069968
248869349 802181933
461531769 46399201
898157584 523106966
646435604 13826601
621699590 183318371
793293198 505862512
993675431 611762844
484788209 21417540
143760427 390531953
446698853 311936445
274524606 555612460
306088179 123002803
36499601 941685606
281439241 759764542
133005176 237096448
139017024 737250651
11070125 570864390
698071468 218437910
575707865 900054575
851601563 658306934
38379277 810901691
422444995 56077698
342228258 615880125
856919406 523616469
144751562 295399546
965155698 377946369
300325545 784551598
990052945 511618699
791111809 890667380
348327734 679719675
947399102 746381030
162225039 963392657
144939095 982391508
83417518 937597734
269534587 868908085
164498135 620143959
245780392 151299308
346780748 896578238
255286916 521536582
132949859 524880903
150573798 390771862
411436809 453285502
289697347 392635995
575025613 47677469
425925296 715679961
135020393 638110132
630519989 982693479
493808800 418235319
565121300 271145688
709296951 445650021
360593210 335382825
390666611 619870660
144825749 574383837
966509561 847040044
494854252 597416951
936593087 743434341
464742085 632647774
544699283 309288971
115861042 179531561
469583858 726703777
417270209 812271831
228300784 823884567
508314876 829115311
229477349 625909733
6473560 772396912
930068678 408246873
26682331 535532909
588287817 407139458
926029778 778789036
908586220 980408377
276774954 395494053
578093612 699221520
298409753 322748563
409809349 806635423
474378604 664693490
188757971 939211568
264672129 936900040
515581344 952346338
308700495 855133703
31582844 737686292
648354060 187720526
938453825 514445876
320641998 541099035
165340730 765520566
334238022 221950721
899479623 309225620
705152958 804890369
537945807 478058642
547599703 291400745
308303224 555968539
520414817 374343647
594326890 268787269
124042853 742348153
469793049 512236456
214890912 47188783
241798729 160509213
444551015 686635500
80928755 967549335
690341096 773203244
161275714 820351112
775148861 118408605
498332200 918410066
144278674 814414325
344884679 995884861
812857188 773233192
482553290 796464040
640242792 984394062
495887564 487844848
743169512 251818326
433517122 353092664
850757940 392137487
604244853 513886911
446801861 781071019
810893421 786742893
660611696 723531483
133173964 551714843
478543558 535070033
73415250 723950778
734100856 609932829
772899706 636198006
999178642 217974724
78719335 861798249
196430844 849661243
556264361 930664105
239833640 299857737
156655915 903598204
112591549 437744232
687177149 223434019
639865048 963262168
844994817 420327897
80313470 734951851
222985156 176659183
774054551 264578567
717744706 778444544
787963219 646226322
931580488 812505408
11984687 133659386
196436750 947159737
279545939 166500622
826709763 223367843
141205972 847631254
941748077 240283800
643218014 398222114
328729688 301884376
761015483 808836684
6206073 955656313
821969611 126673385
704617519 186673235
205990038 945059950
665361500 249271108
570115305 389763740
103954343 16465798
158651766 309024662
961850128 872307750
794526219 288955036
894704332 337980673
202246686 36158134
414121825 124657158
912982241 96311772
472041665 587381317
58588530 772684757
113083045 538692112
76111018 541816749
708551066 995518890
975007621 887412089
985309610 407238190
371974404 537754728
328663512 803225300
645384569 905589944
826161976 518560857
485239874 232417917
829842712 173634167
750248155 233521317
842573269 283277500
50562368 162800771
478122170 210471149
970052330 777949412
263961499 162877116
17789337 566199616
687802287 355426467
663640094 56260185
46145775 275965363
803715163 662286416
508137962 28612520
285909980 180600509
282083890 629704742
45749405 309240895
109259148 848117382
802632428 335133634
274730614 913233903
524027413 142351451
307716604 619581155
223771996 929049426
361092416 96009042
734039566 666377097
295087339 616772050
619679965 645561468
236476968 855535133
186668513 520601818
64375020 902130774
430888890 507439636
8546887 137328466
638773359 335770720
902754546 350471176
554177417 334912074
801784701 921780296
832160051 21425191
60339129 46868045
436580221 400584308
39488396 948180031
475617904 987536145
964237501 383779207
749711620 774644255
621157856 908420940
670467537 773488429
945362837 452161253
780956218 939818541
111449203 602247118
310191401 286291414
559242027 176903952
492469206 960508109
56520647 785859536
190759194 307551195
652534550 235900759
895849849 461832714
234377278 278247574
850134282 290886592
956767938 978727638
726483419 68728347
25879264 36526242
25579320 616463133
791229150 377273466
842442869 841276593
865259650 46300516
830665998 752787935
394333496 200679463
504734460 577655683
713802754 197370331
137401864 673350910
427011270 770983983
48160837 552429510
882541677 633941296
747909110 328899705
660932104 403682753
97375673 270172611
736987469 263890886
455625417 806454093
782570457 291789744
455773650 478864965
72056783 993388864
170149332 979183641
808889490 124865867
413671878 681947769
395705898 216192987
542977483 627868234
317795535 322800667
971352675 755706654
299538774 761688435
160837717 984775058
594703010 550653126
385502944 386394686
974243734 837277135
582638604 415149856
391789974 379868594
163983806 31854986
801664434 921208878
130373428 799143037
453188449 725360171
581076836 126835024
334402523 986220676
168061989 676157047
808979744 546722548
884669668 350592784
289647153 618348283
223815490 367420602
899999771 75905057
314881160 40201798
191724431 248940455
848810214 9746454
671677419 688311708
100870934 268870875
881790465 556756808
459806246 641638489
513820924 424630128
871036987 948945991
472041283 542489435
760959569 227282409
650653356 309597888
71513527 934041937
645552705 333698150
566339643 382043521
708191176 475672099
930984053 532793560
39418414 573616621
339336792 811549961
211539248 156446709
255798038 385456533
514179394 625572555
915197479 581697336
896069193 575071781
279079258 355605217
972795579 890117341
801080960 517956251
367713882 839209062
109217746 658930872
209522042 275193594
670409663 860127459
476772461 944424226
13072838 496333933
42577415 834233692
726441011 932123589
528560936 295965207
669866734 116436067
569693857 870842229
426201450 132697106
941884007 232304466
824824192 986621834
124176109 291146050
711633859 848063718
998899639 986559828
519720723 543084482
531039207 505103101
85108951 279415660
627885774 959832832
715589800 397743328
55878699 44355251
155495887 763372088
633187775 46774793
530781026 986173746
765941233 509934911
806322393 519650165
840309424 122657919
139210150 666437561
744154388 165306563
775018509 197356802
316538453 53240007
780744134 644834088
778354994 682085761
776627703 765188849
662777433 623091942
585655042 583520112
104900997 916266540
326374714 422233843
391995043 702166274
847411685 457738549
546991663 546327297
73045210 801542838
670021376 466480717
762340349 886205120
726748108 403023191
502787958 862696926
297055400 92497859
812088287 472358588
939454255 239229348
436997375 210953933
654779751 828614753
138762062 308202685
962943249 259995097
446604956 38766587
452636544 672729434
904097213 857949269
438558456 371995319
694568845 453841528
756184608 688246276
832745802 305996407
742631507 537398356
328191475 451823501
968312192 757040290
444758051 796698313
953323292 66379618
975628888 353228457
249529731 174682252
553641337 689042395
107768842 701049892
106973994 216179849
710296110 74094074
53459319 420751702
660391685 965389603
534505452 845231900
124185668 55047998
27600538 142755943
285906057 370617758
235325046 301551295
579085023 964079811
754561349 273900855
152226256 745555065
931792594 236456696
962433325 830003140
804489951 17806755
711603635 729179243
919336077 910952709
564060609 777697805
278395870 599875565
251492300 957573718
216498456 666760898
177955268 480678241
42136965 679422438
914153363 230073824
421435864 13073036
212248928 723638198
884552445 89962088
989446258 377794752
296843773 799343402
510033466 275761515
142355833 60516121
713897304 576931735
628733445 457424771
877092731 546922298
100618979 606483620
456464396 5251223
880115432 566011988
751830884 30923152
389348411 62264169
756108808 553997843
939612924 163089924
319969675 528728437
875450923 651087515
15281940 342404343
282219265 106635839
900605075 731473573
499256587 645008681
501109323 211247234
786645467 611943281
728847358 11213814
290074028 851889195
473965017 867438022
73460113 49159005
403668524 355824009
214511166 338358744
362512813 954439431
517124138 403397628
375156441 410882261
561259535 68888624
75822413 417486212
670779305 265149451
818074941 89405166
316409593 604575202
531286207 12677411
492551876 702671880
627254629 33524403
847753004 417750065
191485031 985173494
645965787 916572048
153571997 464568663
89827981 946393317
266581931 864733054
435856535 635455625
913398633 409851422
328599089 896534122
679961028 773968057
119391406 26175479
383959186 256549626
4136192 56214953
675952992 88286620
403193219 487096477
202252013 749942504
248530764 416119497
687857501 652391085
967541094 739700817
497483629 151408114
740289536 179288292
737525185 896811249
145758046 791899463
705445981 59859968
600439011 475071255
336724420 404265257
299478662 140158153
831272391 97810501
169219302 775365535
297315994 993574703
949030955 413871181
967085035 938419868
206103782 87293640
127207870 539045287
489697580 121499171
704405442 268739122
296095112 204889774
437243638 715126150
726696818 243801034
425277236 906325692
886995652 900587458
790970627 409618517
538065523 788380833
782857470 310110897
210015716 600563862
525183216 428495808
250003238 375984459
447002673 471550415
883193181 532635412
459567612 430631897
65202646 461644948
634582733 694113320
588075604 436136963
613294631 889860146
602092631 42891559
314953032 859108406
565349820 696752133
468391488 520535148
163867944 591100577
491417196 734553368
204100460 594572459
79477676 59065684
56296526 242760495
634156390 601981793
616814171 1106676
101831520 836836673
641708404 382385678
591372661 27887247
335237639 94218495
941227030 17530376
624512890 191756894
818693702 475462349
396463403 930610758
349018133 190937555
319687934 204242179
837394026 281211389
915821242 458460937
328800378 228365974
819936545 252197056
102740660 560188358
100899325 519076137
948633117 584562256
418378670 123196139
40414705 89887472
300288731 537780731
171517016 972930390
271412644 287175018
897159343 922889072
678751218 621016740
730265307 827930553
422823951 381959335
499241134 56625814
900207352 582755384
888203557 57146149
964007009 468176523
987472543 245350168
793929765 403446300
846013361 651582501
920344251 531518685
578303007 473574332
251859541 728001394
460672249 491757382
781418229 455434692
781970256 859195429
558253586 746044995
340162418 762790397
288190048 634564138
572715816 855549158
725146373 545186818
738548896 766796170
202851889 508896021
511584466 826714400
285921191 443515623
512258142 779655263
505756790 441724652
140918817 819555790
62763155 984220313
487768136 660033555
93769288 864676997
483909999 44658195
857609012 343016740
318597254 197210840
265324635 478576523
733765703 967215366
117525110 402497739
139324360 140688989
25761896 136578356
332655516 432303752
665238240 476451937
3989247 121384675
361665405 917293260
375285431 513595392
888435984 997145679
444193144 90979209
369239504 94139294
121783456 757931008
427661709 336051158
627471811 62162901
483134126 375006111
494058885 853617440
778277384 35806206
775666017 384372116
80059248 223625558
444270360 549167764
95784330 490622458
215840412 2790080
495437494 389770706
922874740 99678005
915355032 982546097
569739030 203161735
995442398 358759593
473156482 263907671
624220356 103518155
365022973 641389781
56519109 109029959
988033393 116070477
380667608 513366790
905544264 358875326
421855767 985514726
590720653 788757980
81790648 461647048
521240180 166077770
98696897 763023864
284774527 163754039
711830803 523953657
697139929 841744346
318487003 385028927
865584048 662206908
655138599 262299228
478827853 721183923
801769792 458755635
958447112 307026351
408831811 754193365
481549901 329359725
291073810 159850877
814903479 751600994
270715295 45785374
506021807 153698053
40272591 88127556
398323624 962013449
448379557 102723746
162561929 335335187
307260168 529277759
157623366 73641258
104534980 151350900
877325426 92496043
694440917 430869777
973854502 330189655
190931754 475454807
660055964 944998845
722751274 196646972
765430416 749817355
75574101 594416184
679182418 983151817
77768760 336306290
504583543 581497342
157764249 327476954
843858498 709273750
764314719 527577336
333171850 78642157
563261612 6095095
669303762 346074966
437099604 618256508
986170579 520897941
970211274 911605624
474515636 57120775
10358797 62017335
457429907 866882216
944959498 835084976
491476690 597986419
764963041 630046031
740469409 25892824
588089289 871230332
423192282 348365952
993770174 355597995
344019077 670033814
505243534 748450341
470483210 665630500
186288176 703413082
292387449 208691886
649456687 844097443
491675128 479782342
571343250 874537513
841027934 131871426
739387666 972628167
286081469 415948768
533807163 977573856
734623081 893227799
500851562 920853422
875591757 771469105
431968333 282757498
228510493 761519389
262148938 630418194
565445648 530576456
490674086 582892395
25854283 813088073
95697311 518848524
311904951 349014274
96238869 762895554
291269744 694861491
370378771 502338861
472774196 222301070
923629663 61261580
441523322 743724146
486301404 840065017
100184853 655711721
212738997 709495055
182837604 836368615
748400133 972826605
167877392 222328977
778298645 78132381
840601683 44526176
602249397 783742609
943174573 311506094
53944194 673361502
451704478 757127417
434552019 35526741
671284253 776256613
70018502 519015439
578681786 425780324
882018062 592619044
362699065 268345110
804593751 947721903
972486391 51171136
916599128 528162343
405839702 784732776
708951361 617908243
243157014 613251355
67786843 437247456
551016818 147373051
991243079 922507884
165042361 60521081
958046956 507565810
293012657 944393888
904901305 235115702
863882225 697228998
56227478 639715050
816489276 993565870
369181021 222693441
801369163 988998043
715955767 505927118
760489277 906571144
682118424 529196595
592085057 374030939
77479786 163718444
483243957 125624615
614114135 343566085
561898100 184789065
536391567 722984016
451855835 811027882
578540883 749792951
249801974 927601086
812206577 899912585
24243500 802380218
935789820 713960420
21166299 693755905
359767671 387298375
664129095 865618465
308393750 821476277
498622982 773257892
971174244 570028642
492538054 93873424
656574820 114089275
447427025 128626393
827508474 916576692
969322371 566800804
286903622 87408744
967831745 22199863
146159448 373190903
242442050 816499960
220802846 770608781
875407958 304221895
192544201 913215316
633086562 520240712
686991266 447808826
737362041 407765175
895475543 535279144
841705512 11740080
462889330 162393231
959769342 790006715
753753138 651052598
559938169 119289861
493157575 250557519
818347948 55545777
194754175 750913780
232531904 788153039
134485012 50814157
35895852 563409070
674553100 957258911
252167913 644834741
651199946 285033795
168857052 37501760
162823555 318269774
6862636 167613762
594251170 717274227
203851916 90613672
178436729 491528271
583968057 432649808
636123770 824593802
268326044 629135132
238662217 675827652
268072800 42156526
796608881 452328247
238908124 857973784
372455590 523435739
4877445 295275569
568142062 242495116
586154800 663139467
472615870 68409899
535321805 60507768
614433750 993754147
787219734 565619044
512251564 556704253
520080240 92328487
254205277 583567606
324500947 816579317
584803322 728732175
639957297 355924378
716891734 926361937
451346961 499684089
845653905 938452738
632291958 533743403
102840478 210097770
303393939 612817686
979276708 27263805
912569569 543795284
570388526 684758439
304634186 422082901
91024331 539340626
402199230 440684504
735436514 312546188
406626824 872771502
677781835 66424708
662983612 34398660
139654639 376057031
359745529 859798185
89133192 508058001
147938200 70638467
423365622 102461296
260984859 90168664
465679923 980739615
690129258 813520774
848131093 11954760
409952494 712031821
50950341 573532590
692940767 682493075
786707299 75289931
139938561 985855721
849319547 124233958
385805204 32202012
786732149 200932644
351832828 889108045
561583883 931829955
853666027 756867753
836627347 292679427
12130408 378992511
488390286 828666641
747743738 52943440
525838890 331336894
732832942 691926115
217105162 538749655
648593457 107452628
589324883 158812886
507965358 200025148
946474119 216108246
216972441 666497870
265833950 968305433
78038257 86687413
492349330 861462618
65777037 795187654
486115871 78615601
979198880 359024227
356427429 154191113
33899619 679254672
485965049 981125676
477890364 649294400
177759840 169696959
815229572 120234280
935098695 383527396
811069789 474896471
439480626 992203410
691090717 41439694
806563557 933514808
399793632 129366060
472239213 593552626
19043822 846584219
845371846 751707267
214035752 567810763
360989816 478896499
292223057 469090604
223714192 124437963
388955360 471577649
776627621 224769032
975407154 224394257
161741877 144523450
686893782 362983271
389223406 472224412
776143833 639531653
233243756 227491614
144988476 788616667
793201298 555003121
387031616 16874446
757411485 353452402
260339041 706182192
393069339 590460541
144827127 710704439
221785520 666546340
788002690 76497356
602980005 218866306
265295862 167031905
700271053 172302019
984377585 683622547
800351329 464040702
459552604 828497401
994295783 860583351
307471723 654807625
85827161 701762517
324263478 513009754
902652444 722409021
683574960 700130266
621789028 756540849
959098396 994709973
444252398 514591764
378605687 705600860
671873084 312103132
179979050 404746356
233195832 284405126
481144945 138393674
469175961 685269100
692610969 244401732
450799959 537930021
22607233 692939074
968671514 388286279
751606044 227075548
222293943 273410927
697891670 897379146
546993223 953192731
987052856 295524698
939106188 699972460
202477603 661957656
994864742 774283505
135886433 749894052
409783393 769541703
632200393 392888088
733091004 935977200
761403711 675576897
500115079 410164034
2238597 724409883
209547627 5905666
7657118 148727701
575485577 678633228
503123258 9915429
317238391 405695546
268859924 483301781
874621734 711603243
506193282 76287874
952178097 756633770
482998022 775223063
37814943 612443200
690700478 244261632
178738653 745700379
219418431 73566243
697925351 19258443
394255889 537077795
635954341 581357311
26664775 455804408
825350727 490874361
155764375 918576869
822105409 379252664
266896031 634560331
731726761 19757194
702187611 488829373
757238548 15703333
456158467 426548837
712238684 982980155
330153995 672469833
369951326 426299808
122062927 119681170
853282502 12248898
854151055 398661523
583590138 889607261
216405751 240061404
979876483 486436089
374100264 463348725
999395223 467294690
319064597 611266107
900204517 707720324
914107638 506268821
375749054 793118624
951503317 578244182
165975942 382006992
682926741 237292819
997767174 137057515
239398658 585289324
510997879 669328287
544476606 358756685
379857442 799601342
315495735 120460655
119552678 994467288
574721736 250969728
639954280 663039844
475045521 133994503
817004214 948147004
989543093 132658508
428532635 985005413
880282513 267993179
501251020 184822769
854184918 224833454
509749820 416804410
924565670 859415829
366883412 379632977
888626990 748425496
827340411 656024754
136220587 766210015
890716111 965960635
516725729 243090547
364585990 966497905
697961670 897982764
880755973 498103973
383107902 772933721
627307696 822594249
660723655 651582051
302444876 164843630
470129696 631431947
972260932 659470982
984240069 353342664
103751178 608761102
734244000 396863734
298453855 508547617
436032834 919021451
67391032 491439121
749550607 655598915
357697718 57688265
607269525 849668970
882377894 689341289
754703759 878317874
444543479 265094689
875175761 13540749
275881800 279865889
14181497 430476678
357570900 627672971
330177182 971694661
898569604 25286609
493539941 708987076
608800188 640273406
290713240 31087004
615726080 693766614
18229963 748989823
378050771 395628967
776406291 288904128
888961831 190263808
617250451 541784255
301900083 356567099
23165483 132056518
710191499 708957392
903323794 589466780
899747430 795759429
628308212 36304029
875713042 55783994
637368953 608707896
679637495 211640559
73262680 593473767
800379459 564439952
261067424 902759225
963194607 518608663
990375267 143825283
569674391 305224106
527152885 768104121
727925542 534417754
343386450 862265576
149573568 437755948
71618124 92293
960635912 79072682
957824325 22252314
893387156 453790012
487922400 475291547
432434361 257797629
298528862 745136549
620589418 312026346
14631371 533795963
628641558 488747730
788670069 847925924
559383825 465567847
517848657 899655138
835123518 549235531
78479705 853460729
162396839 183578942
120785497 204345949
779206199 815465052
294944906 55242911
943850535 949041079
888127855 429398645
889967106 501627538
355155215 721748468
745840282 61585039
250255465 828270405
699294237 794150920
783785872 296112840
275359110 888039183
879306797 756289964
299866484 142359274
727307409 838144246
509939478 538881322
587163693 3035717
367830524 796901325
389981335 898840951
566186065 953046333
283540499 800371154
789453494 994519150
64140053 263270986
190208738 629809475
20348342 78833555
249369048 936120432
126153321 324252594
673639465 581904176
617182257 776170483
447634529 498043582
665261577 45009585
382855015 935081523
145858147 89595953
712174045 360636066
657608416 482569297
871376302 620445991
807922064 620460683
544781873 847665441
169959520 951106517
214399719 297402622
139107708 523696002
694724746 229263828
172882670 464929894
156026308 652082171
857177571 278234572
84727281 29345270
241232536 83616769
81670032 663094509
992449091 168992812
449737278 216474613
93311467 239102222
415409757 722945721
939725848 725673047
241395687 896889494
151369925 208709572
425877869 965100087
918992913 169399958
413316302 635916308
803777050 299238247
853411492 482763639
97146863 543181234
910898789 441133804
389257831 632274081
205036235 84976344
680734836 819108827
606269755 273070027
799736593 5690148
871524754 174007622
604703090 525324789
815947527 536966363
661152845 856788062
798670680 374413933
181087710 541546048
118446482 800098733
694358939 449395952
458058275 907472748
488257977 630628452
610204859 820241441
439365630 409719610
851420968 765718227
120969958 716070899
80941968 614403563
547556728 569089808
166429408 544578981
988312249 871770255
517469827 3678318
604879309 404015541
24705365 189674116
54923258 280270338
830928946 569016391
192908452 795316626
233555377 915016610
698138870 890198857
192128060 185333031
458133421 302434947
7578215 60124110
537012541 944177273
19496537 657474528
251908754 394655140
349708569 991413595
486622791 838176145
969169788 125342549
256487501 662741650
673917372 573241368
932489583 720006003
628113382 254032600
951586190 548986022
758140013 60845849
179058359 136764696
594907027 890082201
317181055 771774269
194870413 996898655
385147465 679293683
34508531 479536761
147528041 361963716
515756745 481681891
347780756 110922944
940903010 938875853
843730437 684569356
156876598 637293022
711140499 55363365
590426005 568051221
985253893 235803947
865253698 540113887
559029809 340202855
622965998 772371994
247127100 987744854
475656851 4940901
490395390 858246845
184439540 317611649
819011214 989348017
416364771 295196562
8865505 572750018
663606596 383534970
563732130 522336067
195592152 638944473
577734888 254704173
267116204 544809062
524647170 207125560
521241805 380206565
188898294 176261687
295097222 829916393
542952503 526408729
65317121 52584195
102057440 368152993
275269258 460195468
120837227 634540532
441700871 72196027
477628478 335721833
300935018 440444832
711156778 658128139
18872083 178823245
151304562 446704312
477274773 417210708
444792352 949248123
939623781 437811196
756189406 816286548
42342392 358815747
868510791 781824240
853495692 936669479
95121541 327884764
82599953 123287299
811179290 537464014
620072391 398911644
103399612 820411893
67534290 107436463
762333209 571993683
440582785 751087099
420072282 478810675
787574002 184136757
657897939 283492882
199088504 165387962
273031453 947384495
377595516 997549929
823361243 904236858
452123637 78716835
232322222 480523126
372910543 603720316
895794931 446878401
738240461 400217464
26632031 998464099
629636707 260655596
291350185 656130900
238722693 590801445
543255096 94957898
981220232 870960863
958462998 949258835
484545843 16404707
95562543 602076828
750376757 207458975
641669084 173193991
660671184 703182149
793779863 69070192
477799757 501677614
280643499 784451886
512364407 829270838
935555580 692616105
202916526 786937077
325029885 249829670
680842120 256626747
851821953 775518689
247173173 615902269
262567775 278929647
418045652 529140074
686743264 303840352
125920560 394117318
166234903 953788576
887853058 197361194
62908520 937020603
57739071 504413109
331101016 988893024
909959326 286628350
243135946 205701544
623787691 342560730
686691061 205616197
598359056 566422470
915333565 446536406
81538416 247551767
6959089 706882609
815329092 596418670
6161673 540779155
443938544 776230391
453350871 523471384
919311513 648927231
449480160 997214983
163149387 982469156
563138610 475225924
658267692 285399484
860185125 800636768
534363854 15016009
271970559 711163044
713810983 90324595
297678680 585141406
950178775 390004513
500437706 364381675
278049682 413981290
487540444 60524089
341263723 348631861
425754415 434733403
628360659 957736463
345516420 823150924
808196877 671675053
933645639 887196013
852611488 825008971
148857727 496397011
297372993 616954577
206444904 450947418
318368989 592180384
53238712 383414456
434966669 104719011
97716970 484578111
20566573 491743698
651698564 339998464
174272280 891463558
541580286 771071680
432787997 35176155
651779042 37966844
717643017 655015983
504718141 262863566
771955607 705498297
531902695 566764320
955037845 395718696
266664706 793471572
393414718 995796747
408825526 1265260
174359582 534290858
893153118 857288980
524948467 310340266
171371883 770230034
954032037 278629657
382477873 589747923
53053365 443359431
964494317 730608674
661916733 810726209
184282713 524897418
198765667 57441966
974588931 433701410
930359430 563426113
591424994 163277594
966795232 341358299
168626582 404042247
937431522 262950630
388593808 843040075
982122791 208419612
73472528 987034344
993099251 693991933
78580854 247058190
506732631 474460730
592175390 521336436
465359267 703238594
202046579 230137125
29001516 67467228
832638679 770317336
596859337 630202489
468695173 681908393
328217476 962952272
696757507 966997694
285530407 688485941
511167070 805995176
936626801 490033588
138433285 140580298
345366943 481044120
322850840 968628543
28440451 907121704
601062732 160042095
966566777 961222506
694582422 284886840
13140824 205674311
707284741 970433829
977420224 700107868
331873006 176127616
271792812 583438941
848601060 852518954
348624991 597536735
924207351 538104089
446020280 685053687
920273705 305317173
736671818 240824074
535554704 744114677
54326405 626964369
63032596 626425509
652782266 768587306
350035388 152089861
691159461 113318567
118396635 433011454
339860951 913630336
881787826 398522713
44013309 453379599
220306594 40049771
744372303 82026767
433073840 284325775
852795300 974098364
97009500 340141269
308440241 925995117
934851453 861050964
514514851 593966175
852037195 544408771
360246918 418242671
294339791 873270100
539425633 395221462
632212361 308575221
853164433 842180585
105030250 161694506
832258388 946175342
208307674 396530550
932383834 609559588
809263225 193275442
112449519 469066422
774388315 108373496
408340389 931792718
857750071 817889362
573892935 723175174
800799094 31285731
60465904 39607242
293492464 882318804
621121212 274131253
831742098 347841754
149642934 823514253
475062551 659519859
861648846 627943079
565752955 200066746
517654729 3058736
3300894 696625490
20073241 128862022
743609678 328961188
357776768 254732550
579777637 657106830
774100251 358081109
476833124 505322680
692537652 281515998
686631956 172738530
84526497 580364596
830777596 732317089
91904860 806204490
189974549 415824030
448993182 645526294
364763819 79379202
574015951 603017522
238111726 916786106
949074924 442717986
554452608 555143225
347069591 11976467
195686849 448382683
189604757 251377503
517064159 417325846
731609394 668858062
469545311 445824817
178949898 920226662
835302928 438275528
429042786 400283373
458513765 103287136
179787099 300891693
774508581 802633544
907662960 567801171
461419982 325717569
168476353 225455622
988258522 275211807
549906605 17773895
703193220 638701681
401414699 910550935
897014162 653629333
377161705 789691177
957310266 345706047
465739196 63872127
304870622 771382408
695354563 670310556
455366125 623357356
274241634 328996987
566884704 71857785
462069863 177912955
745189464 550903077
849962805 606513225
520311685 77980062
291696358 679854135
488514552 833243852
454487467 771430802
133404907 657660379
704928811 788203210
647921012 556429744
26650060 445511595
235748841 835805176
105731309 283507028
580528106 617573277
375492818 381745298
754900123 471926544
726077538 23339086
150187130 568170848
456063469 125583361
520224427 719501327
84762367 169107057
697785036 909309453
37222068 859359028
535633568 859549388
564579248 171859098
42829251 656668358
953504170 185139407
316957663 990143320
451835418 721850379
400715948 281791958
150449757 394728325
557755636 572195032
595091769 319407496
135458817 545178015
734208735 274045880
122026812 845379424
223623963 476061915
513600494 369981703
492007426 50609435
518847514 115587990
831671611 858677728
216857330 93700861
231295542 360171799
914170909 153882507
428247318 830779635
432712032 910885455
391374627 246178548
597474516 239382944
945483095 221723122
395708960 667240366
367351603 485024134
340701875 448991259
340187488 184151524
439811029 859803310
953843866 956785865
75972412 297952912
293603062 569936314
849079927 239564303
3353699 311577089
974720517 355708826
373924402 913735696
149469056 66968370
906694278 637002679
504677550 774632705
135874428 329448971
930170675 632204117
96765570 562061650
39615579 533718700
565074667 646921017
244620935 991731240
356818101 602593821
179161991 72538493
456855234 518976337
761416400 324406258
339484271 960471838
734705395 170850391
85848695 66259990
737069692 735147487
388258565 778640226
409375681 806468789
619076858 792890013
615182376 962112627
599967765 473378592
118790922 221064570
113081081 330103591
478147904 678947442
972092819 14248680
621003432 203074012
827887002 83209067
329898679 171546792
248744115 726037325
365257025 329405640
710372114 137280663
17021742 134652944
962093886 566236988
414927779 344010098
533839937 914517345
513583337 677870660
630501003 164913312
451535062 253781223
691089336 678207334
994507580 167937480
711727724 8668071
805593367 756443056
355887877 599789030
718125746 253605622
816546341 843138694
391541011 275066761
259050077 700665032
448529291 922097106
842877590 953877611
769529509 859299859
639014256 799940571
684439863 804155340
302520957 612335362
397480646 71443947
727321191 730109650
453421047 995138494
909490985 522118332
937864630 435305354
878230587 316356711
686123654 39996781
723359399 461050169
574480590 674540079
275503090 713642767
993430798 826345664
862392356 839199701
856300578 619645390
950886144 264397931
714516434 716589231
99177087 283475036
818578427 920582524
721558444 401769036
567481969 776549561
119779296 930490843
700586172 584509999
425161943 734886525
928666309 16531927
91485256 930329809
2999282 19368867
849054428 420041933
89638907 585931727
513158276 114005611
252865521 806738668
8551207 51652012
427656526 132941425
402339037 7373788
734719183 293720589
891194769 951237130
111330473 706827473
369564914 644150782
671540798 256134224
864588340 573388866
736706758 276460630
326041426 742294968
366779870 144147477
255846725 662864423
288932706 966235663
881136000 811204640
185863342 427837856
510574268 616244840
665219089 412951824
560925930 56435391
912969202 169027720
870298186 355277444
279825170 815024627
604288384 260704315
652588998 704906952
164195209 426774485
296999022 546922614
232869612 441660882
620875327 580713352
541077745 811411687
467722337 989387214
446447859 678283793
380751388 722167050
80938945 756053030
427002304 554540288
39862399 410836484
603545227 159681389
409193658 309932274
979461609 779118813
509425357 925118989
523272151 675133374
121786679 477521020
498513327 891748787
364756782 507579550
47086469 788407219
535305896 909166060
985949521 6385643
16572993 502132719
565482494 710616798
946083787 969892897
835563019 825169572
751278959 727470010
181634802 489061836
304987807 819478003
48409288 341120826
76904101 113295778
533626884 752670527
276105792 558556278
3437694 440062217
661710801 878618670
156684557 370322148
809969244 457109408
718977270 214692828
659557526 876075218
978046588 920131823
4944468 159983607
730709526 168304532
848214889 409976374
141506491 369116153
201415229 939957050
888311094 924694566
845868750 168467800
631722663 164983749
99196817 528840114
287408374 801880166
842575194 689407277
732570211 25951965
964948430 675579413
94460047 582974428
879255122 771658429
347555346 935871655
618062775 108452239
452809733 152209536
267427029 365159085
120947865 111122044
459359462 474597581
152653844 859830636
36043477 467277281
637751938 784017280
492160979 43397858
120232782 76583099
996820097 206388160
572576478 69072814
541920833 622257288
715494800 696005354
142549346 776347407
248168289 90293186
480597589 413713514
772040723 986038115
132424324 164445383
527231812 315179538
36679136 244010517
681647385 765992096
692587181 526182052
453375488 895875617
133658581 472202760
867479629 183249769
629109084 571207940
687703367 527769590
627854651 39096220
380168814 281388915
232734762 956502483
583890233 144179925
437918446 908643328
178183252 270051382
774690101 111569887
330641793 596285363
909739278 648030023
209103471 813570329
577279077 1368539
381369448 14151244
994402638 676398581
315836541 861160432
543612646 291665807
506402954 336417665
975795069 863397396
807854864 862372943
389755283 415661926
984537746 440393774
334271240 33617363
556888626 879016853
948902976 452006950
514506170 119507338
477800123 191081049
867413229 767948653
27595295 396037561
21366637 291436987
63301152 516771419
473534052 370361820
566747201 168228308
159642180 997524673
574372089 144565890
713162757 895673249
162666912 878634844
81779194 790231941
170229901 18022423
946157101 809330425
973773245 985331888
992784608 702965652
613097430 799065123
387626381 173250827
724918607 338174647
176775486 978270397
289025308 663288975
149210187 494082035
252995015 105902903
358614581 544039300
863387463 538866204
932859753 139572552
478233706 529174283
126722731 774834472
577983620 68348107
380322273 854344469
671118955 683191991
114661502 85030756
227746112 810245078
221151634 72665167
915233294 53739278
638910093 30332790
281178428 174296554
962813497 23094361
400401139 552604912
663509211 395395430
440038804 877808995
429008153 119428777
314212934 309592618
588304151 528066675
571319012 577381304
952099194 652253441
422941354 123036209
339360305 258692519
382110548 974913634
531268539 229900655
705501765 806009670
880530090 467992034
98827401 55050759
710564400 358804930
214961350 817130114
186530322 49916946
497029096 802940970
902245276 18865515
260250638 991625294
745670452 969053594
428134531 246238001
541396629 685332640
348237514 832900424
149802701 813186395
75469154 907762739
312529962 41596210
337643563 846379098
208865109 390121859
380779900 626067184
217183502 295347420
49341981 596678858
782396224 602265419
149246774 705861194
110856813 737608715
774798696 506459882
108889819 568924154
899444481 623505801
917370694 663905556
468366108 34150993
259126926 708705543
674270860 84497217
141621429 919613931
767788134 589851465
267520723 894763678
653694197 196384083
908008703 522641924
216826599 239210571
860163776 859210378
346793521 917890829
767961947 684331959
364534317 115651709
554059470 366763612
233491880 228032746
899974782 418029633
78590965 619013645
122601137 486016223
972372988 20799420
387338718 526700058
379852260 543185654
742101644 290036397
359067674 192965985
969646769 90466738
141925566 993238111
14864685 532680870
390013922 689337949
763930775 50336476
955560029 640113282
586104407 188254638
112124230 120822010
532275214 241088077
209999206 724335070
152662035 363657801
837316410 715042719
552995156 126359862
97285006 866925666
844345694 814112652
527876908 78623999
920401185 314197842
160091681 913946189
780659206 45237243
115908517 779152773
885754420 837502889
409014440 398266068
333354189 608715188
183483011 672296000
973704903 253492399
445900649 875175979
445690704 544955023
665089078 891022771
170065554 827727725
833146431 100918497
752021665 344776680
573429433 984778003
164582057 118057141
231098843 187838340
854900450 503409043
937339000 859979215
267383175 956506808
278434422 277486057
917967098 292361388
49953642 661972386
956294309 269557282
33779236 743427198
62090988 183100229
505194567 935623183
149615786 42034541
682847347 592820867
190336794 612499475
841813774 25775206
570119715 452507633
119831647 55868133
690748091 891121624
622342359 311732518
297198091 176343368
841396744 702263507
482864036 481988850
385828205 234442372
678111940 791111891
418071151 159200799
154439887 960929959
142964230 138806852
547937427 778591211
68006694 799032318
812660953 46217377
237636857 955650658
659308718 102091055
436089314 215703592
809497353 567964793
276144182 721851938
591445343 242667346
325356048 902890190
28660343 544264609
792658954 10808935
494097115 904256137
524814174 391304477
799838523 795596398
788138350 614469058
793198916 17740593
619778820 475044500
81624272 54377567
35588337 575346154
584898026 598729399
376907460 579973847
453328508 841563597
441783419 667303006
297014777 513815015
634386626 763135411
161091437 347367833
350668503 933468370
985392296 50266102
179253499 337616454
964593106 183259291
920062322 83962565
517193030 837359916
838796133 229523507
114636286 434580586
280068520 924142338
945652570 811541034
268503565 265524933
383173173 445291122
660140433 560628746
918863842 474548073
212050979 462222070
831003293 604879060
694406737 709236352
500547564 782418905
636248368 852100766
939741282 601007752
295277635 660755689
653076830 565366427
311470283 187803576
458390425 996492298
7162574 736386032
594951174 159838554
551084433 698869368
516364541 745789444
239061634 276155945
549718539 396834595
701368087 112492341
243518010 319054571
788684931 856437342
184283087 273429707
918053225 926832711
976190162 283576223
916979765 209266539
216589861 108665012
714440501 684303806
928926582 914350990
321567113 642707898
924829535 815216385
760853984 718510953
361361051 375352167
920551422 644110223
598135819 362818662
934047542 12908572
624817591 11701413
743775925 443810292
348776567 202805272
473363076 774086620
67565717 92811585
414818920 952243277
235009020 735868049
938015385 797853589
384428394 863709468
355604524 905608317
798698777 338549426
178444800 230609439
694236981 776983519
112661418 740472796
924653141 715247954
453469636 202103543
216010507 824168181
794447620 264346585
873655993 978572453
746288422 131072994
529922597 457857646
287103375 19221219
16517609 422304559
540066154 130751613
681115187 143567904
531448806 857663024
438165522 218799589
559438937 422714049
795690907 919607745
649362673 84429983
329149280 494790624
27798199 936492724
562888989 956961275
665139903 215787802
719350441 515710827
257787436 253676782
182594282 212036621
374159512 941035754
900383905 959645212
671170503 271522933
981292613 193053674
91110124 840223159
386098675 958679013
174305345 279517784
261279193 837486346
599206683 657868192
259222013 230577596
873285559 276245816
275263365 75066755
645061708 75481856
521920655 580420943
459581111 409592255
162275292 338395133
766552901 597942364
832700915 600759925
248408705 516173124
658328553 811876328
485223301 671281089
235568612 797220604
63207166 286643174
681697911 590073149
570726095 643868586
993790173 677366494
794095672 773002028
49761330 35764380
174482854 302441542
126944298 70410579
23114229 465119490
534725122 279233797
354999859 714817587
723110402 377084742
216310619 974636020
155788436 9133535
87142098 615353428
236787424 195919066
482150145 502261338
25305426 609297329
900999003 219479114
453476646 389170533
386478027 697155803
803670012 487319105
242942506 117883329
877649524 871323964
299862506 683692534
656087893 476089767
584138992 620215185
560433181 867288101
804493030 179436574
564767724 961428767
742869584 774311060
223889849 404925140
386524002 352605528
232094369 687163750
59499037 9060970
192761056 151790266
165256985 851032589
623145905 878910093
130678596 102895218
816651562 349022519
170142991 976351863
444365812 125713332
872483845 462476365
972029218 77225006
115737337 672699899
377202961 213835254
159980078 444415677
196409478 234687762
531898819 952637424
864173201 364032414
987204734 774754307
54672403 950839988
513549544 679736031
31723956 458425661
747731341 97956817
895258884 727268025
63699238 892067826
584225807 529034331
614330983 779474173
208515663 151836241
820706710 279456946
822990550 695466624
21856237 418006750
97117864 214416998
337483046 943409875
847186138 672252936
355163878 718694746
453763636 442874967
912652626 552297987
541487526 343449515
848145383 192555046
868709344 963901097
851993190 97746016
390844705 464513455
422559441 778402729
137569899 317481822
615154379 920763327
516846277 314951799
419590430 335977658
497076353 70674578
767083406 479425970
916938136 404281827
249811435 702703839
858558682 99798142
40074637 486479792
138189627 149817529
356914733 430112935
14266343 503224889
664302568 902227224
178620348 706904439
998416321 761140207
717340646 266808469
176326470 367760169
755314801 950882052
468883312 751059798
584316286 812854485
512223351 55007735
205259889 698327855
835640314 438596410
949634755 348768302
433443449 488617482
285893108 715655003
779986409 376429693
600141177 348345911
744436858 149086109
559636999 468708379
867094347 746016556
486358293 954228922
967202620 861930402
199021939 551483581
867063526 419962273
150163388 691306336
53036344 649572146
863924422 641259731
650126527 637836651
903083713 315956658
157790367 29534240
147267441 529707943
894045861 971324091
780450177 222097549
400557550 893384400
751860114 917399732
883996273 164354014
662691098 820917016
1971392 555687744
834403434 194380584
788469884 311798105
445684590 117486792
330827116 256358869
568387563 250278467
482383833 628817087
567895735 522339310
748528560 666252600
716848266 949694616
862020284 322004280
291537825 146285605
859959011 643334196
717080148 672682943
631492390 838365284
245621747 935549553
318745031 607565554
72872169 399848061
155452819 274266627
748060924 635451058
281005681 481014842
812859678 944351246
109303808 458445898
930559725 254271946
33425390 108525919
200319585 211313331
532861625 824325815
575295270 66421840
236942714 226837881
121508416 388621824
156345287 171417964
369425869 695376059
975353189 87372722
437418790 538032588
519513280 109449838
591779586 494256615
632827211 608322348
749375032 650706954
789142656 467212011
570990336 793537172
406391483 490242268
551174528 242870567
682019998 74203784
566123685 623368973
632212366 985499448
962429272 617420232
754753348 638611087
43671473 786749067
848187632 204537331
194976215 458596855
669303243 463347715
683281611 239888219
702134437 710077318
660138804 289991059
142305818 501091487
500298156 613573742
594625516 136008969
426192553 538925056
416664617 730814783
651704587 188604123
239185091 232881460
343056374 60916426
440146596 128431872
810975005 392938993
906187912 39297715
990568151 499151598
324906194 69898850
293239017 792817742
895616753 415165560
816678015 143094943
657539168 835308903
971664387 443608244
746314358 729547813
274363859 693836923
198464492 915239602
975774063 455248640
298349420 155678501
468028705 170151646
138441522 613382762
946649203 909316696
814460566 244973245
473313045 999210876
843552320 664989254
641909356 151017273
389694612 696644741
264561198 722827695
532350292 736464986
212830061 783936452
934532041 187377874
592887722 269994951
989990351 197592244
446289791 996871217
224837150 745594907
25838554 325695319
226346531 628249764
150908387 744599481
25470949 120033275
878533746 934711474
302958612 235199402
230778184 962377907
795015773 86985986
100949202 928469542
925249252 778181820
8958850 301478204
930841352 722433799
144313093 812746204
387036232 318399440
758408310 69861086
219502297 353279771
120677131 908840847
362030643 406709955
920239090 427316706
901628969 177575213
621878494 603880751
811215735 434648242
774977603 633053838
256536523 870453924
125681859 177244148
810556013 127890352
238462908 154976065
526092611 672558784
205018189 317505685
266219122 744198433
824360392 598154244
218404307 700958534
312832981 699077862
423983668 796129943
187400305 161961936
830449464 230495279
802787684 748005105
967625808 881068499
63015297 775865288
196341189 471754310
607728016 69530548
52180319 14209878
245500695 621348054
134875465 419718598
596007867 662952782
982726288 124109148
239916402 739667034
347125750 391383216
801093068 63210631
467022435 893909105
570038542 480671236
674112736 653927550
569516133 741025466
75710034 224253031
909475371 904744558
537683320 785299592
721497819 603266341
761472146 700251245
358237843 478737274
353832785 921449766
897984795 360773038
329107509 293491201
591923395 349778229
556382544 148860135
178488973 226600343
805358466 838762267
866389918 291596632
934070991 822428425
348032730 448913979
252737733 545249451
263110212 656138192
65885814 674558102
764967988 621953251
795001640 946425202
147743640 997347522
835000673 652232934
884721659 240422093
88550640 731276276
614281319 382516105
719856560 747087709
392992737 626796056
971515299 364225921
641634347 881545129
719413779 46939718
838298354 139518896
905249606 411812642
330993635 356485264
86449094 245751862
476051380 88685417
204940562 860647120
735496911 173866440
429003576 431401265
833607607 178562411
867246969 502163998
649962286 52525863
103014647 301093013
610615626 113218838
639999846 851297571
325144558 709400551
588109009 519216127
145901872 706316224
741484641 287096521
261850612 661134234
223229359 453320395
406814487 909988230
864029308 112117322
732553820 667330698
644073063 91899725
16180431 858296462
724226076 790336777
556400572 10013229
458830710 319082228
993617025 198933383
670328002 43897115
94634653 425314861
22522504 22730986
681870931 294952333
996617813 623379590
441312621 761672879
787328203 741707883
162381981 8950508
777937923 859625510
496125292 93001419
842262304 291533399
119601814 441066464
180969570 281247444
614765899 162794149
496693624 123170887
24445294 446532309
290478709 638471023
219821614 461556481
665992193 665106605
747606250 855078801
334179400 872928311
171205407 551071645
249637422 724647033
738694649 283159613
609367208 275153129
395247331 296036562
822388605 870446139
174488090 223795694
753418407 456163631
205493248 560966024
356738794 16764327
547346084 141539013
289200191 568384311
590467473 236256559
492070462 437734949
270255860 494778311
250258303 220972164
697754089 546225743
469144795 249155676
266578375 957173877
527829038 158602269
957300902 935727601
766432094 7680968
899186226 148939697
349270833 651437304
871089009 429735635
173036144 309871302
584822942 839401090
622670009 950233244
853317557 703411680
255502239 489538974
16581239 652193332
747324092 236645063
338735661 886661005
104014046 166807123
324609469 604478711
106892799 554055945
689877016 927003160
843728184 237474783
556716072 449799102
945714303 640234230
382939003 788658783
182232711 780716887
478197073 598064972
473648073 461109027
207490083 582483791
145141631 99771253
632564409 923350328
51709471 403244958
245850586 839428935
163952785 661711444
592223626 899471732
705723002 230854780
46796633 384377362
127638592 804106056
361204018 24605038
476585172 392208531
495921598 673018449
344397344 916809987
19628924 823973765
184935593 935490704
640810420 264585112
2854339 662898026
12255086 207421068
848332944 459022237
880206528 459350823
109836192 752610017
88595085 921109266
163649059 990730473
292737186 509214263
436319544 561387087
578436049 649674309
276173435 271999380
941673372 880556520
96916915 969666384
911095243 844288404
554912015 786828350
959222408 704601963
551875253 839613610
810876648 784613737
67205722 56066161
91640177 618424330
367786513 799816932
446168990 826910864
116035097 223922219
731345078 463840825
819893073 49962541
912878523 340647190
380578690 853982071
305362705 298252377
111022774 172641477
396544421 63719208
391816516 824140368
367710647 491411863
384823505 288778154
474940277 336738196
874695377 68814968
777869186 972478720
741494015 528473509
736795787 935526246
891420691 87691302
575193816 798664539
858643611 738453767
447743984 491192808
395011835 135082041
336891317 60463391
454790106 522098495
309673461 730467527
181370785 22825210
840555145 395307794
58322918 917695482
90115078 180508852
332501529 643653777
888647010 21228535
191318931 174424757
892903207 889385883
458970237 170280665
961361061 50559384
717851372 874445927
754045748 661348990
642769584 344885438
650856719 989515712
230455237 557244796
246623119 694186526
736313440 134215410
83831711 720265481
337154579 562371031
42623040 2034809
628721066 404913152
837303479 808084228
20602396 573298058
737147061 733662846
492312458 992005880
409606673 465274395
291643259 752428666
483844409 487184260
286511771 706339736
311476084 338057438
580540904 527744048
137885813 330466721
14932712 483733859
183925057 383234704
153822362 319605150
152238823 725307392
677968208 969355182
640952712 252576978
582802669 1617083
177504582 155585325
58373668 944516984
678039629 892397800
976703893 718879072
556300714 405846720
119282699 600097853
536340425 953919876
408548670 723017891
849795987 903413675
726944945 867948298
167131517 768025419
990495390 735529979
556158265 336727134
933632213 465089690
787234767 399245460
775724774 764965338
930883547 880665052
587057038 711378232
801717014 626621029
119195379 414867923
480670735 111519038
756788915 315976760
216103188 385796944
329109761 416708845
169149128 341241075
35722970 175863023
465342212 183557210
225892310 412539245
224701779 177708617
357459947 966661398
90680787 350082865
599683694 141432792
925175986 7763662
843308939 220363666
737816689 22751727
393908131 433087143
734264548 385703871
832225329 991268495
302683208 806938181
509637670 143619021
112025356 755923597
107629744 820573370
308564674 425641910
165281645 789450756
955489067 579293377
868069294 581353349
888804341 96443653
20959793 47583593
377254491 371085045
483751432 224834694
83113737 522171581
907071176 25530108
229215720 279799374
68233280 644768843
874992537 800250401
247257601 435251024
222219551 778166571
98592105 509327439
461278525 503240042
120473000 877592394
630509172 472223895
736612235 512981996
939637991 871736551
526015968 708734441
156488152 552425956
923035216 657914366
931945645 709387270
896361421 676774333
533704047 329463174
721981266 799237236
964363386 662041604
668977757 77896674
948784206 395845400
844741115 375822346
156805663 149223243
521567626 668520051
214596894 931325477
301799479 425199372
590225937 197683907
129168688 552441388
746095328 738770107
922787578 75755302
835887016 585215998
766273268 144322878
829382366 702746706
664586325 85456180
346434380 971249758
356024769 961989122
257627002 805286759
211182518 514438620
281510615 328332062
579565754 604046765
806330629 184265110
735126789 856190344
873500255 311145424
910501066 389381170
500080809 19234561
134650912 878907207
315607225 697728000
721871906 986795085
138218399 39454357
164639829 642367044
867712629 193235565
88954298 610550130
124994849 117534370
690072584 734035594
324183653 818023265
641940323 356714159
238689299 903553018
941104391 956979810
269608774 68545269
422450973 842587282
564528308 625131969
920816352 704067337
103537130 162789205
873034825 647076873
680291911 93648149
824366037 547475022
4148410 761542490
962106443 449616471
945575812 831573772
915085954 916520446
41536651 841955798
966930198 657493528
454706254 509518944
958090856 611539889
594190871 559082702
113760261 491141527
359162447 70991681
818001008 320237608
189087156 327411809
648443688 675378379
171958559 858498813
818949641 407663208
776486615 799984526
389783962 581195772
448846765 431585448
998888955 658068886
474354399 863368272
728827022 73386782
265969523 849824672
886066330 783299523
973702050 545623017
998633186 4913533
921689591 965867225
728525382 596485203
985055876 162121918
59832510 364380041
382727008 483500507
917631492 383467766
367601400 103561927
928666507 381319473
243549422 108266185
725473560 810891349
585380653 568137245
492508342 354248915
149302091 852133784
591712227 592601954
342355934 486321771
615545870 807578519
475771806 335449135
490031717 393018850
432383127 286222036
652529266 67527293
188036027 890622771
932595327 663463051
277987620 160689778
580878441 911720609
700522582 33932547
191587297 381100097
203267084 512311416
389367664 114111073
490095420 393076248
106453487 592037027
729738792 773610475
711850776 315199716
295464481 27008722
450872440 704138350
825574308 767976730
800441033 331828814
407743604 691541014
619304053 204280557
364870162 980196927
964881252 35191019
362038365 198635980
486148468 750318908
756582980 841935396
95727744 160572091
39984655 463022996
942146411 728244778
460647729 884552537
267086261 856207214
482879168 241054314
44158999 73707064
795819617 600681515
946839358 665331564
671894183 992951318
894951630 452948177
755728437 547432269
18383330 329523330
353091594 643430492
649890617 1494015
312962747 827298240
48113456 439257268
544129555 209818127
659979352 751867245
972157114 199759519
384989457 742412041
19646832 626352736
309328928 911921986
224468491 417448984
16807690 32515036
845544387 842717977
100428292 755088966
528972650 268429505
112458636 600727388
918893442 732328285
68265427 708780485
912395424 67326743
471217758 740467128
221407483 417806264
764378137 883897632
376213025 529390375
648523875 639379148
147406932 52233654
352519886 639472
18459620 749953826
217064695 752364207
724537051 917562333
933228589 604182263
914902817 980786714
968039511 803662428
988410645 242173089
987489109 88259483
823546495 855599083
93888167 380267685
478945805 257095275
559402101 223829020
398989365 266853865
815450342 93180181
118180927 182865960
821860378 924790388
353526689 131671923
632687878 115231015
743917641 826092339
721291377 824135942
243780249 615618676
646578962 841139799
938860460 507282863
324495532 152384006
130401011 381670011
823928807 54226752
934052728 169653927
178779095 93669233
396427138 85392773
119676330 609306037
173644693 107136251
882890887 90766876
737006466 352420836
157083467 147270847
303312630 480206247
763763952 671162490
725198073 712218157
556338879 424719054
323042548 389748175
45049926 305320133
870426728 730057570
973503852 508874891
9221268 714724128
41899502 262759814
394665458 280267043
958147549 596646795
522779710 241085131
60371991 572617760
890420604 934360806
284800921 514141407
184240316 934747358
107334081 825080879
511243284 93871238
80722901 425177838
160432660 464054968
51769732 133667325
690727316 839409288
651158489 576997899
584356542 641805757
30394886 164388707
462000233 222722662
862469927 789171224
295965932 829016595
563828410 900117195
200974874 462467642
343996154 897864711
229315516 580994959
253550402 736759404
39330255 134094565
857716403 432223370
130367587 400093746
232364929 230276752
818266811 735424888
734176869 733608487
945119200 231355397
8789351 990303410
733385933 822333280
170145254 286375606
705431843 526339123
571530478 774483881
54540984 946628337
567461436 728209291
333687382 651675987
901302397 460450565
21142478 915733602
842821031 850748056
696686558 799039490
155599357 471696824
489336730 40136648
619025971 9590327
123584753 37489288
328586718 426490994
407926659 397367818
330403276 501106226
247307578 601874416
835457008 578879691
112952088 941982802
589402340 279619532
703407189 433325440
74677396 346569988
246088159 694040222
114582517 935528874
107770645 971300064
661716693 306894940
414406622 772777437
955972331 204325618
279031546 969656063
939026874 475661294
833676250 625478635
138806952 54067851
948268799 467976958
385773170 674572491
669645444 148780810
736165540 761157685
691268846 184299294
809980132 182441791
625730027 846248535
53617997 919259136
758457743 358930656
487464121 932265366
563691569 704924642
362299275 193239728
653605618 367480051
193106522 438379598
272337359 440621531
543453993 942249505
742056595 890378103
536589857 63646369
68310196 268333983
881910878 188511510
212842322 302786038
819430820 482141257
209085869 251047690
842026344 85791819
316050446 571546824
282554773 395296653
353141277 698185422
510613859 6019295
725920364 495395068
137982635 605999076
80470615 467831558
879246808 502757337
971456973 507194095
363010972 143588771
637162667 802570308
77232793 672665925
42880211 915917298
649710594 168394917
351783366 664113854
682625870 647586324
641559688 697711455
300396964 666338284
360150917 75622436
63002698 239299259
918921131 29395763
700635398 924721426
631171317 79340571
111278718 540176398
259905828 903513523
832430664 40690953
899264325 177912491
403165950 668464123
929987137 584843319
94899690 686802994
338034506 434991424
943016598 486621106
576473938 108586873
905363679 155749190
836660242 799906238
391478620 431280576
247288268 459497450
311158108 596471715
903305984 899320303
269499976 374416089
985930162 64867276
73495228 664980373
326079349 247634447
704569727 154938583
121237518 191810092
760974606 204401728
238962195 263096461
847820640 487640556
782107496 241137949
613563319 34699603
176034588 211958416
270676423 885489740
917583362 767563389
967195726 234283953
851833143 155531504
963894397 775048555
463605802 903089599
925828389 133632779
196029230 679920138
638800467 88833383
326479378 664225731
542185872 801960640
623871651 179520205
160604154 361798529
541914089 543594720
629275990 669022032
47487161 113968473
410521693 210881608
601261475 170405630
739151985 192446571
51605218 24649590
516138117 32404136
865330715 96748876
662215857 437001556
639224811 668300436
327036403 420308968
699223861 69968600
405423614 507012557
164471256 156707951
474968048 706701755
166301915 796790097
495131969 659386573
103926287 939244808
258910439 431201667
37758885 829079514
471416923 759027675
40695328 970500032
761796981 906170411
965001871 472217273
396537027 116859095
15048950 3896204
886830482 835212335
377292806 832485894
173890064 388100589
10042187 471276886
951971170 170059809
132646746 910072472
721029649 292577544
983954263 545638086
270607156 959160305
131747006 189998585
40464530 522365717
653251487 323140200
533478487 864011527
692675795 572937721
333122494 776370668
146665765 3691163
754730586 996242107
664143352 585059498
938356925 811348744
955290546 713272354
160594512 78598581
697332509 281418339
718563146 518329612
317248546 438656782
372691925 100990345
779541479 823599307
783736602 238678283
857230440 883139320
80481750 381050700
168342543 588830567
449743665 198693444
515986341 238698817
9465298 54048166
212739964 439611311
574014399 465624652
228389541 831950375
586468381 30756662
410457107 216865224
738629116 414573205
465909761 650339168
783529778 311625096
404595179 744291928
326627004 947972322
487704823 516031770
986776810 610095187
372319535 498745615
237334346 489665895
484882814 328644138
492130201 666575848
870961233 501697923
779700497 902675342
972747022 722352758
317460568 467916384
419004129 39444675
912051280 909258119
395434498 564449981
394273891 558247357
216511033 950998051
961359099 26320447
753816004 680821161
561917966 546164117
568650079 72316477
685924156 325714200
859203354 864115624
713296095 942540724
797861096 699184442
502521926 556651643
254904671 219079798
917351206 846347823
527780896 375628954
986613224 461384377
762215767 305955650
48177222 826155419
930095537 165017870
803741740 159168615
469440785 628014578
953279754 928420510
703836828 80516056
400153417 416095380
467448088 98380771
550565179 572656307
511663780 536422327
922644896 934050122
802234215 88318242
510070136 390355615
20902515 796341230
222578708 594647390
211380377 933903389
592884364 640229570
368479650 605408101
925560784 443107975
396667537 614915325
391975546 225204790
187520663 966099600
634006748 320854550
416845584 829032965
336277688 137425282
354726440 190271995
238805670 167568378
94575274 114273834
233271056 289865968
796538221 198333640
233607832 26332811
231347042 338364430
536444965 478632039
892995394 434053818
782088633 146593539
681535188 721532215
236378620 374238499
181695888 732372902
695244453 634665838
993742969 395796303
157084560 731036548
999803010 24245069
361039559 185047567
702556348 254519935
103784606 889847612
712412708 491506967
661019343 250073999
933380138 670443332
988826171 813282165
784403713 901633847
625610098 782179747
835289997 940481386
980340723 623689893
190468986 214560602
806528820 909527708
411717487 978751122
186081363 906690610
485920933 742100866
365313469 981273044
404984293 866001634
489805869 79713230
649650106 880454787
520983442 899355442
886242219 295897235
393897777 558005996
541903917 480683852
828137019 84215262
984078817 178333439
544955186 93112401
538324137 618938694
819734099 721283305
849535643 237782973
400041744 632699479
841856862 780564557
729090558 34024697
784201114 692928937
419384389 226397718
359729931 144926247
954042729 751074736
956402570 802007285
78734708 97356586
676236466 187590127
89793610 690434183
129215480 948298391
506648867 853221455
900244005 584748913
252182487 370959597
81800521 796876933
660328842 423252389
520724857 376057196
945312714 135167484
339494666 591890493
479271289 444547332
804447387 640546893
994421653 293644635
49117960 596656796
586463535 685102683
718694690 234985187
469100819 478576047
155982453 603164812
972370638 418604474
259839701 353033363
88711984 649033631
353434272 827493897
747126430 915182600
340478861 313495837
756653084 662757936
752889326 482077913
510893052 991133784
468895438 854808424
221333365 650639434
792315939 903484056
880850818 481639532
324909213 899149125
282247614 432766891
443442662 832834946
676125960 605542258
35578336 631816878
378514401 676736731
839001168 997193377
933654281 813313604
171651456 139613230
72311271 398478527
804340858 682979480
804251866 237055159
910075975 569951695
196328434 723215563
159722151 139535693
742478515 654297444
317455028 456895107
270519231 676697542
988492730 749933054
981528320 527165258
141844382 617039855
590446666 354410800
677737056 827913573
186881919 231840280
944732450 651381671
454311001 69100377
743761906 741315126
739161018 670611770
581694098 825352508
162247661 766745121
844342217 926192907
624013939 508413079
489972497 761474547
86290066 484590369
319456322 105740709
626431686 939811177
194880781 420929601
944167527 735240482
939217575 62936741
497894142 239464206
988257598 370975927
560967903 392977031
295193477 816285609
30283506 809041950
966922611 509044685
590407477 503902362
430476733 875787612
900733573 202033206
422159075 169517066
410243274 942496575
888695999 123945179
733946139 705268245
663124074 83335075
508132475 350784876
446121650 922875410
640328265 772652149
858429898 653202977
176337645 340439856
495716175 748226328
607679507 287939292
339315473 916773001
74347096 376959748
217044711 502486508
205865039 489612537
757805528 860832453
227108008 588432700
616815092 575018733
599135942 215605450
512546030 907764927
216639387 954753622
320569435 282057179
201362444 678983320
169729213 673634477
429555267 53516986
658742902 398247066
996168168 932546539
411711539 549410822
715388568 300263300
507130088 158927407
106132304 447518625
570789046 600367549
134145490 491368029
602305976 358271087
571289706 179446579
483473765 502703169
910884590 442199190
89483427 209432442
291771125 406768935
505061463 524936275
661571181 916781412
995356421 46937633
383480234 310286904
290043408 626740460
454287211 125447064
972712758 240864856
644315745 333099452
424291163 713936219
43869033 878370246
192573753 991930003
387212196 762960279
168573015 904618993
391945806 741961491
402890646 949230536
549066306 101424636
259367415 88648109
845976090 381683025
186214650 865267449
803202881 237689595
176076387 420209272
447498997 723935731
165697335 579359704
792234384 720513487
334130155 6265598
50253385 347521937
806541797 342540590
857702630 403636828
265568861 572923073
70805323 613673397
860722984 518212786
507084024 52353814
450664074 34077940
677948068 248777028
75167522 64956042
540865069 703777677
379806065 37603436
828116862 845051817
185388207 44671607
905257650 764936188
639050133 819022734
671156169 789217250
88507553 30853521
594340613 207013602
637984036 811898151
703734958 937437623
790099928 738246840
696824527 472298711
40403208 409895562
895818870 320645519
393971498 747562778
815255838 569193968
367215466 231230652
676365769 17324548
254033038 826849110
809296216 58555260
934939038 258907173
909938440 923285362
728112859 768837185
355529288 978365364
993674733 268052507
352958159 754522004
670984545 793302292
888521840 810612098
670387971 596886211
168686049 168063660
790638570 78408541
955639973 580494874
884083697 412248997
879278811 165222192
302740663 825503429
851484315 659618673
818223419 435682452
584479465 35577925
67262296 903522236
583776872 229791111
739507592 298932660
151959471 225907839
956924209 736847298
613553996 786720593
347146956 264116773
138045738 88810847
524108448 983792788
207070946 275320366
440683755 474255989
338805898 692534935
701574890 452007053
394588493 763883623
528544916 54025500
602562534 445076707
836378084 151674543
197058103 883667379
249739256 904569277
30017923 701827724
554300094 971847186
373423929 608763332
971565243 405022823
826416295 610205729
123928540 399477263
265030181 54339797
907137537 530453966
433015392 622185590
67144153 432102330
32733009 855840214
49193405 247390195
195889917 255096486
182547205 641706811
413296665 738383625
292551531 733022916
262394553 913902720
859864249 807593684
10290186 386343959
567118453 808351933
259519544 79389301
384862901 962486164
731150615 672704703
4832096 355172340
249186791 581281599
969127339 555351293
470370715 511355632
612017747 296995008
439433172 640397375
111982938 565830246
598473147 585221285
837904371 18064363
350686186 44539240
14614363 302544018
323189183 234432835
525621871 77843053
372998800 485862555
462974992 477381717
385469500 537837774
635372449 898894910
815663315 542149831
529723874 847466420
139910479 707330247
895118546 244330191
563216535 815325010
792979322 707746169
63154777 332685619
282730063 181676492
706390502 899000347
499511173 253768899
287235204 466994323
719799892 350291882
765618285 426977509
25627420 622904296
371445154 904687501
401876463 195102982
77180841 296657929
772850925 890726979
522066509 505218753
735334301 169009695
338148739 115614017
803032846 69420285
947197632 58627549
358043162 22706919
720244271 35997484
451754298 762565205
166392621 730684949
497018448 620560334
464968991 233065946
74615496 249183501
185263739 389899794
508995891 394206841
477176272 677365306
904713324 993734493
385487988 224102515
823633331 683683584
178756077 463513690
802014602 524670000
300601703 989114944
853273435 145057952
962008519 792561475
548288801 122261654
719423763 11976670
686107092 682974001
819481658 95485620
986013656 528332017
119730766 511231787
345376365 654465156
936857941 339519157
267405684 422527633
758025847 368928219
169433485 575186320
73988966 659192824
214276405 44130968
11261187 485041779
934453243 781994991
413584289 979129877
263169846 656931723
270169029 997764105
48830477 822711117
740507366 565194168
726328810 962960356
466076669 454705113
514250100 603569758
389524725 142821779
310393596 256470736
977853758 368231657
210604710 180013529
378977187 569158925
859091809 62492041
741807642 688342988
634143525 996770542
354978255 420819489
802003208 156770411
45155119 890671253
140215057 333288184
949994433 124583906
112134038 501555112
391074462 801201829
364581611 893975438
280215638 645117481
185039160 948769147
743234138 246110256
147851467 416813748
624151623 842350358
854928516 113398619
952608987 158159225
682496061 407219183
615199736 601744905
850826319 964521558
63630652 713048272
238988148 495549288
862606142 665276116
71431577 29084612
624997520 964494455
32162063 962163440
945007303 16741452
207563526 628409024
735734002 475984301
314274482 947759073
805619754 200258304
305944093 80633562
827040602 427166786
94300037 454445146
261977765 446857923
430123536 361989851
176204310 400087157
861813376 318052199
700110179 168297709
741205622 114825115
510376255 671867167
102539267 676392551
36730605 654670213
807454527 871975426
331118624 255329276
312919147 160754591
339767141 403968397
534398023 701640802
536843963 838900992
633735913 544553944
965165938 903133869
287878991 510172406
454118201 360294897
859624174 268614753
980010848 552893314
820954498 863758577
144865678 58945207
634839927 644865164
860491164 901975697
546235540 125399801
890322824 255399046
820709234 717423822
481691986 526989668
74110861 666031905
945968957 501518480
458428026 431495427
188286862 188312309
293870618 646617679
527001490 43594061
41552625 391865442
794179050 905478831
325739887 205718824
365006453 57520102
340045358 622343320
922276412 7408356
627529942 870812059
892932036 132217434
86125919 533670512
714847008 99566683
216301789 807500523
833293408 816030114
227062129 588145407
758714265 915475668
538018691 939146855
693938755 577319826
304819807 238147845
979699286 538827185
497869860 19510766
362467011 688491801
631297904 948021475
812142661 974544179
449730117 138468435
668225073 642397913
204433299 600141456
429598045 378394951
108598989 587854636
349655307 464232800
87045636 556031206
925779546 786912703
707848965 345495688
695053092 651553558
991045417 974254938
195265696 652985764
421081943 754463602
463992362 443728007
329237214 114705553
669968639 837906839
698901535 245438773
466374808 762829330
501099772 202683060
989696123 751105989
231297891 348443068
882266735 653266250
247102429 5444349
343561490 844884097
598428824 608003410
224499440 187569898
618784262 697437109
304575541 611823279
439566901 422786301
176023106 441603970
99041685 226914986
388698829 357493001
356556746 1212240
581966066 433779387
308928778 920335198
443351214 862964869
747066865 87049683
427054119 803475520
355470677 497828588
348410224 809258665
314896702 41206062
267704902 887633245
15663869 443053654
449208011 341408535
888882028 465162569
180863265 67320386
893754283 69360926
307754776 368333023
601376204 795217053
226212132 443626910
649973673 845732903
496473874 789170160
293106709 183293379
919864997 731151018
681773241 861521888
162615269 98158367
533904274 710860538
260740706 31721300
333160704 319337904
49738226 988223724
399836037 786749014
207567256 865301869
270361526 597618312
366490996 957896706
793942975 243760741
883610524 624319660
816055348 486888337
646643397 216738336
507301789 556844365
626892540 983942570
109892951 129870108
291670310 900658305
65326533 394114252
859753131 28452415
798999401 710136465
1842028 643479499
1274079 982451392
560016387 25654014
29677556 9585538
142526764 76368374
675991591 363020633
104258479 697830672
751628938 32745162
806488058 633245970
645534006 866626455
171968170 304708290
520338504 339601762
986381697 756356539
785474936 225115865
305285483 244707513
567940757 356905459
815369943 717574602
567769151 520589892
520061182 118224677
735259400 613898236
410250279 874055820
911310360 760266086
811974401 805184662
609531605 952068549
914276609 308969995
608639317 634637267
723166933 554291889
142195709 644936570
828109557 283699478
414682242 39426496
505592833 911452880
274326139 528628529
666118096 801935772
451710274 343992394
885856272 946444277
423213558 854419510
718969362 336564012
257987139 537330904
581541358 966046616
197406054 341445128
928246983 501775459
810433624 265858988
739114681 656487878
82579321 286741415
51456507 765833380
68879619 176068789
232368406 788815124
190684679 555830770
155086459 574746349
502278948 274643498
223643305 643484990
754662496 572831482
380723013 106863859
824203644 457307946
815177209 485707832
562357250 541368143
232242972 648848863
970546878 329524045
679084475 485511016
337943851 110287327
646849314 876963926
841713447 611212775
722800973 779728569
99757015 146137881
955841000 151123281
713127261 124233413
150869408 711698223
779087879 386878841
269532488 161584762
295312111 409590637
977403404 597068306
948797565 941169181
118984067 191915694
334355343 621155632
66014152 410956111
456073756 8948579
618905350 351155668
561516238 99409893
492615583 42964274
793743604 993844173
837331372 662618883
161995836 405586573
508304429 965288945
592570579 291073792
529864797 778631185
995168703 57928844
419496865 926987741
654213572 637900736
258058577 490557780
49696538 623391081
287112987 56792742
352394278 961996828
313791910 50508379
962237578 745282836
203393795 813798935
794308263 978458697
631719966 516680927
414421935 919474561
177571442 21809825
286955610 481083332
933857118 843797564
571459095 442623072
123843125 399281015
656554302 656908523
37363759 511007860
137172316 747332748
839570480 979944670
199535911 858872676
30898918 645314910
991164639 588829869
787717504 570760755
4118183 48781466
844774068 151371140
486469750 976873794
803144617 254932558
981346435 601150055
453194022 538688679
486218766 539780240
217222263 372449609
762460918 454919235
19609462 316922669
754118198 614563927
26081432 223547509
974340515 582938501
671906860 263050796
433004812 200697649
218665209 32023053
499736898 332707064
390603543 32770417
956404307 584062886
182058753 284104694
894447606 582444525
491398399 820249648
993214551 225006554
953863239 975988403
884532162 447960418
973408051 728113844
155825058 587019856
352095547 972095131
549044569 512067005
760767598 453699334
20469488 219081732
72873806 697241742
706702450 870749498
47290281 665969119
546565690 992215710
418586371 786472516
570387074 571649045
343514619 26004355
458738870 439061577
871451963 2245385
33893933 159839856
502283199 979305479
180228162 999583478
959149248 802495157
626004615 519854046
985480137 290435189
37497197 189843044
865518324 107975091
12057452 919749355
476735030 967210197
766267685 514801663
104536441 882286778
414066486 813568196
225830646 176519580
406791695 352512070
12945884 746549413
886062391 240913553
468219198 730034300
181584536 883030763
831723419 598727360
858692047 127540927
189234090 579355494
225948026 903784709
681936076 688100297
157582560 529946424
800173710 282219291
32269883 518939894
989299502 287344521
273777466 261369647
511086282 450193863
817998943 76118486
970771739 27277256
661162000 857939211
101201100 458141704
963895019 961733616
426039016 323957156
762166796 946788607
167036488 484048395
482531781 585596548
892987277 126721966
539790731 964461000
665433299 956597833
534513128 936827399
775777675 858785136
579751554 610279988
628833201 723442833
919135745 869989804
172688345 534734892
365374132 242445484
412319007 741899632
421252929 96339529
795113021 30860595
990155694 835712711
616785993 75672051
984426767 52472104
511566847 414992331
681618094 900806295
821360663 94556111
156982742 100781936
854588912 126427109
492565080 858755617
45822698 221995388
540480688 329699488
528844136 731306202
956632914 331323778
867262403 406859731
601169782 840515174
615155120 124798401
282842907 764627005
135237171 439957018
779844658 674995740
4196225 453324446
117714909 770077585
677620136 697140358
329509117 842988858
5890757 634067931
285812571 80995230
874637230 14393199
495169748 954597848
415705476 865357294
552869805 852158989
940434881 544469750
272627447 836571108
410796107 228293649
783091387 51283079
416935976 459842385
771272820 11600055
120536353 858497150
572943047 964827469
347358159 526087490
834529741 574246289
315600727 91275621
778453974 15103415
466424851 56700033
567887728 778584013
714002295 54549259
981535619 83954093
23021043 320002274
903722921 992596171
332788094 259217760
197134539 712792668
349782200 803421628
8459118 431644469
318467205 194536951
302541257 859533816
547968349 438469716
386710121 637121464
151355000 498320547
870623371 856480789
521448708 952625174
932848188 418199937
895505556 523873628
854148541 704143309
110060186 967851193
3140938 688891885
540029946 378406097
662286213 487824344
978119142 396060026
187536169 678479264
939920622 280133428
144480045 609944063
535251326 615262555
845735826 295802359
159043704 457661992
229805553 318877735
209942089 935871729
989455234 643896210
719187815 818728443
50506456 861957857
825302487 612399093
244108301 639987942
254616330 22407830
715053772 938024287
903218391 771447567
791385639 855552642
339276844 412961380
626675237 202570974
742683086 996976460
428744704 251609347
804685814 35420099
653636854 248102330
142548707 390741846
444783585 900042005
123789768 639878384
772770573 40094856
492841636 416088603
887093626 84367981
940856585 731518666
983268827 332680353
872579470 848759367
867057656 907434358
652976179 194385455
665240882 961839760
793323023 598713389
199112626 819145811
694938676 410628073
89187285 785207632
119557458 828019699
752894317 170248350
81551246 983535107
954755461 570538039
898868098 942626273
988494987 431842487
759985202 432289783
537330093 780843327
203653438 830031316
52496722 985540004
340481424 243008782
158915046 357341076
271184389 616763887
147147689 953541419
558327139 789235467
85339396 922303598
517220506 944467354
95872995 509014099
971533465 550979045
795350261 91736144
645105930 37026341
854937637 667436176
853904032 422232101
802924715 435981948
327529001 582348740
671998123 741397258
852300935 299951819
699868237 197253861
310799194 808426964
74375356 572537148
12001643 403776417
775187779 807131955
297520344 951468647
576904851 92549027
578385752 115097993
977918613 767671491
502502316 470147983
313541882 599084167
390707848 858963228
657472840 73930529
305964694 338720726
879166064 985789992
777233825 681562980
147115820 710088552
646947011 144404349
932109249 878984439
972593294 680252269
113817532 877434440
534524026 384789655
353894295 254819866
31524254 943961488
778509109 253598473
276384047 333277398
862231195 866510944
522717995 18305258
50138042 600710643
161479954 929971008
640427900 133017205
431183124 94935511
693314424 420085905
416944622 192115197
738654733 323565887
83573740 33957126
989162383 248903844
193763937 980264485
736852973 524196905
336245234 639167583
23792488 705254052
177240773 949195057
345362093 644216621
250379857 52180310
16774129 226861107
727459728 739994053
140329707 649027408
596678530 79860407
888272058 285620183
191025719 373629811
517966894 507327350
607716255 139341527
229805986 571129996
156036626 913036139
521148852 878501375
767925402 997957733
583936515 934618848
202511281 900433848
992687499 782155717
498256982 613454018
531813848 131324440
1089479 365024923
805598994 576246391
426240872 849820857
19097859 622633942
824227860 823816835
3048054 457743860
871242182 25834756
121317538 242621926
746683777 444928246
651529123 468224141
553923329 403320112
695047260 596135289
738904575 775304785
843428415 20432140
653619536 38451202
266522325 568391778
549401952 694150060
504279297 149972396
268099346 203971231
449812459 913414701
166352363 76220607
226972253 299701262
444034405 180616404
239571589 606375993
161529274 217382715
938727303 477824843
959834483 493362647
864802116 432697702
815622972 111448935
71967095 276268477
581721512 815126629
172821484 910813160
657464473 926827448
230771608 571540921
581800352 940701135
3050338 140307785
283398973 434146409
529496839 76098487
443485630 201684614
731333174 306206874
959681814 731979481
948465046 377351060
456729691 451395697
395570295 638588793
36685588 577451850
919200789 696558426
622170880 509111325
910364364 26044579
792821635 792825845
770204424 367935919
737130775 37886976
875042820 855322401
257700902 206747823
529359798 582483424
36632957 413406420
37127408 177034180
74763348 494515246
357067689 885163087
192955750 663710160
448797 631419895
134005814 437945764
801336498 213864434
203570361 965163363
265264966 428076573
176445508 322749017
546738690 861002207
165051658 317926755
269079467 782647635
657216134 453949801
20283372 571566605
258439948 731860136
638139997 405265694
443446037 481255026
895221929 408306447
305540965 945201002
760779614 364745063
616380338 447455408
821197230 876128569
872835319 557116066
586242935 475053268
549531690 75409998
562200053 465066353
154966473 305267273
538894184 669497655
51069210 875812664
989941159 784649304
358169196 55247796
870640282 769260752
821565427 353881091
392667205 327441793
92328045 708148901
841833639 701392241
773217328 471328693
298802155 699985306
162960283 963812195
243753452 987718480
402880592 144470709
581625447 473790645
373690941 582892202
534625413 674185286
659689600 541340839
15639243 978099173
852872958 52630714
522911425 914988098
674238081 349868538
577326415 172850014
394155784 622430741
231299817 561813211
672529407 417729345
883440907 681175829
931576333 956001983
134872243 376883925
216123065 448600321
769010062 380070024
202374839 818009569
246349328 906577330
679643011 42798668
750115379 919478032
313993118 219402899
470092425 211404118
798799287 881072811
816544400 481784455
32235863 287751470
852846238 25996668
928347645 133025127
704780584 993620918
380517364 716615845
427835959 753112271
861697829 972840576
227983795 933394927
738637597 303508527
444895674 462833964
551069252 696253605
356305615 912371330
590194879 943548348
708966974 646532740
489381701 750415781
976395246 937955416
575484620 418256399
949047967 463010795
586902493 796169487
152086230 268979913
79371973 942840802
461681657 216809048
491729417 53861775
563172418 401621789
629208021 526544078
502437145 152266548
391691111 66128620
505389210 94280448
712266851 434589840
76948702 465336851
546122635 908611098
841534689 111537452
637243873 484995158
291430615 644888782
481111160 174122021
370222510 337015809
674300507 918351597
960396820 398802705
304562495 290176996
406982121 495914432
231281498 274377135
569584039 24044851
204293147 67784149
96420728 463947169
781012527 464052810
171580181 942013712
315058328 977964210
898757404 742356165
268540296 543330061
256412229 92926713
749299281 272995423
994639669 133293590
295262581 228060011
582682510 367646261
861835474 437605062
997859721 248319683
653577314 612895893
293756671 604108924
593552771 863570480
212780049 894887709
216454863 748100555
388476554 388184448
424822741 97227088
342376141 541006918
623089017 732336810
816120196 936916235
428341523 969377060
498054712 982961816
620799822 956688147
730288181 600184224
474231379 232850249
251167121 886124819
247597948 423479627
553537159 926873881
553141470 801530317
399980025 727533379
920241045 524075420
276806518 812383047
844653901 25262610
635238879 312300766
607260190 625994364
637358081 261651251
963373684 765009473
997152563 767452496
365297946 870277045
50571766 666678891
310429011 411249733
494907685 488921485
827859511 864401135
111377931 612439695
252573188 317113532
905768040 310788252
125076621 190125833
299558155 166690273
6003377 733045240
985809254 853347327
591390202 860011137
549612459 807552489
922421239 839917389
391217135 758676464
595620117 689136025
815495951 940701776
548957130 82866494
821765340 609452794
398998800 86680686
512824893 677963629
19259234 902193640
326491513 753912864
34604163 777346945
712038793 155821196
842588235 157235175
376235362 606621483
274656929 361435742
851182941 369727236
862292604 412041192
667156146 218406718
465402336 24697246
99614803 574609560
297854299 3574401
984296740 371163758
155521671 522211211
454651481 850182182
890457006 828574080
477111966 984768720
585354209 188176718
956369549 552694004
977624786 979175944
91520319 377213400
223733690 790798706
841086974 974347571
785012196 818190940
625156055 27835043
931159016 990613683
223312149 169077053
11736635 497917434
276800899 49835444
191992737 523862076
199451648 289894232
179610390 397059419
515101165 897443530
137702053 60384236
528640263 887945034
627028997 848965207
593250664 437567294
93538231 109001121
351297412 128777247
991837767 486379307
94362860 105686228
330218475 930789406
650730535 600562775
648963691 80052548
469667556 687910680
50474666 895985314
24053742 89679753
352146948 242555113
783962737 786166397
697260476 732085854
623050160 656234950
826353174 138776749
933472184 825472789
660395209 292522744
518346519 411173861
848953744 196748352
580167889 504082058
473387411 303466335
265840491 89930638
44912472 272546053
113480794 351535657
363123761 796554410
264894875 970794048
22612034 454473916
504095111 268065443
448605913 58774669
610430729 580663907
637425564 897614509
525518340 826136418
457401996 347264201
334722285 559033054
35140077 197121504
574429887 698939010
532861554 227499333
824784879 381352901
219943080 329488822
282071287 429195034
283479942 564275492
45804222 245689268
501351186 35857676
299954450 834258792
835120749 171082319
76451577 289920691
161608276 383046386
929652172 774448402
770604782 38341159
265145760 663559572
52602974 783991973
69464371 933928728
513074469 700619384
924989827 776922767
953122731 468237436
968110994 614347122
223653921 439348411
504212331 347504874
736006234 142471955
896484247 682953595
576659420 296381127
293887295 371580506
144518531 790437915
629474640 598932827
714424865 124165496
456363075 443020314
376366092 813833852
461084041 669132821
340621572 606455812
741476938 153846313
299851443 157482496
937774546 152167155
594422900 780070451
996033397 790027771
238527856 139214258
144973763 171671956
323916295 140980265
207196498 609582661
407625882 255630520
472844688 843941649
359997813 318534016
35445830 799276419
168385994 810628499
676572577 71486767
844925512 724141881
351471478 945978464
903944100 757269990
537979833 404987465
972464833 152907031
164384009 534935871
382812034 373844121
126088140 870483217
764167684 137829060
407574485 577089674
645447859 650455543
992560245 269134806
761530301 17335058
802374836 353872980
253538397 180504557
614187323 189435436
807605619 843126367
625643763 703591986
756402225 771129643
45583817 453433079
376812582 69367439
202008177 830536209
610182662 822389146
851381405 90863008
557003716 18110773
996901584 814513015
557090103 496068021
457299445 655490077
916536263 508345112
320334702 200352115
867766 766850191
359403649 519031755
776094450 95016571
332927695 552275826
763661460 303698995
19101813 673304677
580825345 389463713
580188091 830934845
93365441 496492225
811835362 106040225
100798796 294029725
33538279 53186283
179636792 847337133
830031788 288573865
67031918 530627193
370664292 204126400
7468184 741884823
434331267 703507906
488542095 812544465
250348119 779247818
729023706 354889181
279027647 450963492
917311978 702871860
780974737 503903821
316431230 609962313
825458290 627962399
441313195 789707510
829687824 796741367
759382008 617518827
84700489 72586545
606474477 520383231
301927708 984413643
574675290 664212633
394277031 129861854
472151736 877316232
49960109 589461621
180060996 201873050
280581936 472836398
852716531 243830770
223498460 382895426
87955126 212512962
203873377 994445374
924152717 850281062
902198693 23054542
167209534 770118635
309230876 358680242
340392730 373031888
729287710 139562086
174828186 77154598
170381557 444475581
850155330 537143968
280405362 933535805
522007188 612945329
424089023 446867822
865554794 979406763
894542675 736327467
450309294 314581855
763355670 247794236
179990502 928895821
255125934 435113205
489384448 317122434
959480298 27676156
27160903 512816142
309056260 246525192
679865863 667636608
48747376 405848710
378275977 244091698
488352752 351627660
762203669 889291523
231089705 676358482
670290561 973302873
767928609 732096330
280734188 992108443
399199945 312716575
345870986 216471569
830505827 928302995
397288736 502744950
395728206 444306621
158867992 36313665
445183054 170379529
850741661 534797501
215778118 189196313
309116203 921239803
968398859 718212965
33847668 771247228
848594292 867273928
583024836 38654366
604607379 561081454
919833699 456735349
631947951 582854283
353948151 272742596
801342139 509486335
816894948 513949876
190070593 189079665
934975496 567112950
383228802 43990705
855443856 459842478
827764191 803016634
390278038 729274244
127488952 719652735
72274745 942464597
680768625 763016704
862523419 557763232
126960857 887802402
685850003 881778331
254236029 969788328
101338170 878070105
787150728 806750957
679353646 755935641
361432123 506099570
530961766 239124616
590724014 314194934
698972484 906129696
186505304 820008133
176130948 46844148
434120598 32031298
770885347 750169621
328618255 384159824
171404427 923272035
722335608 10143992
834596231 434134953
827647543 428875927
36151185 144104187
453266692 541248923
760869995 921634496
616511331 570269906
553143297 80644805
285532138 40243448
171579251 930599005
434398450 478363596
386358806 203688823
165466795 675706012
47182101 820101077
142140786 672462244
841918921 643046542
353484266 138104724
995065647 439797628
889588240 960691861
685981320 510079210
28662797 658729037
734550446 255906300
385609684 697767353
660485343 230431776
866564504 95179336
702987521 508517179
242019039 498942184
81353115 79289067
656659727 696491508
439069307 387849916
539287688 75459325
458122868 943187483
512586127 102140959
187084051 360605032
184660223 855375945
420159463 55100363
173678945 76399916
227611485 925881272
236344558 887416623
122335709 86177729
19046286 350690594
381031771 754290871
133174557 766459597
184923675 410296784
625518598 892924689
252713578 528983209
776031639 830605376
89919748 973562435
485050093 658150531
28294816 459728413
461422796 773068721
108096068 780386776
76133051 352296928
127485409 487728169
365767628 314893519
894365393 246362944
70972911 546144619
135136339 10304480
299427687 627517493
853267736 539023693
617090867 528933521
332310217 724931811
393953150 647090743
947004296 393292170
266866 875314558
798395864 748616390
521648996 807442191
191812337 772683343
279717684 834887153
619154533 122870078
467031911 557406183
557029049 86494906
275833823 723780058
196672993 51099829
436652227 442829006
26558140 91757924
657883666 152980259
661332550 712806407
251419726 300653878
588574440 303449709
72579245 292598257
868573637 242897551
847861609 336959211
689333896 984478006
270310797 411356282
813631488 248327859
190865267 410438731
512465554 525332944
871049856 179329959
63599262 681146744
395671018 646350419
804717731 696817158
802735314 505797608
880042754 278751446
959580583 854853127
83349448 295239679
564576357 207798252
309238591 218704053
366540917 146590319
574029353 750500880
852730203 17343035
987500568 755505484
47157989 380207722
287040194 961066509
350244946 155534943
832763654 972668281
341073296 733721314
220100262 777339567
728021901 660775386
933658961 629157557
970418295 542743578
410448654 519809918
558626080 796288454
260827292 435359784
363280743 132257833
238292751 909983348
829085014 908064320
848383091 423002738
305277124 70996418
476716897 25395748
777775708 219267369
345092486 330423027
884434833 540605871
884791026 44766440
649172173 512950138
957876762 931181134
783309577 441771521
512208130 942746856
188258022 79436249
907122394 624155252
74930599 216043777
484349613 324849199
377759236 613496286
627575796 10650270
849286482 679494392
892548542 683255462
11603214 420708824
671280796 39237162
759434002 968677134
7601789 615879225
608030433 181391044
528237391 739125492
57327235 22248975
425633736 504235816
530305085 234886806
795426943 294626855
221709937 797222506
132847207 94520247
207664156 924383663
659142232 845197672
781171870 916113893
37164652 33292949
904919706 776485719
402943744 44184086
384444287 489959156
517113121 684022207
549131165 672235589
828728310 780303745
994333841 687127108
192001993 283238990
405832131 703192134
351508039 4088811
898322523 976434650
646090811 978310266
515789119 894795078
636293419 715249917
584232848 517642634
98766105 924008227
632259880 856001803
910397183 277023491
27915135 738506629
312233824 247066096
829054676 92234810
943118817 217621127
898899984 156412558
448429437 229353891
408594545 764347155
208904254 65921954
331881046 519522019
934526845 980911480
144225840 546941942
133786904 107420797
462044022 778606493
371788384 302065070
843180914 736493501
837184929 776712715
788227125 35589436
834809554 176478241
294597590 587160885
795184558 832400570
644553605 126568793
43783422 534877640
750569239 89351478
581463014 476812052
55598613 320159613
552219844 330194811
12820890 173903683
439838563 251202421
950279505 276644389
412256543 652576436
797637221 355957933
422436570 66499415
511858954 321860645
185570470 873716906
13777917 119552777
484458941 855068995
463923407 614367233
428691637 814031030
534121053 959883222
667582235 210841602
828326989 95143996
889808528 190604479
938856281 481226997
354276146 721727711
523730483 512948910
990907772 420880685
573382969 675631782
347941630 789484611
662645387 429416190
106186004 936538210
555230426 621579793
809229818 844757012
491832625 457075849
440386284 822216412
235047403 958611567
896926276 228551795
752913907 899307634
661668665 376756537
782574965 746804789
718557786 722374344
659215259 756154281
767530903 77239708
564322352 862879149
45839178 619166396
122534609 971615789
373644747 711904642
724835820 708970669
313915327 599775195
342230090 990500895
528935815 562099745
698652033 607471358
3169926 801356140
853733652 234753492
653349783 496143262
111309431 485062482
743645434 43478992
306881582 134570216
562893464 843325785
896743974 100259150
530841686 892057431
114845760 449885390
293280598 672947659
259959535 289454919
225381870 951557768
45573983 426915174
723406755 286431704
635495359 233495305
978728911 615736268
449272700 632960688
514346245 720996568
966135176 945580029
88324711 230477179
856770030 923759358
418624045 51888162
449011135 24460409
374393326 390672323
944926913 102020642
838692991 412220330
971976000 769674622
822627230 237997385
785480793 20389096
981797018 390312864
518927307 798065406
955154282 76404404
277800187 639134107
424701741 844855813
651248016 506381278
517664106 724173438
504958478 191259957
834254669 847739206
317478920 455707249
128930539 807576599
641434382 703017660
304634687 245182496
714567999 180663506
660581987 372868297
355160502 875212139
296294828 121279364
294332014 581943434
712813074 132596593
418800881 227364089
217633494 601271930
706981490 918686078
261741785 137350315
460586261 135675332
107585644 726793505
55106624 641963725
577415399 412612497
665228595 106584880
94018037 397647944
503733393 373210849
363591331 145203595
220333227 197337653
627222320 49976087
799399789 598978029
462431654 367608164
730673697 698579338
740153563 590685416
400600626 486966815
230161201 228821886
37789066 198049808
151164460 316920056
676930114 287371139
9276967 209956908
654878913 98957176
494057045 244355928
782543646 113835046
670164940 51192718
496690393 519054157
861118368 116296075
518085453 774774971
907189115 231764376
97886267 909535837
575629046 738186569
965033612 290044261
403335531 455271688
451705968 995060862
903590900 259377466
590667204 249756286
475038656 169140510
700647261 108168164
188857720 683103715
80892577 687656684
460419050 498909322
600693072 830617727
15056371 662414058
521933204 940116941
825486356 582517379
746343841 156103599
413329157 417552649
696703936 759520682
734918253 485738404
398309916 385888882
55498209 99439932
32942470 982508257
590773669 997781072
918361086 30500642
101239705 855671396
252841768 967072175
406278021 515368889
163191997 419525448
324857413 547480964
593340326 643814850
720353436 965967565
596750947 517702019
203879258 491227273
216813817 492530400
578366842 702866190
189807079 158357079
581864011 225221182
434814917 493346876
92631302 85324184
667425731 595530924
337556646 974452241
346776616 181671507
862163944 780376277
559352653 895627139
213673392 205476664
542706866 242387854
907371563 695443727
196081804 897141131
517575922 807721289
547693341 97426794
905149771 833036903
363074912 505708782
518114751 278389528
620295560 224606515
653204946 382815721
860172796 429230275
333807573 387863663
101107985 477965583
58596003 901307221
321620216 306738128
973651352 409092529
944837060 480940049
797716420 356770177
795282168 76155230
707106432 156425390
873051317 868024788
432119239 284610011
735358129 908326372
640644669 958912954
80563523 384198362
721780275 658045433
574006924 906935265
231825313 133614338
297550795 426431515
897727308 839311628
101858964 441420693
100614858 391267952
224375478 37124984
400917665 78464902
770350654 609788380
637744860 661382607
144042993 269006585
661035447 202127364
855223352 426872309
156038351 967493648
180414789 632164489
3579914 482308589
204879165 532230660
308477672 553569109
256564572 760591437
955852513 716817267
305804577 97318053
518680531 211668711
723981796 163112655
623574565 533230766
53103021 213772361
802874604 113069876
203783574 89615787
654465520 91698336
702056101 699594654
825136667 743981687
169866944 137135872
883459116 385041698
135616117 3296806
872587422 12706768
313143189 237805011
454890338 237119889
556685360 423972500
858508004 30973118
65223012 571419661
547661845 763525017
724816209 456443698
142356982 436433103
462297546 866444043
598849474 819837468
396614544 305180867
680981688 243857805
447448249 718047503
261926930 68684689
540632694 94708032
353160708 693008679
97889644 52154905
5000
1448 4928
1733 2445
3837 4854
3137 3941
2465 4412
1515 2600
315 4631
828 3449
335 616
2314 3890
3101 3298
700 2014
1258 1336
2561 4676
302 1490
3799 4721
1354 4213
768 3113
1868 2682
884 2168
1649 3484
4213 4516
2922 4137
2891 4296
1368 4086
799 4206
3164 4001
541 1130
95 3232
965 1742
456 1970
298 3057
928 4867
800 3388
1709 4312
1320 2937
946 1249
3091 4093
1700 4937
129 1474
1242 1444
1596 3560
4266 4520
742 1057
901 3286
1068 4725
973 1572
2164 4231
400 3267
1425 3830
1192 4200
2823 3958
127 4356
2610 4604
1275 4481
388 4039
65 4947
902 2017
1485 4483
1067 3764
121 4468
2880 4375
113 1746
2292 3498
820 3736
333 1483
199 2220
2203 4741
1498 1532
1543 3618
4258 4784
4523 4991
1434 4605
1693 3094
1460 2486
3108 3667
2448 2689
2347 3867
2625 3972
2924 4218
1079 2859
863 3062
1131 1492
425 4049
2413 3631
1389 4210
25 3581
97 1360
1687 2673
533 1246
874 2774
2896 3075
405 878
1357 2272
3611 3707
1073 3155
2902 4131
3395 4409
1410 4233
75 4426
7 1932
215 2562
2794 4713
34 4553
1812 1943
1595 2616
608 3918
1786 4770
3178 3931
1454 3098
1898 2639
999 3556
481 4203
3828 4811
2303 3869
1326 3121
3590 4875
158 4651
1956 2468
3127 4093
2228 3342
610 4904
516 1713
74 4346
207 3651
4423 4568
2123 2541
3750 3812
132 3972
564 4555
839 2567
1427 2720
3254 4716
2713 3308
3895 4254
1712 3832
280 1248
2476 3530
98 3876
1669 4807
4071 4856
4248 4315
1465 3759
1694 2156
1398 3875
2446 3649
3573 3874
2381 3396
3062 3656
2081 4238
419 1198
1983 4540
1136 4712
176 3227
659 4991
2119 2976
98 4166
2109 2191
2553 3995
339 1320
192 4057
1228 4658
514 3835
3298 4292
113 3818
1871 2301
3218 4816
1095 4551
82 4759
2206 4275
4142 4765
1818 2555
1207 3390
2421 3915
39 1868
4105 4765
3263 3544
1937 3548
2981 4725
41 2432
94 4954
1022 1384
227 2978
1159 2543
2960 3720
80 4770
2515 3472
427 2216
514 2966
288 2721
2534 4568
72 866
2207 3865
850 1834
1574 4589
2216 4937
2123 3486
4506 4685
1627 3347
340 780
2876 4456
1194 4751
4335 4538
3472 3899
4399 4730
1147 2699
136 859
104 2738
2536 2972
543 1879
1351 2812
2180 2204
314 844
2764 3886
2678 4137
1529 2042
2992 3568
1387 2590
7 4432
1127 4968
3314 4236
4047 4955
223 2125
12 4943
2643 4192
799 3863
2662 4210
835 4252
889 3203
2162 2948
107 3892
3272 3505
495 4385
1090 1192
637 2979
2727 3030
2688 4894
2488 4744
3603 4543
10 2929
684 4426
603 1190
2572 2637
296 3537
2497 3206
195 3342
1989 4371
1206 3401
2267 3421
2735 4304
470 3523
2015 2633
116 4766
3021 3261
90 1616
593 2298
707 3957
1765 2754
1516 4521
4289 4872
964 3926
1787 2902
2257 4456
1016 2261
2923 4628
582 4228
1313 4453
2712 3833
1647 4977
808 3436
2022 3116
425 3208
1270 2242
1470 1556
1144 2533
191 1160
4345 4676
2942 3508
702 1018
933 4921
139 1615
4283 4586
277 3500
169 2499
1485 1715
209 3052
3728 3983
4099 4805
2111 4581
1515 4394
314 1240
1990 2341
2613 4489
171 997
2436 2813
2478 3664
1952 4932
65 599
1697 3039
2437 4110
1689 4446
1019 2077
4878 4905
2356 3820
187 895
847 1946
2485 2889
2270 2661
1684 2634
3436 3684
2238 3473
3390 4279
764 4796
975 2965
3823 4222
986 2226
1925 3499
393 4569
2426 4856
1829 4720
930 3363
1487 4378
192 199
653 4089
2156 4836
75 4090
2874 4889
1452 4464
2521 3578
1450 4513
2452 3965
2636 3359
3583 4966
3512 4361
2079 2287
1031 3573
478 3849
2164 4347
599 3502
332 2827
2397 3243
1515 4311
1770 2021
3566 4590
986 3533
1032 3914
2569 2642
3256 4899
2638 2885
31 3036
587 4593
1824 2827
1593 1693
3560 3564
3119 4431
3956 4874
45 464
3481 3539
1396 4994
67 104
699 1723
3481 4252
2486 2986
3205 3655
2257 2654
2035 3604
383 3396
459 4288
1052 2352
830 3232
626 4597
3463 3467
288 4310
434 3318
157 270
1695 4231
382 2378
2558 4432
205 4431
1366 2306
2509 4341
2735 4888
278 3806
493 1579
177 4172
3078 3105
4834 4838
1469 3373
1103 1341
4820 4928
2782 3774
2289 4951
1096 3313
495 4301
181 4590
773 3795
876 1659
127 2548
3629 4759
94 3820
2969 4331
229 3499
2488 2922
431 1942
3337 4066
3258 4710
1186 4841
3511 3568
1077 1634
1259 4762
519 1865
1357 1486
1203 3775
4580 4609
452 2347
910 4527
1483 2038
1671 3073
1104 3933
1441 4745
3225 4462
734 3332
1931 4662
4288 4519
456 1353
150 2969
1283 4643
2059 4294
2016 2293
3558 4416
839 3989
3991 4321
33 3876
1510 3976
1524 1581
2115 4281
621 3409
370 3291
582 1843
2064 4144
1482 2564
1052 2931
1463 3688
1920 2718
1639 2608
2424 4097
4581 4860
465 2347
2326 2604
42 4293
1349 2446
1312 2456
405 4872
3353 4099
606 3181
140 4576
1920 4409
320 1566
1259 4131
1529 3857
1651 2429
1468 2231
233 1835
4310 4660
2886 3538
1271 2230
1458 3663
1906 4005
3156 4132
2611 4898
2430 2789
1079 3861
2446 4210
956 2350
3631 4628
2688 3295
2156 3788
3023 4119
999 3784
2308 2966
2250 4968
742 3283
2352 3177
715 3330
2710 2875
610 3910
227 4504
3842 4135
2863 4312
1114 4209
3051 3662
572 2003
637 1304
380 1489
1654 3281
1191 4826
1422 4737
3520 4289
3286 3635
76 2238
1645 4583
3141 3515
580 4026
1293 3217
1520 1719
2631 3404
654 2718
1776 2424
1005 3546
3995 4657
2081 4066
1093 2635
3292 3966
769 990
4648 4816
2843 4646
2490 2793
3484 4647
944 1349
3213 3796
484 2758
1386 3624
2588 4111
3734 3788
324 1446
2297 2752
2422 3988
2234 4937
651 3852
31 933
3083 4944
3307 4421
2148 3962
2019 4094
2665 3067
3690 4759
3671 4560
1770 1906
3093 3671
401 3355
114 118
959 3715
1734 2899
225 4486
1337 3529
1851 2629
1132 3283
3000 4524
924 2715
819 1719
64 1019
3091 3387
211 2634
273 1339
689 4335
4367 4712
2123 3695
1233 3304
1661 3290
962 3784
1224 4304
2248 2376
1647 3627
1372 1470
3461 4273
432 2820
1066 2982
747 3643
2264 2996
412 502
1238 1936
703 2568
113 3325
1035 4475
897 4485
1628 4455
2447 4255
388 3200
2082 2321
4448 4464
4075 4638
187 4862
2777 3098
3664 4556
3582 4979
626 1758
2887 3806
1770 4334
50 4930
1861 3448
1546 4052
2022 3998
1357 4635
2795 2958
867 2969
2084 3441
433 3682
612 3744
2816 3130
3234 3344
3276 4546
1038 4175
2577 4352
257 2433
2812 4031
242 4287
3582 4352
1198 2381
393 4430
1443 2486
849 4648
239 1322
1704 2213
1452 2769
1758 3536
4338 4793
2118 2831
2259 3206
3441 4700
1618 3438
965 3528
484 1353
1219 1235
2119 3443
1532 3729
362 4161
1477 4281
3483 4007
1345 2428
2093 2832
2878 3992
3640 4375
1714 3066
2935 3869
1146 2363
1950 4079
701 4912
3326 4286
1568 4846
1233 3222
108 4785
1443 4937
346 3880
1154 2744
1493 4765
831 4325
473 1078
4015 4360
1441 2828
1934 2159
2274 4668
508 2211
1747 4054
425 2839
2597 3661
2329 4684
1340 1580
2047 2769
2915 3168
16 4052
1494 3887
430 1711
1479 1805
194 4740
3165 4272
3730 3861
2249 2572
102 893
3528 3598
1834 3674
2432 2987
713 2729
2606 2831
649 4121
2555 3995
2635 4276
2887 3277
938 3073
25 4639
1646 4615
526 1828
764 4165
1230 4342
867 1955
3734 4938
2266 2927
2461 4174
1252 4777
3218 3825
541 2357
102 1780
579 1520
2034 3747
1486 4566
1343 1551
2661 3147
3737 4864
166 3907
269 3814
937 1354
296 4614
3292 3454
775 4175
1757 2057
1040 4141
1372 3540
3065 3297
2866 3499
429 1964
1065 1857
529 1687
2380 4931
325 2631
720 3974
602 1687
1461 4196
1318 4685
3241 4169
1805 2515
881 3021
70 4138
279 4630
1023 1461
2484 2731
1277 3412
1192 3094
335 3582
2158 3153
612 1975
2534 4285
2370 4543
3260 3737
970 2235
3018 3910
2039 2042
136 4480
581 2017
2435 4873
3105 4596
222 2172
2000 2020
1436 4153
3233 4654
1425 2725
349 1935
3788 4332
473 983
591 745
2122 4050
407 3588
3135 3356
1240 2262
4193 4257
1659 4430
2102 2505
429 4187
1626 2350
3203 3582
2754 4070
380 2515
113 4861
2612 3455
2002 3684
777 2218
680 1324
777 3676
2494 2718
1744 2833
374 4086
950 4651
584 4971
3910 4970
1823 4471
1176 2018
2300 3744
1345 3373
2726 4727
2812 4681
641 4545
1424 4497
2573 3819
2452 3480
458 1921
277 1657
528 3733
2052 2407
455 3771
2007 3769
2135 2886
644 4003
1361 2674
1281 4900
1862 3204
43 196
798 1286
2557 3718
2218 3559
2245 3533
140 4516
2963 3054
2336 3291
1375 3297
699 2384
64 2827
2865 4608
599 4485
3211 3747
102 3868
1263 4015
207 3389
138 943
2474 3694
1397 4116
677 2159
1308 1388
3705 4309
21 1036
762 4518
3070 3927
1033 1761
3933 4190
2410 4837
344 2419
24 1085
822 3130
2358 2856
1655 3753
3028 4349
340 3270
1623 3779
1772 1995
1105 1794
419 553
763 1338
1449 2868
78 2930
442 2078
533 3585
1386 2039
3126 3370
338 846
3381 4765
1711 4536
2516 3917
618 3966
2590 5000
202 4584
1260 1684
2759 3492
1759 1877
1034 2986
2452 2960
2284 2518
3978 3988
2120 2639
513 4354
4723 4813
1623 4183
1793 2211
4159 4422
2061 3004
1110 4461
416 2093
2990 4971
3015 4794
2399 4608
487 4920
1492 2858
615 3568
354 3143
305 4918
1460 4495
1906 1997
3130 4093
4169 4591
502 1290
2966 3863
2152 3635
2474 3066
792 4595
410 1904
845 1766
208 2722
3264 4860
2908 4627
1053 2701
3043 4831
1560 2869
39 599
1781 3959
2498 4027
3396 4003
1112 4198
1554 3155
2651 2766
1633 2352
661 3516
2218 4302
2263 4665
347 3591
1958 2532
135 2388
565 3793
2107 3963
2751 2954
2082 4912
1945 4708
4159 4552
2330 4750
504 2465
195 2945
2562 4673
2669 3522
655 2566
4076 4267
1076 4453
1005 2848
4116 4700
1451 2790
1561 4845
4225 4449
691 2262
1438 4706
2680 3100
781 847
1609 4652
398 4515
883 894
4130 4684
1449 2689
656 1004
1190 4119
2857 3505
2446 4222
2239 2721
1650 1873
1483 1685
852 1337
158 4798
1668 1787
3436 3838
2819 2967
3073 3798
1659 1958
1843 2501
344 4895
2124 4213
2799 4689
2743 4007
1411 3370
1641 2522
1432 4061
1216 1943
2580 3642
1443 2097
3026 3925
846 1630
660 1555
1444 1996
706 1502
115 216
1036 3870
1081 4351
219 2422
4636 4742
2218 2695
3716 4572
813 2862
1807 2121
1265 2413
2354 4963
157 1795
1728 4680
343 4308
338 1044
321 2581
1775 4265
676 4423
1860 3807
1130 1199
1522 4410
1316 4031
3963 4743
2869 4836
1875 4118
1101 1352
952 1164
3126 4795
951 4262
1658 3195
544 3359
1224 3613
227 1174
903 4686
3899 4830
1971 2945
3004 4390
1061 1254
3994 4011
1934 3669
47 3729
2149 4386
4223 4794
652 4097
1548 4502
3521 4122
2031 2300
2439 3186
1927 3518
2970 3489
3875 4953
1167 2184
1306 3147
1567 3953
1370 3904
300 698
2714 3693
1423 3138
1328 3924
428 2788
2656 3977
1341 1716
3946 4070
805 820
1244 4756
2302 2444
2624 4766
1237 3430
2333 3456
1249 3372
174 2895
225 3760
1847 4545
690 2406
3354 4116
1634 2699
683 3214
1188 2510
1251 1401
948 4717
497 3973
318 2998
524 1009
75 3954
1847 3593
638 4017
570 1312
1154 4957
3294 3502
154 1437
2819 4404
1527 4872
783 1805
2127 4627
713 3758
3355 3380
1610 2656
2257 4356
3914 4605
1890 2606
1251 3905
537 1918
1297 2231
2828 4157
2432 4383
383 1625
236 2644
594 1363
2662 3888
3643 3752
920 1162
1348 4957
113 2343
101 3653
15 3924
2130 4137
771 1071
1055 1194
1761 4637
165 190
2918 4465
6 984
2194 4793
1653 2032
314 4243
952 2156
3683 3899
2114 4761
2834 4767
104 863
470 3191
2242 3993
919 1465
642 2638
443 4169
2235 3562
2349 4401
1597 4969
2264 2666
197 229
335 2279
2790 4912
3455 3939
145 3830
136 4306
553 4123
996 4195
684 1629
1583 2117
3410 4825
4367 4931
86 1457
1821 1964
3163 3987
228 822
1970 4005
461 728
1347 4551
2998 3997
614 782
3802 4059
618 4229
4196 4239
779 2263
2437 4776
1806 3277
2438 4375
3260 3275
2063 4875
361 2108
2148 4942
3217 3525
1335 1494
3577 4895
1757 2434
4854 4905
3635 4147
1655 3019
1929 2082
1827 3690
1100 1946
3121 3627
881 4822
789 1936
3057 4393
421 1453
1241 3180
877 3949
595 4913
2585 2599
2267 3697
437 3748
707 2830
4318 4651
3438 3495
2487 2940
2305 2670
655 4522
37 907
2386 2648
1582 4300
978 4173
167 1208
399 4417
805 2313
2005 2612
3390 3588
1203 4007
1323 3431
1359 2466
753 3916
2008 4289
1476 2154
2069 4443
3014 4670
4514 4532
287 4790
581 4656
110 2048
2545 3823
2277 3329
1852 2137
1735 4522
663 3652
829 3502
80 3839
2023 2979
2069 2855
692 4511
511 3592
1099 2370
1982 2855
37 3676
760 1452
3868 4469
356 2768
494 3965
77 1279
1310 3730
4153 4407
2643 3751
2503 3477
2162 3571
1660 2808
250 1905
3659 3897
3076 3181
3468 4509
2835 2888
858 4446
2342 3006
1423 1511
859 1329
362 4521
693 4408
410 1703
442 1688
1615 2440
4190 4779
528 3515
842 2873
594 4422
1464 3015
1258 4071
3106 4951
4209 4715
1903 3461
941 3998
1790 3310
889 1132
1881 2973
4293 4723
1025 1064
3065 3759
454 1613
3252 3764
907 4782
3797 4731
440 3050
2425 4919
3020 3573
3277 3633
2720 3529
720 2410
591 624
432 4375
3062 3167
2078 2277
3091 4688
2668 4692
2576 3208
1647 3188
1143 1931
577 3627
469 741
2590 3532
298 1166
1757 2542
1232 3715
2447 3987
2934 3378
3946 4067
44 2878
1594 2118
3589 3977
1813 3221
1956 2310
430 1388
2407 3335
179 1520
1179 4815
1638 3273
998 2657
1365 4221
184 2233
1497 4960
711 1103
763 4448
899 4691
1501 1801
2242 3736
563 2107
655 2353
4317 4529
760 2642
1178 4494
214 1048
1437 4027
2667 2965
2116 4499
2428 4146
2477 4794
979 4853
1748 4707
1302 4035
1113 2878
694 761
321 4002
131 3060
1220 2611
3331 3401
3068 4723
2533 3087
1704 3235
1251 3469
1056 4151
2767 3390
388 859
1347 1549
335 1562
1258 2223
1422 1919
2429 2778
2980 4771
1495 2127
4433 4734
1030 1714
1060 4996
2027 4038
2089 3995
3361 4430
187 967
1812 4856
960 4272
1224 3332
550 2151
933 1116
1487 3898
1687 3694
2009 3092
3495 4678
1146 2257
2696 4040
2423 3965
533 955
2277 4899
338 3015
72 4785
326 803
3531 4936
1078 1091
972 4035
57 3000
3287 4458
1990 3365
1032 1615
1072 1557
2153 4096
346 4850
1182 1741
157 4531
4337 4801
134 4473
1180 1898
1431 3116
612 2230
1705 3644
1880 2061
3606 4590
1887 3162
2350 4115
1241 4215
1002 4743
2941 3214
204 313
3428 3893
2687 3505
2920 3861
2329 4374
1121 1975
1451 3698
104 1296
1016 1917
374 1857
555 4354
2133 4213
870 4646
1103 2848
832 2471
1273 1881
100 3851
1996 4924
1914 4981
934 1601
145 2629
1506 1750
3809 4035
218 2674
372 4469
1368 4900
2109 2272
1333 3931
42 214
691 3505
1006 3525
2773 2928
1830 4700
4615 4701
2488 4663
798 2430
3 2448
490 656
2082 2104
715 800
657 2806
1780 2599
875 2307
2328 3346
3094 4151
280 2382
2252 3447
1831 4172
1504 2697
1261 3380
570 1727
3754 4419
3562 4716
492 2302
458 4803
586 2886
411 891
3246 3310
3755 4481
2870 3601
3111 4134
1283 3441
761 1860
1380 3694
288 1928
1590 3354
342 2302
130 2771
1915 2188
3471 4061
2121 3865
1282 3727
3960 4271
969 1839
2312 2686
451 4003
1217 4333
26 138
3269 4077
1945 3625
114 1648
742 2022
1721 3338
4160 4610
1451 4039
1408 2787
1290 1795
131 2419
1895 4108
623 1258
2303 3592
70 3343
281 3241
1561 4569
2004 3410
2306 3611
737 4433
2654 4335
2071 2438
3830 3864
2377 2731
2064 4712
3149 3721
2874 3934
1786 4053
570 1708
216 2074
3335 4342
2589 4378
3088 4004
1723 4651
747 2622
1663 3678
3075 4732
2569 4271
1198 4021
56 4472
54 1885
230 4855
9 939
1980 3864
3001 3473
1889 3760
1560 3115
2771 3977
1260 2339
4593 4869
2632 3356
240 2676
1837 2010
2919 4079
2866 3115
2922 3590
3235 4073
1446 1457
1263 2782
4112 4819
2312 2744
1154 1855
3307 4991
1003 2836
733 2723
1352 2120
1156 1942
1464 1550
1157 3650
3399 3563
2601 3157
2162 4362
257 1448
34 407
3125 4465
2975 3425
4136 4617
513 3242
734 2201
546 3690
1763 3187
681 4304
321 4958
1429 3873
9 3817
1413 2376
355 3139
1138 4320
2695 2719
2912 4479
269 1106
2177 4146
2546 4589
1439 1852
1229 1985
36 4777
2341 3391
782 2151
1808 4463
938 3225
2316 3754
2496 3646
2706 3359
2441 4279
1591 3653
349 4074
2461 3750
511 3410
2291 4423
2153 4176
859 4622
649 2879
1256 4097
4493 4881
1996 3432
41 255
1128 4259
406 757
1519 1685
1667 4136
167 4149
2809 4700
371 414
4129 4462
2136 3054
901 4970
4793 4812
897 3499
1188 3237
2602 3241
1188 2594
774 2455
3486 4925
650 942
97 2090
4282 4961
156 4099
889 3276
856 4811
1982 2757
1645 2909
1253 4395
2245 2447
3674 4482
481 774
108 577
1570 4596
207 4855
601 3994
4483 4534
604 3273
2480 4379
146 4257
418 3718
2549 3451
2515 4018
2464 2760
611 2495
2999 4204
2601 3280
50 931
1409 2608
1010 4493
777 2481
3954 4019
2172 4394
3308 3532
395 3740
3494 4181
1635 1900
278 4449
1074 2494
59 4551
1988 4169
2078 3845
2726 3217
515 1647
1211 2311
3948 4966
639 4751
77 224
915 3518
3741 4002
1441 4970
2437 3210
1012 1442
2127 3756
554 2714
894 3403
297 3283
1045 3533
138 4203
1948 3943
876 2394
4530 5000
3954 4212
285 4464
193 3437
2318 3151
1837 1940
1656 3275
1691 3795
2801 4193
2444 3080
364 1573
335 2573
640 4418
797 865
4054 4940
566 722
590 4124
1373 3030
781 3168
3332 4322
956 1362
959 4635
4321 4934
2948 3473
4116 4499
3078 3407
1823 2008
1672 3965
4410 4831
1182 3912
2026 3684
4116 4819
579 1362
698 2202
1757 3954
848 4329
78 3581
3496 4038
3357 3512
454 901
967 1230
1029 4684
370 3697
771 1450
2452 2762
83 4172
2565 4214
1628 2485
1055 1284
826 1921
1578 4436
2572 3662
2440 3269
979 3395
1454 2975
2515 3640
2069 3731
3602 4740
1552 2812
2335 4735
1148 4295
3129 3778
180 1412
1416 1757
313 1599
101 2378
2059 2926
2591 2939
953 3898
1290 1768
885 4899
3028 3437
3025 3157
1086 1306
1074 2385
4869 4871
323 742
725 4200
2378 4646
679 724
2442 3542
4686 4690
2091 2617
203 4042
574 1716
1727 2297
1262 4167
4427 4864
406 3455
980 2404
2112 4035
693 4635
2660 3057
2373 2689
323 836
2388 4857
379 4574
4159 4472
733 2176
3164 3731
2619 2851
1406 3683
2040 2760
1108 4177
2267 3066
5 1512
402 3810
3291 3686
116 2063
215 2933
1884 3028
878 1844
4097 4446
2762 3045
2104 4222
251 4298
1189 4338
4030 4468
291 3302
1344 4372
597 2573
2159 2904
3439 4361
3536 3979
26 478
1114 2972
1060 2954
3322 3480
1662 4345
1938 3010
3886 4459
2895 4764
2470 3940
907 2847
1964 3930
3528 4707
189 4639
1819 3913
74 4819
776 3365
2785 3700
824 1213
1366 2646
3294 4534
529 1869
1183 2395
2414 3328
2069 4665
1970 2935
1085 4526
4161 4287
172 4702
2242 2415
1742 2148
2115 3415
3368 3788
1409 2477
1828 2065
558 2351
401 3231
877 1005
2438 4823
546 4644
3357 4937
2948 4405
1766 3333
1250 1404
1989 4417
1224 4416
581 4386
808 2184
64 1468
306 4524
891 2573
2771 4119
2998 3713
1680 4023
954 2761
2758 3922
2714 2825
1191 2732
2357 2834
1307 1604
1009 3305
1522 1885
4493 4668
4112 4580
1689 3007
1855 3143
3691 4678
2789 4435
124 2224
3215 4034
977 3570
385 4943
216 1113
2531 2864
1089 1141
952 2604
1517 4780
3451 4430
1213 4081
1331 4278
775 3899
3466 3727
4188 4978
2329 3979
976 1713
202 4493
167 1745
2353 4000
369 1230
63 3071
500 3455
2412 2782
2233 2956
951 4677
3602 3714
457 4896
2239 3411
1485 3832
1826 4777
1386 3761
2163 3987
1027 4794
2105 2686
2368 3171
496 4285
262 4754
368 2729
880 3821
489 1227
3493 4895
2363 4203
943 2952
1990 3040
719 4699
1896 2481
3862 4182
1085 2576
310 3193
53 133
1354 3591
2468 3450
221 1057
1240 1254
460 3953
250 793
1107 1786
2296 4491
125 4579
1079 2219
718 4494
1972 3119
2931 3778
1304 3028
147 4206
1490 2568
29 1928
978 4103
1256 1707
1453 1908
1865 3373
1962 2480
1 2988
1064 4924
84 3154
4006 4548
3988 4986
1023 3563
2440 4427
1955 2473
3514 4984
2500 4347
2087 3386
3831 4306
1106 4308
3516 4567
42 2925
1713 2671
507 1987
2755 4556
589 3505
2252 3832
1506 1634
3222 4428
2593 2943
272 2402
150 2600
1887 4858
1824 4037
3289 4810
2482 2938
1508 2330
3960 4650
174 1736
2057 3352
2802 4999
4497 4880
1113 1684
1747 4835
613 2229
1562 4794
2818 4497
1630 1827
2008 2713
3276 3711
1539 3771
2499 3635
3506 4953
1092 3952
522 568
1475 1672
714 3816
478 1031
2333 2905
257 773
2850 4112
762 1099
1751 3711
4010 4303
1144 2377
1222 2869
1168 2831
386 1328
1184 3784
1206 3850
2503 3208
356 974
2451 4380
3398 4033
1068 3116
2327 2999
337 2133
317 842
804 2603
2114 3626
2308 2323
103 4363
2315 4170
501 3460
1335 3580
1445 4507
1265 2657
2931 4852
3630 3775
257 1434
1109 3499
1896 3751
562 3822
1120 1806
517 1216
827 2725
271 2450
3701 4761
1238 3318
2426 4528
404 3676
3142 4635
2008 3828
1103 1586
281 3312
797 4198
288 898
2800 4598
4833 4859
3614 4602
2184 2932
1034 1807
1042 4904
1366 1631
650 4103
2190 3749
318 4976
312 2236
998 3212
952 4224
703 1288
1903 2204
3285 3644
643 1691
367 3720
2335 4607
2668 3323
780 1487
86 3166
1697 2399
106 617
635 4088
2911 4579
3385 3593
2614 4157
2908 4216
883 4466
1280 3325
2712 4516
1028 3418
956 3201
3954 4233
3487 3644
1231 1556
398 4326
1719 4827
1796 3385
1316 1487
1322 1822
624 4960
3979 4128
1950 4615
2764 4135
375 3715
2136 4836
3856 4932
2768 3073
790 4978
1721 3839
2772 3092
1089 2272
2654 2762
29 3929
2517 4602
2145 3119
802 2951
2876 3893
2101 3486
433 1160
2698 3976
1923 2717
2306 3459
3238 4448
731 2066
1767 2388
1886 4306
3203 3479
2010 3327
723 1104
663 3464
3702 4215
2139 4739
213 2216
397 463
530 4836
991 3725
385 2073
1207 1784
4069 4283
645 1703
2826 3879
2457 4053
3444 3736
738 1063
1271 3680
1704 4971
1325 3446
933 3973
645 3075
1100 1454
379 2783
65 86
3008 4563
253 747
36 3274
366 2264
2044 2194
3731 3959
1293 2891
3166 4281
1572 2323
3382 4364
152 942
905 2009
822 3200
1532 3323
2372 4248
2460 4439
1835 1860
3498 4713
846 4770
2573 4399
4382 4700
608 2943
3032 3295
28 3637
2253 2900
2057 4923
2715 3536
626 2103
1173 3394
323 2249
2428 2494
2645 2794
2495 4578
3124 4948
135 2998
2935 4253
70 1464
3095 3460
2407 3191
1383 3720
2027 3138
1074 3926
1946 4944
4191 4667
3921 4366
899 1590
1772 2438
147 1765
4145 4313
201 4484
625 1838
2254 3534
874 1785
983 4611
2771 3681
1983 2436
3329 4029
1530 3733
356 723
730 2499
265 3979
465 2798
2415 4510
682 1537
590 1675
2112 2797
420 2703
45 1285
2746 4110
193 3415
1223 4312
1692 3636
2611 3656
435 3974
2732 2929
1083 2776
2809 3555
2829 3089
1419 4551
829 2250
2676 3238
4357 4419
2458 3124
291 393
1123 4673
1096 1749
2428 4767
2490 4647
425 2656
1682 4710
997 1132
4288 4762
3874 3999
1063 3379
246 3161
3717 4755
3073 4070
2320 4475
1885 1926
1167 3989
2186 2780
1247 4265
1736 4952
3489 3793
3811 4215
356 4450
4089 4305
1074 3960
166 349
2038 2983
1240 3365
1405 3507
3317 3937
1181 2485
3032 4696
1632 4001
496 3846
641 2232
199 1827
40 3688
3030 3709
2263 4026
1390 1921
2312 4566
133 4003
704 1991
3894 4294
555 2166
3769 3934
1095 4015
3126 3291
105 3771
506 1420
1331 2042
2169 4685
601 1648
216 3035
536 993
2111 4471
1342 3383
3716 4383
1937 2167
711 1571
75 1527
813 4990
4311 4785
3031 4004
3109 3393
991 2815
1271 1385
202 1919
1751 3225
3275 4621
1958 3537
1455 2724
3860 4028
3203 3780
1785 3341
261 1102
379 2398
340 3606
772 784
1447 2766
2377 3466
2718 3414
1999 2514
4388 4887
523 4356
3965 4937
153 3230
426 451
2593 4696
2207 3971
2247 4014
1239 1946
733 4350
2577 3553
4387 4405
814 3338
2396 4099
3339 4573
1805 4494
1005 3602
1188 4164
996 2815
3014 4328
3434 4863
1666 4257
2219 2764
1398 3361
633 4039
1071 4316
2427 4380
710 4894
754 3883
1359 3750
2339 2969
2438 3903
563 1263
927 2951
1208 1795
850 2878
1313 1694
3262 3280
1960 4173
920 3696
1642 4455
2740 4589
1604 4467
592 3568
2902 3039
261 3045
1608 2534
1985 2164
2121 4972
978 4502
3047 4438
4665 4714
4429 4585
1576 4792
823 1243
316 4303
2715 3458
3490 4925
731 1370
274 3578
956 4143
1706 1974
1413 3749
1600 3214
2110 3851
1686 4382
1138 2454
1618 4139
3927 4282
1100 1680
3736 4223
3294 4462
3759 4306
1072 4902
752 3786
521 3772
2127 2863
2817 3665
2212 3300
446 3096
503 2295
3693 4143
80 2507
2022 3254
4185 4700
829 3853
2584 4522
3622 4807
3093 4847
84 3889
1003 3113
1664 3504
3349 4392
690 1996
1538 4947
674 2117
1915 4583
2827 2907
1639 3772
137 4655
1213 1225
1013 3702
2640 2770
1200 2018
3426 3779
1305 2976
1559 2265
3329 4829
1778 2712
1316 4600
3251 3442
3599 4563
2629 2972
3882 4817
1883 2037
1605 1894
464 1069
1808 2108
1946 3738
3336 3520
1680 3912
347 680
3097 3867
21 2075
199 3944
2757 3091
1890 2619
3533 4320
156 550
832 1595
73 4032
259 2864
1746 4064
625 1918
3462 4462
2692 2755
1118 2835
685 1510
981 1361
1030 3653
2474 4267
1052 2288
1533 3005
810 4030
3045 3719
1184 1820
3484 3874
766 3989
1078 4563
2413 3838
1095 2506
291 3991
2725 3824
470 838
2001 4614
290 4346
1831 3551
2213 4649
1590 3990
2758 4494
1063 2986
1050 3080
1660 1956
2544 3701
2686 3393
215 524
1367 4030
3128 3363
2437 3738
793 1404
40 4944
961 1317
59 122
2434 3740
1919 4106
288 3535
1153 1170
1983 2198
4729 4962
1929 4597
1388 1733
3822 4435
251 2058
870 3030
3493 4527
3473 4156
389 2072
2470 4452
1928 4893
3853 4973
1932 3740
616 3797
1298 3483
1089 2546
1973 3113
99 1567
246 1877
788 2321
929 2968
607 3491
229 1813
1946 3582
1548 2174
2374 2920
3715 4855
895 2183
2989 3816
4499 4822
1487 2559
1270 1501
2102 2283
2380 2886
1660 4299
127 574
923 3215
1533 2519
138 2073
4079 4749
751 1800
1476 4298
1996 3531
703 1045
830 2998
2360 4188
661 2579
214 2842
2569 2714
2710 4075
3445 4740
2425 2867
797 1120
3076 3380
1719 2364
1139 2287
1502 2986
635 4127
841 4980
1057 4442
4388 4811
1589 3811
1920 2130
790 2260
126 413
3694 4443
1716 3419
3465 3611
2797 3814
842 2870
204 3551
1389 4647
3610 4377
991 3550
3084 3741
582 1925
2444 3662
1047 3267
26 1152
2333 3815
280 2306
2538 3850
935 3813
1598 2641
1259 2892
578 3990
2100 2973
2464 3861
149 2368
874 3322
1109 2105
1975 2793
3107 4164
1156 4570
2676 2903
824 2217
4584 4905
2292 4562
1674 3104
1146 2529
2009 3401
2670 2867
980 4473
4651 4950
555 4104
456 4891
1140 3250
90 1509
375 2955
1559 4251
967 2831
1747 4070
2178 4250
1321 4233
1994 4388
2515 2718
4218 4594
984 1650
836 2860
1285 3018
3202 3789
3012 3652
4845 4858
3148 3159
114 335
3242 3871
3141 4681
3632 4292
3452 3807
1884 4330
1614 4114
2538 3367
315 1689
2445 4598
1296 1652
1943 2217
1445 2621
1010 3960
929 1286
3116 4958
2869 3372
2350 2664
2775 3402
2056 4352
3904 4295
3262 4205
4541 4633
1075 1573
582 1568
885 2643
2220 3572
44 377
374 1743
1522 2018
231 367
1751 4941
2589 4549
126 3352
3734 4573
1464 3743
878 1108
411 1956
3081 4724
2174 2244
637 4702
2439 4268
562 2885
18 1621
3321 4761
2538 4423
618 3829
161 593
3188 3328
1307 4130
1352 1553
3338 4399
1866 2007
3446 4304
1658 2159
123 360
1761 2054
945 4480
1402 4323
1158 4389
1799 4402
443 2046
113 2182
2770 4344
4012 4950
1965 3777
15 3066
1885 4580
678 3583
4617 4789
695 1483
464 3933
359 740
2377 3386
481 3437
418 817
1358 4316
2166 2777
3286 4384
1454 2287
2769 3424
2042 4516
676 4665
3121 4660
1403 3741
3017 3568
678 887
3572 3985
689 2483
3278 4406
1827 4961
1316 1726
1526 4197
1025 4261
2220 4340
463 4921
1048 4276
1050 3467
4786 4809
361 1375
1689 3258
108 4031
857 3654
2591 4102
2969 4832
2262 3516
45 4235
2367 2962
3468 3493
993 2210
4856 4874
29 2761
483 1880
1856 2910
2024 2715
4883 4892
310 857
891 4566
2082 4916
3565 4359
704 793
33 2131
47 2364
2702 4248
566 4171
557 2954
2646 2763
1492 3366
832 4798
3141 4089
941 2020
1267 3233
2265 2723
2230 2915
1871 2321
260 4246
1822 2903
1653 1903
115 2112
2118 3537
1048 3112
2935 3715
1775 2863
1660 4591
3046 3168
2002 2337
212 2039
1459 3306
2891 3211
461 478
2588 2936
711 3449
2446 3123
4239 4828
872 3629
1242 1706
1753 4974
1753 3940
1194 1809
807 2962
4019 4832
1410 2437
2673 4385
3536 4455
3700 4208
2284 2665
4243 4909
412 4806
1360 3742
1183 2835
466 1055
1629 2239
3318 3336
3802 4566
634 2654
2923 3437
1271 4512
652 2797
802 3345
3037 3318
498 1086
3037 3646
1241 2575
4514 4613
1638 3436
3008 4375
2329 3541
1396 2884
1166 4508
3613 3734
2734 4328
382 1418
2167 3122
1206 3639
2335 4172
193 1846
2104 2747
3047 3461
1926 4301
1941 4356
3400 3811
189 3920
190 1306
2019 4130
631 3149
2013 2139
3468 3866
3125 4241
899 3394
4528 4577
313 4315
159 4698
975 4625
2819 4621
1024 2695
378 4378
2983 3017
1722 2190
2553 4267
2258 3882
2741 3774
1630 2808
4857 4881
1688 2407
2486 3123
229 2305
1662 3278
2563 3433
383 2206
2199 4116
923 4467
1873 4268
1857 4273
509 661
3245 4009
987 2553
2091 2777
2010 4300
2036 3497
1193 2135
593 613
1908 2423
1772 4912
3506 3750
1126 2450
1681 3607
3544 4013
1329 2787
4540 4965
2848 3509
2845 3191
273 1931
1894 4616
1370 4883
2652 4890
1633 4928
1080 4750
2317 2435
923 2860
2939 4071
970 4308
1162 2152
400 4362
715 847
197 4684
667 2128
3607 4483
1265 3960
2674 4533
4456 4473
646 3989
811 2056
712 3142
1455 2383
1968 3614
2072 4119
3825 4343
720 2179
790 4584
666 2935
83 2210
435 1897
3664 4282
823 4025
1608 1724
862 3541
972 4247
190 1999
1627 3328
442 3222
4778 4925
181 2263
4601 4918
3173 3770
820 1984
509 3138
1066 2750
449 3594
1400 4840
58 2952
3128 4085
392 1941
2148 2190
2081 3938
803 4224
1412 3410
3683 4971
4575 4797
1145 4147
1841 3216
983 2883
3657 3968
2639 2735
1600 3855
3783 4852
1253 4547
4104 4640
3367 4812
1499 4955
27 2466
3774 4623
1333 2605
2155 4102
1542 2409
112 860
2545 3850
207 1058
1700 4539
2302 4024
580 3823
2194 2439
4198 4615
2029 3787
80 2367
2643 4582
3034 3736
981 4036
338 4366
3761 4926
1958 3100
3711 4298
3275 4960
2659 3814
4907 4932
1026 2611
2588 3288
1918 4824
39 1994
352 588
3239 3764
2230 2781
452 2012
2150 4552
1098 4270
2549 2886
4117 4607
4555 4691
536 4606
522 4792
1990 2204
3200 4728
818 4129
253 414
2024 3285
3832 4815
1068 3828
1213 4072
3494 4594
3721 4607
3053 4425
141 3293
622 2704
2826 3560
1101 3460
1741 4411
1755 3564
1520 3424
2697 3402
1380 1568
2556 3519
550 4945
1674 4496
4466 4594
1414 4070
1729 1976
1146 4422
382 463
236 4636
705 3209
2012 3122
1905 3685
1277 3505
518 4871
1718 2155
4028 4479
538 3181
1992 2450
1907 3872
2241 4760
386 3191
352 2755
2399 2979
3057 4850
59 243
2179 3554
1248 4851
1901 4491
4376 4407
3559 4225
722 2589
4173 4706
3539 3684
1624 3392
1443 2983
387 2407
2966 4577
943 2151
765 3835
5 4015
464 1902
1959 2931
3757 4129
4008 4322
1854 3453
826 3516
1778 2429
4835 5000
2387 3614
604 2037
1635 4222
1045 4846
3091 3342
220 3317
723 3144
170 368
107 2554
3399 4074
2929 3294
3685 4339
4237 4926
2788 4407
1348 3185
541 3532
4061 4624
723 2448
1861 3112
1534 3845
1853 2910
55 4533
464 1394
3170 4670
1590 3527
729 3023
430 1650
82 4459
1544 2763
1314 4187
1110 2985
1808 2201
181 3368
668 3785
2680 3777
699 4384
1580 1809
271 3346
2500 2689
4226 4845
1244 1474
2162 3093
2076 2557
1332 2816
2356 3880
2445 3663
69 4182
836 3526
274 2724
194 1710
1981 3894
3683 3944
116 4485
3269 4930
1902 4575
3750 4948
2665 3958
525 3666
2132 3804
973 1655
1062 3095
2487 3959
3719 4883
440 2898
1694 3861
341 4231
2324 3114
1095 1527
3580 4136
1637 3410
3754 4201
1844 2225
2601 4262
1695 3486
187 2118
2376 3086
1030 2850
4664 4854
1621 3867
2588 3589
795 906
1166 1632
3149 4550
440 3104
2924 4696
180 2109
1946 3856
719 3569
33 1110
220 2633
3820 4852
310 3105
2956 4546
1949 2600
1546 4176
3141 3423
3714 4440
1646 3230
2255 2988
3544 3656
2377 2569
4062 4967
2266 4267
2067 2926
308 4894
1918 2064
1042 2445
167 2766
1355 2918
1504 2936
116 2295
1153 1784
355 2803
1979 3047
1590 4303
2107 3652
1216 2326
2934 3156
1376 4268
190 2939
3191 4682
2673 4014
3308 4252
1357 3288
427 3359
277 3599
1398 4354
462 4892
1162 1737
1812 4332
2799 2891
4704 4987
2117 2382
2905 4773
1790 1859
1409 3068
2509 4559
2018 2905
2431 3718
1261 4893
1311 1642
168 2259
854 1412
1512 2121
209 775
30 1603
1080 2478
124 3782
123 1506
2234 4768
3926 4590
2028 3467
2288 3786
109 4140
2942 4039
3342 4650
1037 1528
1289 4302
321 3908
923 1994
1399 2260
6 4557
2270 2483
1040 1093
618 3724
1910 4579
2222 4490
1551 1992
4131 4783
124 2957
533 3213
589 3216
3515 3632
1598 2922
1299 3811
4030 4084
2783 4151
12 325
4437 4806
1794 1916
979 2506
1183 2819
130 3506
3313 4062
671 2523
2399 4692
98 4625
2910 3230
856 3617
2259 4232
1234 3047
1930 4178
931 3112
1672 3396
1422 3716
1471 2931
1609 2287
433 3135
964 3116
286 307
15 742
1552 3691
2850 3252
853 4853
1039 4394
1616 2766
494 1091
1035 3863
3896 4370
372 2386
2014 3098
2237 3007
656 3950
3546 3709
60 1373
2765 3378
4818 4838
281 644
144 3685
2078 3068
1562 4500
3344 4286
4409 4834
3465 4372
1483 1631
4426 4571
247 4592
1909 2251
925 3853
909 2972
1168 2707
2785 3961
2116 2833
2747 3481
1085 4029
2571 4999
903 2266
946 2444
2760 3506
329 3406
3025 4856
2638 3402
2210 2354
857 4980
2005 3528
1801 2398
2600 4040
1564 4507
2235 3383
1965 2399
705 1329
3225 4044
3459 4571
1190 1933
2894 4699
69 2271
1848 2381
310 1171
3569 3746
1270 4454
99 4881
349 4121
1866 2701
955 4041
1376 2445
511 2317
631 4867
1136 2956
257 3009
2044 2231
1235 3642
736 1403
1703 3647
2049 3480
1339 2642
609 3195
938 1023
1455 4012
839 3414
503 2090
1562 1677
850 3959
1037 1058
1113 3667
3734 4469
89 3261
1813 2407
662 1687
4161 4327
2666 3689
1028 2542
1942 1951
3835 4814
3358 4018
99 4574
1896 4290
1523 2763
3553 3784
3828 4590
74 1961
2542 2723
814 2651
1614 3067
1244 3996
1209 2620
655 1821
1991 3840
1214 4667
154 1197
2067 2505
2210 4078
1039 1774
539 1927
4276 4757
200 2595
165 444
46 3118
3035 4207
3702 4961
148 729
2161 3682
1951 2069
213 2890
858 4750
836 3245
4071 4278
2479 4391
1517 2378
768 4606
2408 4616
1284 4365
1061 3268
3494 3939
1772 4871
1002 4102
404 3809
362 3822
3140 3228
3560 4687
257 4550
934 3508
142 2793
3231 4161
1898 2058
1108 4541
1931 4337
860 4728
1340 3278
1800 3130
3841 4751
526 2298
1287 4494
770 2312
1599 3930
2357 4249
480 2548
75 4661
2435 3071
425 3540
661 4722
1695 1742
2931 4351
476 1512
911 4076
1510 2459
3089 4211
2900 4311
3386 4070
67 3848
796 4722
3359 3736
447 2336
2596 2847
1509 4000
4253 4829
2367 2724
1383 1620
541 2438
1594 2988
2217 3927
1922 3863
1878 3454
2122 3621
213 4214
476 2229
3435 3916
4288 4894
3295 3971
122 1548
3038 3811
3524 4318
1859 2583
348 537
858 1211
1948 4279
3173 4634
2839 4246
2361 4821
2443 4071
2153 3877
2453 2474
1215 2699
1305 3050
866 4037
194 847
1227 2131
269 2315
754 2289
1025 2632
1093 3801
2771 3052
2062 3353
983 3002
1218 3073
245 3590
1085 3106
702 3618
1394 1811
1591 2003
1829 3249
3580 4324
478 4765
403 3897
2573 4487
1244 1379
998 3603
1908 3853
771 1390
1751 4082
4404 4911
1047 4276
2209 2599
870 2648
1837 2366
352 1373
1539 4717
1388 4714
199 2054
154 3918
1613 2582
2137 4232
3670 3679
3831 4198
3104 3877
2748 4164
166 4029
219 1478
2785 3533
52 2193
280 1844
1486 2419
1905 4632
1467 2148
174 2329
1941 2710
2513 3648
240 1334
731 4058
3085 4066
456 2315
1558 4529
2298 3867
1756 4634
2567 3733
3744 4725
641 2444
584 4100
803 3430
2798 3317
3146 4774
4038 4663
1715 3709
690 3609
1235 2611
437 3152
1548 2485
2119 2742
1264 4975
532 1564
664 3900
2377 4394
2168 4368
1672 4611
1532 4168
2273 3368
2832 3121
20 4934
11 4830
1126 2411
2324 3370
1003 1224
826 3069
1367 3051
3474 4733
974 4131
1898 3630
1044 1406
26 1207
3690 4729
1885 3598
1486 3279
3911 4782
1482 4213
1293 3479
1375 1924
800 2791
591 1533
2002 3748
762 3350
3405 4343
1943 2843
2283 3676
89 1635
152 3921
807 3348
1118 1533
401 4751
425 580
413 1536
2620 3825
2712 4702
390 2570
2189 4056
1348 2369
1317 3392
2286 4578
2883 3537
2066 2162
1736 3511
3789 4203
1070 1943
2469 3755
79 2223
410 3022
2946 4345
982 2400
952 4446
1119 2366
3746 4960
1610 2928
410 4900
950 2019
2279 4590
996 3649
502 3178
15 2392
879 2192
220 3721
3267 4439
1451 4823
2602 4096
759 3390
1877 3492
864 3628
1259 2477
740 3513
334 3701
3678 3774
1591 4752
3502 3535
971 1812
1571 4522
3851 4799
223 1057
2460 4243
3738 4097
2488 4134
4160 4415
77 2249
3246 3602
2059 4838
2462 4677
3690 4044
822 2670
422 2029
2211 3498
1980 2209
1086 5000
114 1625
3975 4332
1379 1800
2619 2657
1454 2640
658 3279
12 4731
2083 2857
3114 4562
5 4602
3992 4362
3437 3851
3599 4685
2082 3128
2359 2443
1478 4831
1495 2962
882 4420
2238 3515
746 2755
2498 4349
4088 4672
53 1460
3178 4234
738 4900
129 3853
3727 4767
284 3522
131 1013
2381 3451
4104 4142
1912 4885
3930 3957
924 986
1397 4679
1384 2850
106 2376
139 4473
4596 4711
329 4402
1070 3468
62 4678
2375 3217
1610 2920
1953 4005
1314 3434
3837 4349
1114 4906
1973 4567
4615 4915
1864 4524
1336 2849
1432 4060
4176 4705
510 1148
2364 3521
1499 2008
2829 3947
267 2564
2844 4979
1420 1958
1309 4765
3327 4534
1041 3535
414 3674
963 4892
4182 4201
2038 4947
3180 4062
389 1115
356 2108
1162 1631
2015 4995
5 4073
1580 4815
932 2579
894 4202
1973 3952
323 3668
1485 4299
997 4999
121 3590
2008 4040
846 1890
1504 1932
1195 2825
2749 3400
265 1026
527 2108
813 2561
3004 4868
1743 2189
416 4967
1302 4080
30 142
3057 3216
1676 4183
914 2565
2608 3232
898 3969
1489 2898
2255 3261
2711 3576
3705 4190
3787 3986
672 1243
3526 4269
1783 3429
4322 4407
2557 3127
3659 4401
2535 4949
444 4927
495 2935
2554 4824
1822 1836
1828 3322
1761 1890
1343 2474
3633 3761
645 1895
1524 2016
630 4399
3267 4141
2638 3740
2114 2980
3344 3408
2133 4668
1433 4577
365 1816
1369 1716
154 4945
3341 3777
1511 4720
3640 4030
181 3517
668 4919
148 2288
252 1606
402 777
351 1502
130 3009
121 1186
1878 3168
3113 3488
2041 4832
3835 4731
117 465
1228 1605
1869 3342
1662 4147
2964 3739
1478 2288
400 1984
2013 2158
1409 2790
2253 2946
1537 4775
214 2881
38 2876
2550 3116
298 4642
1855 4884
1442 2704
2632 3670
304 4853
3390 4448
2987 3942
2877 3557
3234 4649
1664 2240
612 3131
564 3925
191 3538
3262 4848
3524 4023
3199 3973
3038 4295
350 2214
3346 4978
2922 4108
2166 2510
1126 4774
2335 3279
850 1690
1347 4344
367 1776
3854 4026
1443 4144
589 2260
1093 4642
2727 4287
748 1197
1939 2687
1861 3617
664 1223
1188 2385
2896 3303
1298 1356
1538 1759
3748 4782
1278 4260
2931 3621
798 4687
1842 2452
276 1609
1734 3117
1700 2682
2920 4782
1878 4208
1924 4829
152 576
1069 2600
1107 3067
924 3156
3228 4458
419 3992
3980 4367
4360 4610
1605 4049
2906 3278
1739 2732
2033 3741
647 1037
703 1317
191 4830
836 3200
325 3310
860 4756
280 4255
1189 3571
3082 3404
3565 3703
2545 4995
1085 3942
1054 1884
3466 3505
2048 4638
3724 4741
744 1842
2207 2844
828 3901
2040 2353
589 1376
278 1855
1822 4365
2664 3525
1395 2995
4227 4441
2395 4692
18 906
573 4195
2624 2859
4300 4364
1271 3483
3949 4168
3 4006
2433 4206
419 2664
409 2171
3318 4263
304 3690
149 3924
2689 2893
646 4425
274 4425
572 1259
1796 3677
825 3202
1469 3147
957 4377
180 4684
1015 3505
4062 4836
2847 3740
1548 3706
267 3581
594 2122
3624 4648
3777 4183
3540 4422
337 2831
1894 2992
3989 4322
3928 3988
145 2829
1680 2563
2715 3465
37 4737
1569 3331
502 4065
1464 4116
3 1735
922 1594
3678 3804
3880 4689
1838 2541
1549 3003
2617 4278
1220 3301
3768 4026
409 3267
2346 4642
2118 2432
265 387
3726 4000
4947 4974
543 4494
290 1702
346 2335
1372 3715
688 3103
161 1119
1271 4562
218 3824
283 2620
1182 4773
1776 4332
4119 4143
1970 4461
33 1305
3333 3588
90 3318
778 1151
1884 2381
1987 3007
2396 2400
1149 3018
2086 4253
570 1078
523 3290
148 804
354 2696
138 1614
1177 4885
552 4765
451 2910
708 3359
707 3972
2670 4012
1867 2477
194 4648
1994 3301
2473 3969
828 1636
1638 2506
794 4258
4482 4696
3137 3395
4382 4975
72 4346
3369 3481
17 4511
2752 2814
1024 4095
284 3677
1258 4443
3018 3932
4032 4354
873 1109
2002 4301
503 1640
1831 4694
2071 4541
434 3848
1220 2894
1612 1646
336 1583
752 1219
284 717
2962 3119
2861 4956
2335 4637
866 3756
2 3963
2411 3855
1127 2703
1489 3127
1835 3460
3033 3435
2063 3292
2036 3812
558 3062
1303 2424
2108 4295
277 2152
392 1108
446 3462
514 4299
3705 4015
236 1235
1508 2000
557 831
2800 4185
3584 4778
4159 4917
1422 3645
2686 3132
1753 2728
1494 1890
339 353
259 4741
2176 3768
704 2348
571 658
660 3942
3252 3256
3376 4277
614 3419
377 680
671 2831
219 4809
1800 3957
133 536
1287 2340
3099 3596
3357 4943
575 4764
1985 3253
2182 2724
2413 3572
2121 3208
1947 3488
108 3427
1333 2466
2150 2595
208 4414
1743 3791
410 1384
496 3194
191 4095
2980 3390
370 3246
44 3540
789 1309
3268 4993
3148 4348
237 3228
1258 4602
1428 2214
1390 4152
4147 4638
1096 4004
616 1554
112 4395
1941 2035
1935 1945
2420 3914
425 2774
1711 4981
507 2231
252 1999
2998 4943
268 2957
4112 4787
1128 3857
1101 1273
1159 3250
1046 2151
826 4476
767 4945
64 4598
2761 3559
2896 2995
230 4405
991 2280
490 1641
1087 2534
2880 3537
2846 2988
1854 4571
2079 4286
1269 4450
1878 2347
1154 3377
2529 4426
3369 4751
1240 4431
18 358
2410 4166
119 4421
1267 2280
1558 2934
1779 1987
1652 4891
1373 4804
2669 3322
1401 2417
313 2398
167 2319
2637 2744
1995 3731
112 2860
3711 4224
3708 4530
756 893
1885 3097
1474 2050
1902 3757
2033 2886
1565 3871
1058 2181
1789 3411
1374 3799
1572 4640
795 2529
1651 4637
1655 4226
2536 4183
885 4794
3022 4656
4102 4620
1021 4808
1612 2624
4612 4912
1024 3619
674 3596
1950 4791
987 4094
341 887
325 4529
2823 4430
2734 4874
1791 2266
1666 2077
291 4426
3274 3845
2847 3415
891 3585
1268 1461
803 4705
1034 3754
1248 3001
1365 3828
3921 4763
270 2435
2106 3129
1460 4366
829 4178
1205 3174
3918 4040
344 3452
3810 3914
1921 4991
1790 2349
585 2159
1421 4332
55 3452
1302 2423
508 1364
963 3557
1062 3904
386 2749
394 4947
4465 4501
2856 3971
1237 4478
877 3644
374 4613
302 1193
63 578
2465 4256
365 1472
3203 4209
380 1074
3785 4420
1364 1704
318 4947
867 2804
167 2575
379 3541
1157 1619
523 1212
76 4695
1057 1980
847 4221
290 922
1088 4772
4358 4600
2802 3586
2583 4080
2819 4299
961 2478
81 2352
355 3267
298 3949
3323 3557
346 1358
2175 4141
593 3168
1873 4851
2579 4617
340 3491
966 2066
744 2840
2596 2724
2221 2601
1218 3244
1822 3297
811 4854
1382 2521
464 1909
107 997
3344 4604
748 1800
2534 3806
746 3615
206 4860
598 1480
2718 3081
657 4055
3413 4270
1428 3973
3093 3389
3216 4350
798 1755
376 2420
1787 4340
1236 3871
2373 3632
369 3861
3027 3985
2184 3541
3454 4189
3248 4790
3729 4855
81 1461
584 3100
2146 4489
768 3678
734 4761
971 3168
1888 3438
589 3550
1666 3563
1406 2292
2350 3291
1928 2863
2809 3975
313 3390
3901 4283
2449 4416
1021 4589
2208 4828
533 3350
648 790
309 708
1570 2226
694 3020
164 257
645 4567
3876 4859
508 955
2633 4313
1872 2080
757 4939
329 3957
4113 4978
264 426
319 943
419 2856
425 3306
762 2100
2492 3416
1909 2784
1342 2615
938 3234
2634 4344
4088 4944
477 2471
596 4564
214 1266
2932 2935
224 2003
1465 3609
529 3154
2911 3255
2642 3225
643 4708
1164 2225
226 1012
162 1396
1193 1484
3674 3744
2043 2398
3423 3890
1656 4478
2165 4891
2170 4946
665 3875
1054 2773
267 1620
898 2390
1180 4542
1442 1750
671 1200
428 1691
1587 2174
1788 2909
3041 3050
2990 3054
1339 4734
381 411
262 1291
253 2358
167 2045
784 3893
493 4812
3535 4734
4311 4810
1886 3284
695 4357
837 4054
1922 2085
1784 4068
3655 4629
412 4813
888 1830
3881 4483
1087 1127
1447 3855
2440 4732
3158 3785
506 2335
750 1375
89 987
1266 2720
3413 4336
927 3242
2905 4524
780 1501
165 1272
599 1398
435 1454
1709 2627
1200 4306
3360 4060
2298 4222
4167 4429
944 4719
1158 2596
4018 4545
284 3850
3491 3541
1231 4015
453 2428
1856 4419
1781 2655
672 3087
860 3218
1078 4619
1391 1656
3155 3931
1970 3176
983 4564
845 4701
1674 1913
4071 4074
746 3924
3743 4491
2513 4764
1767 3236
2090 3229
1704 4810
292 906
328 992
1381 3447
2896 3874
2344 4246
475 1210
2745 4926
272 4051
690 3719
90 4192
2330 3553
1383 2846
2927 4767
533 3628
11 2631
260 2783
4626 4685
2702 4774
3101 4638
651 1641
2956 3381
3835 4882
939 3417
897 1131
309 4997
1235 3462
598 4800
646 3922
607 702
3290 3674
774 1744
2245 2606
2094 4389
1092 1328
3112 4329
2589 4375
693 3884
3855 3868
2955 3047
2461 4121
2321 4831
338 3958
2010 3267
2080 3015
238 609
3446 3546
2539 3773
368 2266
999 2689
4549 4980
2851 2985
877 3670
1404 2988
1641 3124
1533 1913
2632 3527
465 2682
228 3198
2001 4707
340 4022
330 4405
1113 4780
128 1525
3919 4817
897 2451
744 1315
548 1515
1489 3795
2656 4366
69 3730
9 3309
1216 1740
1204 3117
2434 3993
742 2412
1449 2872
102 2529
1671 3805
1337 3122
4193 4388
468 2039
1464 2911
1905 4324
1787 4250
1479 2112
765 3008
2296 4599
1534 2573
228 3584
975 3458
189 797
430 1704
276 413
51 3404
2166 3644
117 2008
1177 1619
2001 4305
1013 2142
3643 4670
2889 3851
3019 3955
553 653
2443 3398
2116 3529
1286 3267
2223 4479
1922 2186
1293 4291
2159 4904
3311 4646
607 1810
1915 4224
3342 4990
1921 4046
1831 4091
1468 2446
191 3904
1319 3208
3492 4519
986 2112
2892 3741
2363 3855
4368 4510
2391 2395
2012 2672
1723 3096
579 1059
573 2383
1650 3764
4236 4335
3625 3880
1155 2544
739 3394
3368 4823
2413 4924
3898 4769
639 2892
1550 3885
1231 3166
4417 4533
2397 4578
2587 4856
2844 2951
4036 4903
510 581
4696 4840
1062 1080
3124 3215
849 3217
625 813
3138 4230
2595 2859
700 3095
724 4136
3108 4539
671 4728
1141 3754
4185 4396
1482 2546
271 2941
152 4890
1788 4011
1786 4668
298 1911
851 2545
507 4750
58 4994
3747 4850
1257 3833
460 3766
299 3421
240 1096
691 4689
686 4292
3548 4277
551 1214
672 4963
876 2631
2865 4173
3245 3849
303 4444
264 4343
2251 4240
902 3632
3064 4707
3254 3500
2206 4393
4058 4339
4049 4480
912 4156
495 4046
1450 4300
1408 4447
244 716
754 1496
355 1218
753 770
267 2046
1215 1704
1183 1352
210 1637
121 3381
2169 3053
1373 4102
1429 3555
2388 3457
2112 2353
2028 4089
4511 4534
2195 4076
1037 1929
1712 4720
1863 4498
2086 4873
1341 1889
238 3108
494 4483
1769 2038
1934 4097
2273 2319
733 4914
1640 3560
460 4289
636 4058
1256 3404
2173 4130
364 4294
1115 2103
1144 3898
1015 3353
6 235
1236 4100
1516 1655
1818 3553
1893 2739
476 3453
672 3256
23 1908
426 1566
598 2396
719 976
326 3733
233 1655
4008 4258
114 2968
221 3382
2205 4535
3867 4438
968 2477
3538 3553
210 2724
3461 3860
1198 2685
38 397
883 2639
1886 3095
931 3239
794 1853
2801 4566
2078 2370
850 4179
16 3340
16 3243
2016 4397
2987 3826
1511 1529
2788 4716
3834 4301
46 494
4532 4803
2432 4442
890 1889
936 4372
3367 3865
624 4519
2423 3081
2982 4712
1195 2043
2423 3746
3852 4559
1152 4903
506 2837
3451 3654
41 4998
1423 2304
3487 3936
48 1747
1098 4655
304 2869
1298 3821
821 3270
4136 4838
1609 2674
1023 4952
647 1265
5 3836
3110 3191
1316 3496
143 4395
1235 4838
1503 3064
699 2568
4154 4803
3243 3846
434 2039
172 2471
2481 3912
17 1148
1712 2397
1521 4956
4260 4856
2466 3806
424 4920
1369 4349
502 1944
2856 4023
864 3265
3350 3650
789 926
1526 4119
3627 4897
1310 3431
1388 3980
726 1199
893 3190
46 2127
734 3199
1983 2481
1704 4799
1453 2049
2318 3365
513 4728
538 1545
1172 4041
1037 2525
987 4949
628 4207
2829 4214
1658 3073
483 2440
625 4665
491 2301
538 2138
2752 4295
327 2105
4310 4617
3082 3402
1578 3911
2804 4421
2175 3481
2323 3126
243 751
269 2462
2708 2746
1446 3596
2047 3186
1378 4945
2144 3748
1646 3917
1627 3936
1238 2125
351 2692
1823 3714
744 3456
360 367
1469 3950
4038 4478
3578 4254
2356 3288
3348 3391
1622 2650
3700 3817
3073 4981
1926 3052
4368 4755
965 3168
2444 3115
706 3374
1206 3649
1497 1691
390 4175
206 4361
537 4824
2678 3231
4071 4965
866 1822
2278 4182
1160 3460
3794 4578
341 4645
3174 4539
1960 3670
1079 1193
4272 4589
3718 4215
348 611
2392 4278
757 1569
372 4636
241 3821
2349 4279
3407 4028
1581 3630
3774 4006
1922 4627
3785 4378
1991 2780
1343 3564
84 2999
3638 4067
165 3596
1145 2437
4474 4792
2459 3250
2601 4831
20 2155
18 2656
1556 3797
2548 4180
2327 2629
3081 4506
148 635
1752 3554
1247 3174
2096 4486
2122 3299
411 2035
1666 4260
3390 4694
2473 2785
1082 4826
1448 4294
1547 4279
1844 3744
4227 4592
391 1752
598 1543
769 3043
1561 2027
533 4479
4070 4780
778 4817
2329 3749
3362 3573
2277 3471
54 704
2736 4954
1329 2239
3909 4093
511 4379
191 1148
1769 3954
2316 4229
1344 2219
1662 4337
687 1332
196 4919
379 2731
3712 4872
219 2055
371 4651
2466 3716
4243 4401
1644 4984
1540 4227
1699 4343
143 365
3448 4847
583 4151
2086 3371
2457 4861
1307 3253
403 1907
1238 3239
2996 3335
1345 2265
2839 4866
848 3812
783 1626
3868 4108
79 762
133 3292
826 1880
26 1667
2328 3290
2141 3635
378 4060
3106 3874
4627 4786
3554 4905
3358 3461
360 2537
938 1462
2073 4211
3263 4021
2485 3423
2294 4759
1231 3823
2248 4484
3801 4379
618 3612
1334 4782
2987 4536
4507 4728
1377 2875
1638 3710
87 3364
445 2595
375 3469
2062 3057
1343 2779
2289 4489
1711 3529
597 2301
888 4525
280 3378
2030 3250
1916 4751
2450 4995
3868 4915
2469 3837
12 206
645 2679
196 2805
2702 3048
1523 3887
2723 3492
338 424
362 4305
2866 4785
2279 2993
2510 4592
406 2801
3158 3699
2409 4801
664 2399
2327 4361
1535 2456
56 3797
1374 4066
2997 3168
2731 4740
1100 2895
688 741
1624 4116
1052 1837
42 115
1469 1805
651 1511
223 3671
590 1399
1675 3740
3526 4534
1157 2984
597 4324
4621 4650
2681 3750
1156 3734
2237 4478
1041 3602
1291 3049
2187 4487
1000 4211
653 1925
3009 4828
1300 2072
3201 4742
1724 3547
316 3982
1007 1739
1211 3863
3023 4700
2826 3004
2350 2856
470 904
858 4881
663 823
3518 3924
3199 3999
987 4952
2175 3211
1978 3858
462 3440
4659 4922
731 925
3807 4382
572 3575
433 3721
2226 3825
693 3263
2802 2926
702 3842
4125 4799
95 4343
3284 4281
658 3626
277 3057
2933 4481
2637 4128
2393 4303
778 3525
211 4593
1955 2669
157 1982
864 4799
3424 3856
1668 4718
2362 2553
1702 4119
926 981
794 804
356 3532
282 4953
3364 4790
1766 2904
244 277
2961 3465
2270 3946
3209 4034
1480 2246
7 3394
3300 3418
2480 2832
302 4525
324 2652
4273 4691
1225 2537
534 2117
565 1129
2941 3724
1124 3747
502 3618
30 4793
439 1418
4189 4530
2251 4594
1378 3275
1290 1531
2820 4570
1416 4420
3662 4718
423 4181
3019 4153
4343 4742
2240 3672
1791 3507
1951 4846
413 4996
144 2016
950 2011
2483 3262
905 3110
1030 2934
2045 3850
2965 4519
792 1222
701 2457
217 1957
1279 3552
3623 4381
295 3014
3239 4408
1268 4769
474 1485
260 341
2526 2681
3302 3452
3497 3628
